name,sentence_id,title,first,middle,last,suffix,nickname,gender
,,,,,,,,
Bini Aru,8,none,Bini,none,Aru,none,none,male
Sorcerer,8,none,Sorcerer,none,none,none,none,male
Ozma,9,none,Ozma,none,none,none,none,female
Oz,9,none,Oz,none,none,none,none,male
Glinda the Good,9,none,Glinda the Good,none,none,none,none,female
Glinda,9,none,Glinda,none,none,none,none,female
Bini Aru,9,none,Bini,none,Aru,none,none,male
Ozma,11,none,Ozma,none,none,none,none,female
Sorcerer,13,none,Sorcerer,none,none,none,none,male
Glinda the Good,14,none,Glinda the Good,none,none,none,none,female
Wizard of Oz,14,none,Wizard of Oz,none,none,none,none,male
Pipt,14,none,Pipt,none,none,none,none,male
Mombi,14,none,Mombi,none,none,none,none,female
Bini Aru,15,none,Bini,none,Aru,none,none,male
Bini Aru,17,none,Bini,none,Aru,none,none,male
Bini Aru,20,none,Bini,none,Aru,none,none,male
Bini Aru,21,none,Bini,none,Aru,none,none,male
Bini Aru,24,none,Bini,none,Aru,none,none,male
Ozma,25,none,Ozma,none,none,none,none,female
Ozma,25,none,Ozma,none,none,none,none,female
Bini Aru,25,none,Bini,none,Aru,none,none,male
Pyrzqxgl,25,none,Pyrzqxgl,none,none,none,none,male
Sorcerer,27,none,Sorcerer,none,none,none,none,male
Bini Aru,30,none,Bini,none,Aru,none,none,male
Mopsi Aru,30,none,Mopsi,none,Aru,none,none,female
Kiki Aru,30,none,Kiki,none,Aru,none,none,male
Kiki Aru,32,none,Kiki,none,Aru,none,none,male
Kiki Aru,36,none,Kiki,none,Aru,none,none,male
Bini Aru,37,none,Bini,none,Aru,none,none,male
Mopsi Aru,37,none,Mopsi,none,Aru,none,none,female
Kiki,39,none,Kiki,none,none,none,none,male
Bini Aru,39,none,Bini,none,Aru,none,none,male
Kiki,40,none,Kiki,none,none,none,none,male
Kiki,45,none,Kiki,none,none,none,none,male
Kiki,48,none,Kiki,none,none,none,none,male
Kiki Aru,51,none,Kiki,none,Aru,none,none,male
Pyrzqxgl,51,none,Pyrzqxgl,none,none,none,none,male
Kiki,53,none,Kiki,none,none,none,none,male
Kiki,55,none,Kiki,none,none,none,none,male
Kiki,58,none,Kiki,none,none,none,none,male
Pyrzqxgl,59,none,Pyrzqxgl,none,none,none,none,male
Oz,66,none,Oz,none,none,none,none,male
Glinda,67,none,Glinda,none,none,none,none,female
Oz,67,none,Oz,none,none,none,none,male
Kiki,68,none,Kiki,none,none,none,none,male
Kiki Aru,71,none,Kiki,none,Aru,none,none,male
Gingerbread Man,73,none,Gingerbread,none,Man,none,none,male
John Dough,73,none,John,none,Dough,none,none,male
Kiki,76,none,Kiki,none,none,none,none,male
Kiki,79,none,Kiki,none,none,none,none,male
Kiki Aru,81,none,Kiki,none,Aru,none,none,male
Pyrzqxgl,81,none,Pyrzqxgl,none,none,none,none,male
Kiki Aru,84,none,Kiki,none,Aru,none,none,male
Kiki,86,none,Kiki,none,none,none,none,male
Noland,86,none,Noland,none,none,none,none,male
Bud,89,none,Bud,none,none,none,none,male
Kiki Aru,89,none,Kiki,none,Aru,none,none,male
Zixi,90,none,Zixi,none,none,none,none,female
Hyups,91,none,Hyups,none,none,none,none,male
Ev,92,none,Ev,none,none,none,none,male
Kiki,95,none,Kiki,none,none,none,none,male
Kiki,97,none,Kiki,none,none,none,none,male
Kiki Aru,100,none,Kiki,none,Aru,none,none,male
Kiki,103,none,Kiki,none,none,none,none,male
Kiki Aru,109,none,Kiki,none,Aru,none,none,male
Kiki,111,none,Kiki,none,none,none,none,male
Kiki,117,none,Kiki,none,none,none,none,male
Kiki,122,none,Kiki,none,none,none,none,male
Kiki,124,none,Kiki,none,none,none,none,male
Ruggedo,125,none,Ruggedo,none,none,none,none,male
Hyup,127,none,Hyup,none,none,none,none,male
Kiki Aru,135,none,Kiki,none,Aru,none,none,male
Nome King,137,none,Nome,none,King,none,none,male
Kiki,140,none,Kiki,none,none,none,none,male
Ruggedo,145,none,Ruggedo,none,none,none,none,male
Kiki,148,none,Kiki,none,none,none,none,male
Nome,149,none,Nome,none,none,none,none,male
Kiki,156,none,Kiki,none,none,none,none,male
Ruggedo,157,none,Ruggedo,none,none,none,none,male
Kiki,158,none,Kiki,none,none,none,none,male
Nome,159,none,Nome,none,none,none,none,male
Kiki,160,none,Kiki,none,none,none,none,male
Kiki,161,none,Kiki,none,none,none,none,male
Ruggedo,162,none,Ruggedo,none,none,none,none,male
Nome,164,none,Nome,none,none,none,none,male
Hyup,166,none,Hyup,none,none,none,none,male
Nome,168,none,Nome,none,none,none,none,male
Kiki,172,none,Kiki,none,none,none,none,male
Kiki,174,none,Kiki,none,none,none,none,male
Nome King,176,none,Nome,none,King,none,none,male
Shaggy Man,176,none,Shaggy,none,Man,none,none,male
Scarecrow,176,none,Scarecrow,none,none,none,none,male
Tin Woodman,176,none,Tin,none,Woodman,none,none,male
Dorothy,176,none,Dorothy,none,none,none,none,female
Ozma,176,none,Ozma,none,none,none,none,female
Nome,179,none,Nome,none,none,none,none,male
Kiki Aru,182,none,Kiki,none,Aru,none,none,male
Kiki,186,none,Kiki,none,none,none,none,male
Nome,187,none,Nome,none,none,none,none,male
Kiki,188,none,Kiki,none,none,none,none,male
Kiki,190,none,Kiki,none,none,none,none,male
Nome,191,none,Nome,none,none,none,none,male
Kiki,192,none,Kiki,none,none,none,none,male
Nome,194,none,Nome,none,none,none,none,male
Kiki,195,none,Kiki,none,none,none,none,male
Nome,197,none,Nome,none,none,none,none,male
Oz,199,none,Oz,none,none,none,none,male
Kiki,200,none,Kiki,none,none,none,none,male
Nome,201,none,Nome,none,none,none,none,male
Nome,203,none,Nome,none,none,none,none,male
Ruggedo,204,none,Ruggedo,none,none,none,none,male
Ruggedo,207,none,Ruggedo,none,none,none,none,male
Kiki Aru,208,none,Kiki,none,Aru,none,none,male
Nome,209,none,Nome,none,none,none,none,male
Oz,210,none,Oz,none,none,none,none,male
Oz,213,none,Oz,none,none,none,none,male
Oz,214,none,Oz,none,none,none,none,male
Glinda,214,none,Glinda,none,none,none,none,female
Wizard,214,none,Wizard,none,none,none,none,male
Oz,214,none,Oz,none,none,none,none,male
Kiki,215,none,Kiki,none,none,none,none,male
Ruggedo,216,none,Ruggedo,none,none,none,none,male
Nome,216,none,Nome,none,none,none,none,male
Kiki Aru,216,none,Kiki,none,Aru,none,none,male
Hyup,216,none,Hyup,none,none,none,none,male
Ruggedo,217,none,Ruggedo,none,none,none,none,male
Kiki,219,none,Kiki,none,none,none,none,male
Nome,222,none,Nome,none,none,none,none,male
Kiki,223,none,Kiki,none,none,none,none,male
Ruggedo,224,none,Ruggedo,none,none,none,none,male
Kiki,226,none,Kiki,none,none,none,none,male
Kiki,229,none,Kiki,none,none,none,none,male
Hyup,229,none,Hyup,none,none,none,none,male
Ruggedo,229,none,Ruggedo,none,none,none,none,male
Nome,229,none,Nome,none,none,none,none,male
Ruggedo,231,none,Ruggedo,none,none,none,none,male
Nome,231,none,Nome,none,none,none,none,male
Oz,231,none,Oz,none,none,none,none,male
Oz,232,none,Oz,none,none,none,none,male
Kiki,232,none,Kiki,none,none,none,none,male
Ruggedo,234,none,Ruggedo,none,none,none,none,male
Ozma,235,none,Ozma,none,none,none,none,female
Ozma,235,none,Ozma,none,none,none,none,female
Oz,235,none,Oz,none,none,none,none,male
Magic,235,none,Magic,none,none,none,none,female
Glinda the Good,236,none,Glinda the Good,none,none,none,none,female
Kiki,237,none,Kiki,none,none,none,none,male
Glinda,237,none,Glinda,none,none,none,none,female
Nome,238,none,Nome,none,none,none,none,male
Glinda,241,none,Glinda,none,none,none,none,female
Ruggedo,243,none,Ruggedo,none,none,none,none,male
Kiki,249,none,Kiki,none,none,none,none,male
Ruggedo,253,none,Ruggedo,none,none,none,none,male
Glinda,257,none,Glinda,none,none,none,none,female
Kiki,258,none,Kiki,none,none,none,none,male
Glinda,262,none,Glinda,none,none,none,none,female
Ozma,262,none,Ozma,none,none,none,none,female
Wizard,262,none,Wizard,none,none,none,none,male
Dorothy,262,none,Dorothy,none,none,none,none,female
Kiki,263,none,Kiki,none,none,none,none,male
Ruggedo,264,none,Ruggedo,none,none,none,none,male
Oz,270,none,Oz,none,none,none,none,male
Kiki Aru,275,none,Kiki,none,Aru,none,none,male
Oz,275,none,Oz,none,none,none,none,male
Nome,275,none,Nome,none,none,none,none,male
Ruggedo,276,none,Ruggedo,none,none,none,none,male
Ruggedo,277,none,Ruggedo,none,none,none,none,male
Oz,277,none,Oz,none,none,none,none,male
Nome,277,none,Nome,none,none,none,none,male
Ruggedo,278,none,Ruggedo,none,none,none,none,male
Kiki Aru,278,none,Kiki,none,Aru,none,none,male
Ruggedo,281,none,Ruggedo,none,none,none,none,male
Kiki,281,none,Kiki,none,none,none,none,male
Kiki,281,none,Kiki,none,none,none,none,male
Ruggedo,281,none,Ruggedo,none,none,none,none,male
Nome King,284,none,Nome,none,King,none,none,male
Kiki,286,none,Kiki,none,none,none,none,male
Ruggedo,287,none,Ruggedo,none,none,none,none,male
Ruggedo,288,none,Ruggedo,none,none,none,none,male
Kiki,289,none,Kiki,none,none,none,none,male
Ruggedo,290,none,Ruggedo,none,none,none,none,male
Kiki,291,none,Kiki,none,none,none,none,male
Nome,292,none,Nome,none,none,none,none,male
Nomes,292,none,Nomes,none,none,none,none,male
Kiki,294,none,Kiki,none,none,none,none,male
Dorothy,295,none,Dorothy,none,none,none,none,female
Ozma,295,none,Ozma,none,none,none,none,female
Ruggedo,297,none,Ruggedo,none,none,none,none,male
Nome,298,none,Nome,none,none,none,none,male
Nome,299,none,Nome,none,none,none,none,male
Oz,303,none,Oz,none,none,none,none,male
Ruler,304,none,Ruler,none,none,none,none,female
Ozma,304,none,Ozma,none,none,none,none,female
Oz,304,none,Oz,none,none,none,none,male
Oz,305,none,Oz,none,none,none,none,male
Nome,306,none,Nome,none,none,none,none,male
Ruggedo,306,none,Ruggedo,none,none,none,none,male
Kiki Aru,306,none,Kiki,none,Aru,none,none,male
Hyup,306,none,Hyup,none,none,none,none,male
Ozma,313,none,Ozma,none,none,none,none,female
Ozma,315,none,Ozma,none,none,none,none,female
Dorothy,318,none,Dorothy,none,none,none,none,female
Ozma,318,none,Ozma,none,none,none,none,female
Dorothy,319,none,Dorothy,none,none,none,none,female
Oz,319,none,Oz,none,none,none,none,male
Dorothy,319,none,Dorothy,none,none,none,none,female
Ozma,319,none,Ozma,none,none,none,none,female
Dorothy,320,none,Dorothy,none,none,none,none,female
Trot,320,none,Trot,none,none,none,none,female
Ozma,320,none,Ozma,none,none,none,none,female
Dorothy,321,none,Dorothy,none,none,none,none,female
Trot,321,none,Trot,none,none,none,none,female
Cap'n Bill,322,none,Cap'n,none,Bill,none,none,male
Trot,322,none,Trot,none,none,none,none,female
Dorothy,323,none,Dorothy,none,none,none,none,female
Cap'n Bill,323,none,Cap'n,none,Bill,none,none,male
Ozma,323,none,Ozma,none,none,none,none,female
Trot,325,none,Trot,none,none,none,none,female
Ozma,326,none,Ozma,none,none,none,none,female
Dorothy,328,none,Dorothy,none,none,none,none,female
Ozma,329,none,Ozma,none,none,none,none,female
Trot,331,none,Trot,none,none,none,none,female
Dorothy,333,none,Dorothy,none,none,none,none,female
Cap'n,334,none,Cap'n,none,none,none,none,female
Bill,335,none,Bill,none,none,none,none,male
Cap'n Bill,336,none,Cap'n,none,Bill,none,none,male
Dorothy,339,none,Dorothy,none,none,none,none,female
Dorothy,343,none,Dorothy,none,none,none,none,female
Ozma,344,none,Ozma,none,none,none,none,female
Trot,345,none,Trot,none,none,none,none,female
Cap'n Bill,345,none,Cap'n,none,Bill,none,none,male
Dorothy,348,none,Dorothy,none,none,none,none,female
Glass Cat,349,none,Glass,none,Cat,none,none,female
Cap'n,350,none,Cap'n,none,none,none,none,female
Bill,351,none,Bill,none,none,none,none,male
Glass Cat,352,none,Glass,none,Cat,none,none,female
Pipt,354,none,Pipt,none,none,none,none,male
Ozma,354,none,Ozma,none,none,none,none,female
Pipt,355,none,Pipt,none,none,none,none,male
Cat,355,none,Cat,none,none,none,none,male
Cap'n Bill,361,none,Cap'n,none,Bill,none,none,male
Glass Cat,374,none,Glass,none,Cat,none,none,female
Dorothy,375,none,Dorothy,none,none,none,none,female
Ozma,375,none,Ozma,none,none,none,none,female
Ozma,376,none,Ozma,none,none,none,none,female
Trot,379,none,Trot,none,none,none,none,female
Trot,381,none,Trot,none,none,none,none,female
Trot,383,none,Trot,none,none,none,none,female
Dorothy,383,none,Dorothy,none,none,none,none,female
Glass Cat,383,none,Glass,none,Cat,none,none,female
Cap'n,383,none,Cap'n,none,none,none,none,female
Bill,384,none,Bill,none,none,none,none,male
Flower,386,none,Flower,none,none,none,none,female
Ozma,386,none,Ozma,none,none,none,none,female
Dorothy,390,none,Dorothy,none,none,none,none,female
Trot,394,none,Trot,none,none,none,none,female
Dorothy,400,none,Dorothy,none,none,none,none,female
Magic,401,none,Magic,none,none,none,none,female
Ozma,401,none,Ozma,none,none,none,none,female
Dorothy,402,none,Dorothy,none,none,none,none,female
Bill,403,none,Bill,none,none,none,none,male
Ozma,403,none,Ozma,none,none,none,none,female
Cap'n,406,none,Cap'n,none,none,none,none,female
Glass Cat,406,none,Glass,none,Cat,none,none,female
Trot,407,none,Trot,none,none,none,none,female
Cap'n Bill,411,none,Cap'n,none,Bill,none,none,male
Trot,411,none,Trot,none,none,none,none,female
Glass Cat,411,none,Glass,none,Cat,none,none,female
Magic Flower,411,none,Magic,none,Flower,none,none,female
Dorothy,411,none,Dorothy,none,none,none,none,female
Ozma,411,none,Ozma,none,none,none,none,female
Ozma,412,none,Ozma,none,none,none,none,female
Scraps,413,none,Scraps,none,none,none,none,female
Ozma,414,none,Ozma,none,none,none,none,female
Ozma,414,none,Ozma,none,none,none,none,female
Ozma,414,none,Ozma,none,none,none,none,female
Dorothy,415,none,Dorothy,none,none,none,none,female
Dorothy,416,none,Dorothy,none,none,none,none,female
Ozma,419,none,Ozma,none,none,none,none,female
Dorothy,420,none,Dorothy,none,none,none,none,female
Dorothy,423,none,Dorothy,none,none,none,none,female
Tin Woodman,423,none,Tin,none,Woodman,none,none,male
Ozma,424,none,Ozma,none,none,none,none,female
Tin Woodman,425,none,Tin,none,Woodman,none,none,male
Dorothy,430,none,Dorothy,none,none,none,none,female
Dorothy,432,none,Dorothy,none,none,none,none,female
Scarecrow of Oz,434,none,Scarecrow of Oz,none,none,none,none,male
Ozma,435,none,Ozma,none,none,none,none,female
Dorothy,435,none,Dorothy,none,none,none,none,female
Scarecrow,436,none,Scarecrow,none,none,none,none,male
Dorothy,437,none,Dorothy,none,none,none,none,female
Ozma,439,none,Ozma,none,none,none,none,female
Ozma,440,none,Ozma,none,none,none,none,female
Scarecrow,441,none,Scarecrow,none,none,none,none,male
Ozma,441,none,Ozma,none,none,none,none,female
Scarecrow,442,none,Scarecrow,none,none,none,none,male
Dorothy,443,none,Dorothy,none,none,none,none,female
Dorothy,445,none,Dorothy,none,none,none,none,female
Pink Kitten,446,none,Pink,none,Kitten,none,none,female
Dorothy,446,none,Dorothy,none,none,none,none,female
Ozma,447,none,Ozma,none,none,none,none,female
Pink Kitten,448,none,Pink,none,Kitten,none,none,female
Dorothy,449,none,Dorothy,none,none,none,none,female
Toto,450,none,Toto,none,none,none,none,male
Ozma,450,none,Ozma,none,none,none,none,female
Ozma,453,none,Ozma,none,none,none,none,female
Toto,454,none,Toto,none,none,none,none,male
Dorothy,456,none,Dorothy,none,none,none,none,female
Toto,456,none,Toto,none,none,none,none,male
Ozma,456,none,Ozma,none,none,none,none,female
Toto,457,none,Toto,none,none,none,none,male
Dorothy,461,none,Dorothy,none,none,none,none,female
Ozma,462,none,Ozma,none,none,none,none,female
Dorothy,463,none,Dorothy,none,none,none,none,female
Glinda the Good,463,none,Glinda the Good,none,none,none,none,female
Ozma,463,none,Ozma,none,none,none,none,female
Glinda,464,none,Glinda,none,none,none,none,female
Ozma,465,none,Ozma,none,none,none,none,female
Glinda,465,none,Glinda,none,none,none,none,female
Dorothy,465,none,Dorothy,none,none,none,none,female
Sawhorse,466,none,Sawhorse,none,none,none,none,male
Ozma,470,none,Ozma,none,none,none,none,female
Sawhorse,471,none,Sawhorse,none,none,none,none,male
Sawhorse,472,none,Sawhorse,none,none,none,none,male
Dorothy,473,none,Dorothy,none,none,none,none,female
Sawhorse,473,none,Sawhorse,none,none,none,none,male
Glinda,474,none,Glinda,none,none,none,none,female
Dorothy,474,none,Dorothy,none,none,none,none,female
Sorceress,474,none,Sorceress,none,none,none,none,female
Ozma,474,none,Ozma,none,none,none,none,female
Sorceress,475,none,Sorceress,none,none,none,none,female
Glinda,477,none,Glinda,none,none,none,none,female
Glinda,478,none,Glinda,none,none,none,none,female
Dorothy,479,none,Dorothy,none,none,none,none,female
Sorceress,479,none,Sorceress,none,none,none,none,female
Glinda,480,none,Glinda,none,none,none,none,female
Sorceress,481,none,Sorceress,none,none,none,none,female
Ozma,483,none,Ozma,none,none,none,none,female
Ozma,484,none,Ozma,none,none,none,none,female
Dorothy,485,none,Dorothy,none,none,none,none,female
Glinda,488,none,Glinda,none,none,none,none,female
Ozma,488,none,Ozma,none,none,none,none,female
Sorceress,489,none,Sorceress,none,none,none,none,female
Ozma,490,none,Ozma,none,none,none,none,female
Ozma,491,none,Ozma,none,none,none,none,female
Dorothy,492,none,Dorothy,none,none,none,none,female
Sorceress,493,none,Sorceress,none,none,none,none,female
Glinda,495,none,Glinda,none,none,none,none,female
Ozma,495,none,Ozma,none,none,none,none,female
Dorothy,496,none,Dorothy,none,none,none,none,female
Sorceress,497,none,Sorceress,none,none,none,none,female
Dorothy,499,none,Dorothy,none,none,none,none,female
Ozma,500,none,Ozma,none,none,none,none,female
Sorceress,500,none,Sorceress,none,none,none,none,female
Ozma,501,none,Ozma,none,none,none,none,female
Dorothy,502,none,Dorothy,none,none,none,none,female
Sawhorse,502,none,Sawhorse,none,none,none,none,male
Ozma,504,none,Ozma,none,none,none,none,female
Wizard,505,none,Wizard,none,none,none,none,male
Dorothy,505,none,Dorothy,none,none,none,none,female
Oz,506,none,Oz,none,none,none,none,male
Dorothy,507,none,Dorothy,none,none,none,none,female
Ozma,507,none,Ozma,none,none,none,none,female
Ozma,508,none,Ozma,none,none,none,none,female
Dorothy,509,none,Dorothy,none,none,none,none,female
Wizard,510,none,Wizard,none,none,none,none,male
Wizard,512,none,Wizard,none,none,none,none,male
Dorothy,513,none,Dorothy,none,none,none,none,female
Mercy,515,none,Mercy,none,none,none,none,female
Wizard,515,none,Wizard,none,none,none,none,male
Dorothy,516,none,Dorothy,none,none,none,none,female
Wizard,517,none,Wizard,none,none,none,none,male
Dorothy,519,none,Dorothy,none,none,none,none,female
Wizard,521,none,Wizard,none,none,none,none,male
Ozma,523,none,Ozma,none,none,none,none,female
Wizard,524,none,Wizard,none,none,none,none,male
Dorothy,524,none,Dorothy,none,none,none,none,female
Ozma,528,none,Ozma,none,none,none,none,female
Ozma,529,none,Ozma,none,none,none,none,female
Dorothy,530,none,Dorothy,none,none,none,none,female
Wizard,531,none,Wizard,none,none,none,none,male
Dorothy,533,none,Dorothy,none,none,none,none,female
Ozma,534,none,Ozma,none,none,none,none,female
Wizard,535,none,Wizard,none,none,none,none,male
Dorothy,541,none,Dorothy,none,none,none,none,female
Ozma,543,none,Ozma,none,none,none,none,female
Wizard,544,none,Wizard,none,none,none,none,male
Ozma,546,none,Ozma,none,none,none,none,female
Oz,552,none,Oz,none,none,none,none,male
Bru the Bear,556,none,Bru the Bear,none,none,none,none,male
Loo the Unicorn,556,none,Loo the Unicorn,none,none,none,none,male
Rango,556,none,Rango,none,none,none,none,male
Oz,558,none,Oz,none,none,none,none,male
Dorothy,561,none,Dorothy,none,none,none,none,female
Button,561,none,Button,none,none,none,none,male
Button-Bright,561,none,Button-Bright,none,none,none,none,male
Trot,561,none,Trot,none,none,none,none,female
Cap'n Bill,561,none,Cap'n,none,Bill,none,none,male
Wizard,561,none,Wizard,none,none,none,none,male
Ozma,562,none,Ozma,none,none,none,none,female
Ruggedo,566,none,Ruggedo,none,none,none,none,male
Kiki Aru,567,none,Kiki,none,Aru,none,none,male
Nome,568,none,Nome,none,none,none,none,male
Kiki,571,none,Kiki,none,none,none,none,male
Kiki,577,none,Kiki,none,none,none,none,male
Nome,578,none,Nome,none,none,none,none,male
Ruggedo,578,none,Ruggedo,none,none,none,none,male
Kiki,579,none,Kiki,none,none,none,none,male
Kiki,581,none,Kiki,none,none,none,none,male
Nome,582,none,Nome,none,none,none,none,male
Kiki,584,none,Kiki,none,none,none,none,male
Ruggedo,585,none,Ruggedo,none,none,none,none,male
Kiki,586,none,Kiki,none,none,none,none,male
Nome,588,none,Nome,none,none,none,none,male
Kiki,590,none,Kiki,none,none,none,none,male
Ruggedo,592,none,Ruggedo,none,none,none,none,male
Kiki,594,none,Kiki,none,none,none,none,male
Kiki,596,none,Kiki,none,none,none,none,male
Ruggedo,596,none,Ruggedo,none,none,none,none,male
Ruggedo,596,none,Ruggedo,none,none,none,none,male
Nome,596,none,Nome,none,none,none,none,male
Pyrzqxgl,596,none,Pyrzqxgl,none,none,none,none,male
Ruggedo,598,none,Ruggedo,none,none,none,none,male
Nome,599,none,Nome,none,none,none,none,male
Kiki,600,none,Kiki,none,none,none,none,male
Arx,603,none,Arx,none,none,none,none,male
Arx,604,none,Arx,none,none,none,none,male
Tirrip,604,none,Tirrip,none,none,none,none,female
Tirrip,605,none,Tirrip,none,none,none,none,female
Wild Boar,605,none,Wild,none,Boar,none,none,female
Chipo,605,none,Chipo,none,none,none,none,male
Gugu,607,none,Gugu,none,none,none,none,male
Bru,611,none,Bru,none,none,none,none,male
Bear,611,none,Bear,none,none,none,none,male
Rango,611,none,Rango,none,none,none,none,male
Gray Ape,611,none,Gray,none,Ape,none,none,female
Loo,611,none,Loo,none,none,none,none,male
Unicorn,611,none,Unicorn,none,none,none,none,male
Gray Ape,614,none,Gray,none,Ape,none,none,female
Ruggedo,616,none,Ruggedo,none,none,none,none,male
Loo,619,none,Loo,none,none,none,none,male
Unicorn,619,none,Unicorn,none,none,none,none,male
Ruggedo,620,none,Ruggedo,none,none,none,none,male
Gugu,626,none,Gugu,none,none,none,none,male
Loo,626,none,Loo,none,none,none,none,male
Gugu,636,none,Gugu,none,none,none,none,male
Ruggedo,636,none,Ruggedo,none,none,none,none,male
Bru,637,none,Bru,none,none,none,none,male
Bear,637,none,Bear,none,none,none,none,male
Bear,638,none,Bear,none,none,none,none,male
Nome,639,none,Nome,none,none,none,none,male
Kiki,640,none,Kiki,none,none,none,none,male
Rango,644,none,Rango,none,none,none,none,male
Gray Ape,645,none,Gray,none,Ape,none,none,female
Unicorn,648,none,Unicorn,none,none,none,none,male
Gugu,652,none,Gugu,none,none,none,none,male
Ruggedo,652,none,Ruggedo,none,none,none,none,male
Nome,654,none,Nome,none,none,none,none,male
Bru the Bear,660,none,Bru the Bear,none,none,none,none,male
Gray Ape,662,none,Gray,none,Ape,none,none,female
Nome,663,none,Nome,none,none,none,none,male
Ruggedo,669,none,Ruggedo,none,none,none,none,male
Unicorn,671,none,Unicorn,none,none,none,none,male
Nome,674,none,Nome,none,none,none,none,male
Kiki Aru,676,none,Kiki,none,Aru,none,none,male
Ruggedo,677,none,Ruggedo,none,none,none,none,male
Unicorn,678,none,Unicorn,none,none,none,none,male
Bear,678,none,Bear,none,none,none,none,male
Unicorn,678,none,Unicorn,none,none,none,none,male
Ruggedo,683,none,Ruggedo,none,none,none,none,male
Nome,685,none,Nome,none,none,none,none,male
Gugu,688,none,Gugu,none,none,none,none,male
Loo,690,none,Loo,none,none,none,none,male
Unicorn,690,none,Unicorn,none,none,none,none,male
Unicorn,691,none,Unicorn,none,none,none,none,male
Gray Ape,692,none,Gray,none,Ape,none,none,female
Nome,698,none,Nome,none,none,none,none,male
Rango,702,none,Rango,none,none,none,none,male
Rango,705,none,Rango,none,none,none,none,male
Gray Ape,705,none,Gray,none,Ape,none,none,female
Bear,706,none,Bear,none,none,none,none,male
Gugu,707,none,Gugu,none,none,none,none,male
King,707,King,none,none,none,none,none,male
Ruggedo,708,none,Ruggedo,none,none,none,none,male
Loo,711,none,Loo,none,none,none,none,male
Kiki,712,none,Kiki,none,none,none,none,male
Unicorn,712,none,Unicorn,none,none,none,none,male
Ruggedo,713,none,Ruggedo,none,none,none,none,male
Nome,713,none,Nome,none,none,none,none,male
Kiki Aru,714,none,Kiki,none,Aru,none,none,male
Ozma,715,none,Ozma,none,none,none,none,female
Dorothy,715,none,Dorothy,none,none,none,none,female
Kiki,716,none,Kiki,none,none,none,none,male
Ruggedo,717,none,Ruggedo,none,none,none,none,male
Leopard,718,none,Leopard,none,none,none,none,male
Nome,719,none,Nome,none,none,none,none,male
Gugu,719,none,Gugu,none,none,none,none,male
Leopard,719,none,Leopard,none,none,none,none,male
Kiki,720,none,Kiki,none,none,none,none,male
Nome,720,none,Nome,none,none,none,none,male
Glass Cat,721,none,Glass,none,Cat,none,none,female
Trot,721,none,Trot,none,none,none,none,female
Cap'n Bill,721,none,Cap'n,none,Bill,none,none,male
Bill,724,none,Bill,none,none,none,none,male
Cap'n Bill,729,none,Cap'n,none,Bill,none,none,male
Glass Cat,731,none,Glass,none,Cat,none,none,female
Trot,736,none,Trot,none,none,none,none,female
Trot,740,none,Trot,none,none,none,none,female
Cap'n Bill,742,none,Cap'n,none,Bill,none,none,male
Cap'n,744,none,Cap'n,none,none,none,none,female
Bill,745,none,Bill,none,none,none,none,male
Bill,748,none,Bill,none,none,none,none,male
Trot,753,none,Trot,none,none,none,none,female
Glass Cat,754,none,Glass,none,Cat,none,none,female
Glass Cat,757,none,Glass,none,Cat,none,none,female
Cap'n Bill,759,none,Cap'n,none,Bill,none,none,male
Trot,760,none,Trot,none,none,none,none,female
Cap'n Bill,760,none,Cap'n,none,Bill,none,none,male
Cap'n Bill,768,none,Cap'n,none,Bill,none,none,male
Trot,773,none,Trot,none,none,none,none,female
Magic Flower,773,none,Magic,none,Flower,none,none,female
Glass Cat,774,none,Glass,none,Cat,none,none,female
Kalidahs,775,none,Kalidahs,none,none,none,none,female
Trot,779,none,Trot,none,none,none,none,female
Cap'n Bill,783,none,Cap'n,none,Bill,none,none,male
Bill,785,none,Bill,none,none,none,none,male
Kalidah,789,none,Kalidah,none,none,none,none,female
Cap'n Bill,790,none,Cap'n,none,Bill,none,none,male
Wade,790,none,Wade,none,none,none,none,male
Bill,794,none,Bill,none,none,none,none,male
Kalidah,795,none,Kalidah,none,none,none,none,female
Bill,798,none,Bill,none,none,none,none,male
Kalidah,798,none,Kalidah,none,none,none,none,female
Oz,798,none,Oz,none,none,none,none,male
Trot,798,none,Trot,none,none,none,none,female
Cap'n Bill,801,none,Cap'n,none,Bill,none,none,male
Trot,801,none,Trot,none,none,none,none,female
Kalidah,802,none,Kalidah,none,none,none,none,female
Kalidahs,803,none,Kalidahs,none,none,none,none,female
Cap'n Bill,804,none,Cap'n,none,Bill,none,none,male
Kalidah,806,none,Kalidah,none,none,none,none,female
Cap'n Bill,808,none,Cap'n,none,Bill,none,none,male
Kalidah,813,none,Kalidah,none,none,none,none,female
Ozma,818,none,Ozma,none,none,none,none,female
Kalidah,819,none,Kalidah,none,none,none,none,female
Kalidahs,821,none,Kalidahs,none,none,none,none,female
Trot,822,none,Trot,none,none,none,none,female
Cap'n Bill,824,none,Cap'n,none,Bill,none,none,male
Kalidah,825,none,Kalidah,none,none,none,none,female
Glass Cat,827,none,Glass,none,Cat,none,none,female
Magic Flower,827,none,Magic,none,Flower,none,none,female
Kalidahs,830,none,Kalidahs,none,none,none,none,female
Trot,831,none,Trot,none,none,none,none,female
Glass Cat,832,none,Glass,none,Cat,none,none,female
Cap'n Bill,834,none,Cap'n,none,Bill,none,none,male
Cap'n Bill,839,none,Cap'n,none,Bill,none,none,male
Trot,839,none,Trot,none,none,none,none,female
Trot,845,none,Trot,none,none,none,none,female
Cap'n Bill,845,none,Cap'n,none,Bill,none,none,male
Magic Flower,845,none,Magic,none,Flower,none,none,female
Cap'n Bill,846,none,Cap'n,none,Bill,none,none,male
Flower,848,none,Flower,none,none,none,none,female
Cap'n,849,none,Cap'n,none,none,none,none,female
Bill,850,none,Bill,none,none,none,none,male
Ozma,851,none,Ozma,none,none,none,none,female
Glass Cat,851,none,Glass,none,Cat,none,none,female
Trot,854,none,Trot,none,none,none,none,female
Trot,858,none,Trot,none,none,none,none,female
Cap'n,860,none,Cap'n,none,none,none,none,female
Bill,861,none,Bill,none,none,none,none,male
Cap'n Bill,865,none,Cap'n,none,Bill,none,none,male
Cap'n,869,none,Cap'n,none,none,none,none,female
Cap'n Bill,873,none,Cap'n,none,Bill,none,none,male
Trot,873,none,Trot,none,none,none,none,female
Kalidah,876,none,Kalidah,none,none,none,none,female
Cap'n,878,none,Cap'n,none,none,none,none,female
Bill,879,none,Bill,none,none,none,none,male
Cap'n Bill,879,none,Cap'n,none,Bill,none,none,male
Trot,879,none,Trot,none,none,none,none,female
Kalidah,881,none,Kalidah,none,none,none,none,female
Kalidah,882,none,Kalidah,none,none,none,none,female
Kalidah King,888,none,Kalidah,none,King,none,none,male
Trot,890,none,Trot,none,none,none,none,female
Cap'n Bill,890,none,Cap'n,none,Bill,none,none,male
Kalidahs,890,none,Kalidahs,none,none,none,none,female
Kalidah,891,none,Kalidah,none,none,none,none,female
Cap'n Bill,891,none,Cap'n,none,Bill,none,none,male
Cap'n,895,none,Cap'n,none,none,none,none,female
Trot,896,none,Trot,none,none,none,none,female
Glinda,898,none,Glinda,none,none,none,none,female
Wizard,901,none,Wizard,none,none,none,none,male
Trot,903,none,Trot,none,none,none,none,female
Cap'n Bill,905,none,Cap'n,none,Bill,none,none,male
Wizard,906,none,Wizard,none,none,none,none,male
Wizard,908,none,Wizard,none,none,none,none,male
Trot,909,none,Trot,none,none,none,none,female
Wizard,912,none,Wizard,none,none,none,none,male
Cap'n,916,none,Cap'n,none,none,none,none,female
Glass Cat,918,none,Glass,none,Cat,none,none,female
Wizard,918,none,Wizard,none,none,none,none,male
Rango,920,none,Rango,none,none,none,none,male
Gray Ape,920,none,Gray,none,Ape,none,none,female
Leopard Gugu,921,none,Leopard,none,Gugu,none,none,male
Bru the Bear,922,none,Bru the Bear,none,none,none,none,male
Loo the Unicorn,922,none,Loo the Unicorn,none,none,none,none,male
Rango,922,none,Rango,none,none,none,none,male
Gray Ape,922,none,Gray,none,Ape,none,none,female
King,922,King,none,none,none,none,none,male
Kiki Aru,922,none,Kiki,none,Aru,none,none,male
Hyup,922,none,Hyup,none,none,none,none,male
Gugu,927,none,Gugu,none,none,none,none,male
Gugu,928,none,Gugu,none,none,none,none,male
Leopard,929,none,Leopard,none,none,none,none,male
Ruggedo,935,none,Ruggedo,none,none,none,none,male
Nome,935,none,Nome,none,none,none,none,male
Gugu,935,none,Gugu,none,none,none,none,male
Kiki,938,none,Kiki,none,none,none,none,male
Nome,939,none,Nome,none,none,none,none,male
Ruggedo,939,none,Ruggedo,none,none,none,none,male
Nome,940,none,Nome,none,none,none,none,male
Ruggedo,941,none,Ruggedo,none,none,none,none,male
Ozma,944,none,Ozma,none,none,none,none,female
Ozma,947,none,Ozma,none,none,none,none,female
Oz,947,none,Oz,none,none,none,none,male
Nome,949,none,Nome,none,none,none,none,male
Ruggedo,950,none,Ruggedo,none,none,none,none,male
Nome,950,none,Nome,none,none,none,none,male
Oz,954,none,Oz,none,none,none,none,male
Nome,957,none,Nome,none,none,none,none,male
Tiger,958,none,Tiger,none,none,none,none,male
Ruggedo,959,none,Ruggedo,none,none,none,none,male
Oz,963,none,Oz,none,none,none,none,male
Loo,966,none,Loo,none,none,none,none,male
Unicorn,966,none,Unicorn,none,none,none,none,male
Gugu,968,none,Gugu,none,none,none,none,male
Gugu,975,none,Gugu,none,none,none,none,male
Ruggedo,982,none,Ruggedo,none,none,none,none,male
Nome,982,none,Nome,none,none,none,none,male
Lion,986,none,Lion,none,none,none,none,male
Tiger,986,none,Tiger,none,none,none,none,male
Gugu,987,none,Gugu,none,none,none,none,male
Gugu,991,none,Gugu,none,none,none,none,male
Gugu,992,none,Gugu,none,none,none,none,male
Leopard,992,none,Leopard,none,none,none,none,male
Lion,993,none,Lion,none,none,none,none,male
Gugu,994,none,Gugu,none,none,none,none,male
Gugu,996,none,Gugu,none,none,none,none,male
of Beasts,998,none,of,none,Beasts,none,none,male
Gugu,1000,none,Gugu,none,none,none,none,male
Dorothy,1004,none,Dorothy,none,none,none,none,female
Gugu,1010,none,Gugu,none,none,none,none,male
King,1010,King,none,none,none,none,none,male
Gugu,1015,none,Gugu,none,none,none,none,male
Gugu,1016,none,Gugu,none,none,none,none,male
Leopard,1017,none,Leopard,none,none,none,none,male
Dorothy,1019,none,Dorothy,none,none,none,none,female
Lion,1019,none,Lion,none,none,none,none,male
Wizard of Oz,1020,none,Wizard of Oz,none,none,none,none,male
Hungry Tiger,1021,none,Hungry,none,Tiger,none,none,male
Loo,1022,none,Loo,none,none,none,none,male
Tiger,1023,none,Tiger,none,none,none,none,male
Loo,1025,none,Loo,none,none,none,none,male
Unicorn,1025,none,Unicorn,none,none,none,none,male
Tiger,1026,none,Tiger,none,none,none,none,male
Ruggedo,1028,none,Ruggedo,none,none,none,none,male
Nome,1028,none,Nome,none,none,none,none,male
Nomes,1029,none,Nomes,none,none,none,none,male
Wizard,1030,none,Wizard,none,none,none,none,male
Dorothy,1030,none,Dorothy,none,none,none,none,female
Kiki Aru,1034,none,Kiki,none,Aru,none,none,male
Ruggedo,1034,none,Ruggedo,none,none,none,none,male
Nome,1034,none,Nome,none,none,none,none,male
Oz,1034,none,Oz,none,none,none,none,male
Kiki,1035,none,Kiki,none,none,none,none,male
Ruggedo,1035,none,Ruggedo,none,none,none,none,male
Nomes,1035,none,Nomes,none,none,none,none,male
Kiki Aru,1036,none,Kiki,none,Aru,none,none,male
Wizard,1036,none,Wizard,none,none,none,none,male
Wizard,1036,none,Wizard,none,none,none,none,male
Oz,1036,none,Oz,none,none,none,none,male
Hyup,1037,none,Hyup,none,none,none,none,male
Cowardly Lion,1037,none,Cowardly,none,Lion,none,none,male
Gugu,1037,none,Gugu,none,none,none,none,male
King,1037,King,none,none,none,none,none,male
Pyrzqxgl,1038,none,Pyrzqxgl,none,none,none,none,male
Wizard,1039,none,Wizard,none,none,none,none,male
Kiki,1040,none,Kiki,none,none,none,none,male
Fox,1040,none,Fox,none,none,none,none,male
Dorothy,1042,none,Dorothy,none,none,none,none,female
Mercy,1042,none,Mercy,none,none,none,none,female
Dorothy,1043,none,Dorothy,none,none,none,none,female
Cowardly Lion,1044,none,Cowardly,none,Lion,none,none,male
Kiki,1045,none,Kiki,none,none,none,none,male
Munchkin,1045,none,Munchkin,none,none,none,none,male
Munchkin,1046,none,Munchkin,none,none,none,none,male
Ruggedo,1047,none,Ruggedo,none,none,none,none,male
Nome,1047,none,Nome,none,none,none,none,male
Kiki,1047,none,Kiki,none,none,none,none,male
Kiki,1047,none,Kiki,none,none,none,none,male
Kiki,1048,none,Kiki,none,none,none,none,male
Nome,1049,none,Nome,none,none,none,none,male
Ruggedo,1049,none,Ruggedo,none,none,none,none,male
Hungry Tiger,1050,none,Hungry,none,Tiger,none,none,male
Ruggedo,1051,none,Ruggedo,none,none,none,none,male
Kiki,1051,none,Kiki,none,none,none,none,male
Hungry Tiger,1051,none,Hungry,none,Tiger,none,none,male
Kiki,1052,none,Kiki,none,none,none,none,male
Tiger,1052,none,Tiger,none,none,none,none,male
Pyrzqxgl,1052,none,Pyrzqxgl,none,none,none,none,male
Kiki,1054,none,Kiki,none,none,none,none,male
Gugu,1055,none,Gugu,none,none,none,none,male
King,1055,King,none,none,none,none,none,male
Kiki,1056,none,Kiki,none,none,none,none,male
Gugu,1056,none,Gugu,none,none,none,none,male
Gugu,1057,none,Gugu,none,none,none,none,male
Rango,1057,none,Rango,none,none,none,none,male
Gray Ape,1057,none,Gray,none,Ape,none,none,female
Bru,1057,none,Bru,none,none,none,none,male
Bear,1057,none,Bear,none,none,none,none,male
Loo the Unicorn,1057,none,Loo the Unicorn,none,none,none,none,male
Munchkin,1063,none,Munchkin,none,none,none,none,male
Rabbit,1063,none,Rabbit,none,none,none,none,male
Fox,1064,none,Fox,none,none,none,none,male
Lamb,1064,none,Lamb,none,none,none,none,female
Rabbit,1065,none,Rabbit,none,none,none,none,male
Dorothy,1066,none,Dorothy,none,none,none,none,female
Lamb,1066,none,Lamb,none,none,none,none,female
Wizard,1067,none,Wizard,none,none,none,none,male
Fox,1067,none,Fox,none,none,none,none,male
Munchkin,1068,none,Munchkin,none,none,none,none,male
Rabbit,1069,none,Rabbit,none,none,none,none,male
Gugu,1070,none,Gugu,none,none,none,none,male
Goose,1071,none,Goose,none,none,none,none,male
Ruggedo,1071,none,Ruggedo,none,none,none,none,male
Nome,1071,none,Nome,none,none,none,none,male
Goose,1072,none,Goose,none,none,none,none,male
Kiki Aru,1073,none,Kiki,none,Aru,none,none,male
Wizard,1073,none,Wizard,none,none,none,none,male
Wizard,1074,none,Wizard,none,none,none,none,male
Kiki Aru,1076,none,Kiki,none,Aru,none,none,male
Hyup,1076,none,Hyup,none,none,none,none,male
Wizard,1077,none,Wizard,none,none,none,none,male
Kiki,1078,none,Kiki,none,none,none,none,male
Wizard,1079,none,Wizard,none,none,none,none,male
Fox,1079,none,Fox,none,none,none,none,male
Kiki Aru,1081,none,Kiki,none,Aru,none,none,male
Dorothy the Lamb,1082,none,Dorothy the Lamb,none,none,none,none,female
Goose,1084,none,Goose,none,none,none,none,male
Wizard,1084,none,Wizard,none,none,none,none,male
Wizard,1084,none,Wizard,none,none,none,none,male
Ruggedo,1084,none,Ruggedo,none,none,none,none,male
Nome,1084,none,Nome,none,none,none,none,male
Ruggedo,1085,none,Ruggedo,none,none,none,none,male
Kiki,1085,none,Kiki,none,none,none,none,male
Kiki,1086,none,Kiki,none,none,none,none,male
Nome,1087,none,Nome,none,none,none,none,male
Hyup,1087,none,Hyup,none,none,none,none,male
Wizard,1088,none,Wizard,none,none,none,none,male
Goose,1088,none,Goose,none,none,none,none,male
Kiki Aru,1088,none,Kiki,none,Aru,none,none,male
Kiki Aru,1089,none,Kiki,none,Aru,none,none,male
Kiki Aru,1091,none,Kiki,none,Aru,none,none,male
Fox,1092,none,Fox,none,none,none,none,male
Lamb,1092,none,Lamb,none,none,none,none,female
Rabbit,1092,none,Rabbit,none,none,none,none,male
Goose,1093,none,Goose,none,none,none,none,male
Wizard,1093,none,Wizard,none,none,none,none,male
Dorothy,1094,none,Dorothy,none,none,none,none,female
Gugu,1096,none,Gugu,none,none,none,none,male
Goose,1096,none,Goose,none,none,none,none,male
Dorothy,1098,none,Dorothy,none,none,none,none,female
Glinda,1099,none,Glinda,none,none,none,none,female
Good,1099,none,Good,none,none,none,none,female
Wizard Fox,1100,none,Wizard,none,Fox,none,none,male
Gugu,1101,none,Gugu,none,none,none,none,male
Glinda,1101,none,Glinda,none,none,none,none,female
Fox,1104,none,Fox,none,none,none,none,male
Oz,1104,none,Oz,none,none,none,none,male
Wizard,1104,none,Wizard,none,none,none,none,male
Cowardly Lion,1105,none,Cowardly,none,Lion,none,none,male
Gugu,1106,none,Gugu,none,none,none,none,male
Ozma,1107,none,Ozma,none,none,none,none,female
Wizard,1107,none,Wizard,none,none,none,none,male
Ozma,1108,none,Ozma,none,none,none,none,female
Dorothy,1111,none,Dorothy,none,none,none,none,female
Cowardly Lion,1113,none,Cowardly,none,Lion,none,none,male
Dorothy,1114,none,Dorothy,none,none,none,none,female
Cap'n Bill,1116,none,Cap'n,none,Bill,none,none,male
Trot,1118,none,Trot,none,none,none,none,female
Cap'n Bill,1118,none,Cap'n,none,Bill,none,none,male
Pink Kitten,1122,none,Pink,none,Kitten,none,none,female
Pink Kitten,1123,none,Pink,none,Kitten,none,none,female
Glass Cat,1124,none,Glass,none,Cat,none,none,female
Eureka,1125,none,Eureka,none,none,none,none,female
Glass Cat,1126,none,Glass,none,Cat,none,none,female
Toto,1126,none,Toto,none,none,none,none,male
Dorothy,1126,none,Dorothy,none,none,none,none,female
Cat,1127,none,Cat,none,none,none,none,male
Dorothy,1128,none,Dorothy,none,none,none,none,female
Toto,1128,none,Toto,none,none,none,none,male
Cat,1129,none,Cat,none,none,none,none,male
Glass Cat,1131,none,Glass,none,Cat,none,none,female
Toto,1132,none,Toto,none,none,none,none,male
Wizard,1132,none,Wizard,none,none,none,none,male
Wizard,1134,none,Wizard,none,none,none,none,male
Trot,1134,none,Trot,none,none,none,none,female
Cap'n Bill,1134,none,Cap'n,none,Bill,none,none,male
Glass Cat,1135,none,Glass,none,Cat,none,none,female
Cat,1137,none,Cat,none,none,none,none,male
Wolf,1140,none,Wolf,none,none,none,none,male
Cat,1140,none,Cat,none,none,none,none,male
Cat,1141,none,Cat,none,none,none,none,male
Wolf,1143,none,Wolf,none,none,none,none,male
Glass Cat,1144,none,Glass,none,Cat,none,none,female
Wizard,1145,none,Wizard,none,none,none,none,male
Wolf,1146,none,Wolf,none,none,none,none,male
Tiger,1147,none,Tiger,none,none,none,none,male
Magician,1147,none,Magician,none,none,none,none,male
Glass Cat,1149,none,Glass,none,Cat,none,none,female
Fox,1151,none,Fox,none,none,none,none,male
Lamb,1151,none,Lamb,none,none,none,none,female
Magician,1156,none,Magician,none,none,none,none,male
Wolf,1158,none,Wolf,none,none,none,none,male
Wolf,1159,none,Wolf,none,none,none,none,male
Fox,1160,none,Fox,none,none,none,none,male
Lamb,1160,none,Lamb,none,none,none,none,female
Rabbit,1160,none,Rabbit,none,none,none,none,male
Munchkin,1160,none,Munchkin,none,none,none,none,male
Gillikin,1160,none,Gillikin,none,none,none,none,male
Cat,1161,none,Cat,none,none,none,none,male
Lamb,1162,none,Lamb,none,none,none,none,female
Wizard,1162,none,Wizard,none,none,none,none,male
Dorothy,1163,none,Dorothy,none,none,none,none,female
Fox,1163,none,Fox,none,none,none,none,male
Rabbit,1165,none,Rabbit,none,none,none,none,male
Fox,1165,none,Fox,none,none,none,none,male
Lamb,1165,none,Lamb,none,none,none,none,female
Glass Cat,1166,none,Glass,none,Cat,none,none,female
Fox,1167,none,Fox,none,none,none,none,male
Wizard,1168,none,Wizard,none,none,none,none,male
Cat,1168,none,Cat,none,none,none,none,male
Dorothy,1171,none,Dorothy,none,none,none,none,female
Lamb,1171,none,Lamb,none,none,none,none,female
Munchkin,1172,none,Munchkin,none,none,none,none,male
Rabbit,1173,none,Rabbit,none,none,none,none,male
Gugu,1174,none,Gugu,none,none,none,none,male
Wizard,1178,none,Wizard,none,none,none,none,male
Magician,1179,none,Magician,none,none,none,none,male
Magician,1185,none,Magician,none,none,none,none,male
Dorothy,1185,none,Dorothy,none,none,none,none,female
Goose,1185,none,Goose,none,none,none,none,male
Goose,1186,none,Goose,none,none,none,none,male
Cat,1186,none,Cat,none,none,none,none,male
Gugu,1187,none,Gugu,none,none,none,none,male
Goose,1188,none,Goose,none,none,none,none,male
Wizard,1189,none,Wizard,none,none,none,none,male
Glass Cat,1192,none,Glass,none,Cat,none,none,female
Magician,1193,none,Magician,none,none,none,none,male
Bag,1194,none,Bag,none,none,none,none,male
Magician,1195,none,Magician,none,none,none,none,male
Lamb,1196,none,Lamb,none,none,none,none,female
Dorothy,1196,none,Dorothy,none,none,none,none,female
Wizard,1198,none,Wizard,none,none,none,none,male
Magician,1199,none,Magician,none,none,none,none,male
Gugu,1200,none,Gugu,none,none,none,none,male
Cowardly Lion,1201,none,Cowardly,none,Lion,none,none,male
Goose,1203,none,Goose,none,none,none,none,male
Dorothy,1203,none,Dorothy,none,none,none,none,female
Goose,1204,none,Goose,none,none,none,none,male
Wizard,1205,none,Wizard,none,none,none,none,male
Goose,1207,none,Goose,none,none,none,none,male
Goose,1208,none,Goose,none,none,none,none,male
Ruggedo,1208,none,Ruggedo,none,none,none,none,male
Nomes,1208,none,Nomes,none,none,none,none,male
Kiki Aru,1208,none,Kiki,none,Aru,none,none,male
Nome,1209,none,Nome,none,none,none,none,male
Nomes,1209,none,Nomes,none,none,none,none,male
Ruggedo,1210,none,Ruggedo,none,none,none,none,male
Goose,1211,none,Goose,none,none,none,none,male
Nome,1212,none,Nome,none,none,none,none,male
Ruggedo,1214,none,Ruggedo,none,none,none,none,male
Nome,1214,none,Nome,none,none,none,none,male
Kiki,1215,none,Kiki,none,none,none,none,male
Ruggedo,1216,none,Ruggedo,none,none,none,none,male
Wizard,1216,none,Wizard,none,none,none,none,male
Kiki,1216,none,Kiki,none,none,none,none,male
Wizard,1216,none,Wizard,none,none,none,none,male
Dorothy,1216,none,Dorothy,none,none,none,none,female
Kiki,1217,none,Kiki,none,none,none,none,male
Kiki Aru,1218,none,Kiki,none,Aru,none,none,male
Ruggedo,1219,none,Ruggedo,none,none,none,none,male
Nome,1219,none,Nome,none,none,none,none,male
Kiki,1219,none,Kiki,none,none,none,none,male
Nome,1219,none,Nome,none,none,none,none,male
Hyup,1219,none,Hyup,none,none,none,none,male
Goose,1219,none,Goose,none,none,none,none,male
Kiki Aru,1219,none,Kiki,none,Aru,none,none,male
Kiki Aru,1221,none,Kiki,none,Aru,none,none,male
Goose,1223,none,Goose,none,none,none,none,male
Goose,1225,none,Goose,none,none,none,none,male
Kiki,1227,none,Kiki,none,none,none,none,male
Goose,1229,none,Goose,none,none,none,none,male
Kiki,1229,none,Kiki,none,none,none,none,male
Ruggedo,1230,none,Ruggedo,none,none,none,none,male
Kiki,1232,none,Kiki,none,none,none,none,male
Nome,1235,none,Nome,none,none,none,none,male
Kiki,1236,none,Kiki,none,none,none,none,male
Goose,1237,none,Goose,none,none,none,none,male
Nome,1238,none,Nome,none,none,none,none,male
Kiki,1238,none,Kiki,none,none,none,none,male
Nome,1242,none,Nome,none,none,none,none,male
Kiki,1242,none,Kiki,none,none,none,none,male
Nome,1244,none,Nome,none,none,none,none,male
Kiki,1245,none,Kiki,none,none,none,none,male
Kiki Aru,1246,none,Kiki,none,Aru,none,none,male
Ruggedo,1246,none,Ruggedo,none,none,none,none,male
Fox,1246,none,Fox,none,none,none,none,male
Goose,1246,none,Goose,none,none,none,none,male
Fox,1247,none,Fox,none,none,none,none,male
Goose,1247,none,Goose,none,none,none,none,male
Fox,1248,none,Fox,none,none,none,none,male
Wizard,1248,none,Wizard,none,none,none,none,male
Wizard,1249,none,Wizard,none,none,none,none,male
Wizard Fox,1251,none,Wizard,none,Fox,none,none,male
Nome,1252,none,Nome,none,none,none,none,male
Kiki,1252,none,Kiki,none,none,none,none,male
Wizard,1252,none,Wizard,none,none,none,none,male
Kiki,1254,none,Kiki,none,none,none,none,male
Nome,1255,none,Nome,none,none,none,none,male
Kiki,1258,none,Kiki,none,none,none,none,male
Ruggedo,1260,none,Ruggedo,none,none,none,none,male
Kiki,1268,none,Kiki,none,none,none,none,male
Ruggedo,1270,none,Ruggedo,none,none,none,none,male
Nome,1271,none,Nome,none,none,none,none,male
Kiki,1272,none,Kiki,none,none,none,none,male
Ruggedo,1273,none,Ruggedo,none,none,none,none,male
Nome,1273,none,Nome,none,none,none,none,male
Kiki,1274,none,Kiki,none,none,none,none,male
Fox,1275,none,Fox,none,none,none,none,male
Kiki,1276,none,Kiki,none,none,none,none,male
Fox,1276,none,Fox,none,none,none,none,male
Kiki,1276,none,Kiki,none,none,none,none,male
Pyrzqxgl,1276,none,Pyrzqxgl,none,none,none,none,male
Ruggedo,1277,none,Ruggedo,none,none,none,none,male
Wizard Fox,1277,none,Wizard,none,Fox,none,none,male
Nome,1280,none,Nome,none,none,none,none,male
Kiki,1281,none,Kiki,none,none,none,none,male
Kiki,1282,none,Kiki,none,none,none,none,male
Pyrzqxgl,1282,none,Pyrzqxgl,none,none,none,none,male
Wizard Fox,1283,none,Wizard,none,Fox,none,none,male
Kiki,1285,none,Kiki,none,none,none,none,male
Wizard,1286,none,Wizard,none,none,none,none,male
Kiki,1287,none,Kiki,none,none,none,none,male
Fox,1287,none,Fox,none,none,none,none,male
Pyrzqxgl,1287,none,Pyrzqxgl,none,none,none,none,male
Hyup,1288,none,Hyup,none,none,none,none,male
Wizard,1289,none,Wizard,none,none,none,none,male
Ruggedo,1289,none,Ruggedo,none,none,none,none,male
Kiki,1289,none,Kiki,none,none,none,none,male
Nome,1290,none,Nome,none,none,none,none,male
Fox,1290,none,Fox,none,none,none,none,male
Kiki,1290,none,Kiki,none,none,none,none,male
Wizard,1291,none,Wizard,none,none,none,none,male
Pyrzqxgl,1292,none,Pyrzqxgl,none,none,none,none,male
Ruggedo,1294,none,Ruggedo,none,none,none,none,male
Nome,1295,none,Nome,none,none,none,none,male
Fox,1295,none,Fox,none,none,none,none,male
Pyrzqxgl,1295,none,Pyrzqxgl,none,none,none,none,male
Nome,1296,none,Nome,none,none,none,none,male
Fox,1297,none,Fox,none,none,none,none,male
Nome,1297,none,Nome,none,none,none,none,male
Ruggedo,1298,none,Ruggedo,none,none,none,none,male
Fox,1298,none,Fox,none,none,none,none,male
Wizard,1299,none,Wizard,none,none,none,none,male
Kiki Aru,1299,none,Kiki,none,Aru,none,none,male
Ruggedo,1300,none,Ruggedo,none,none,none,none,male
Wizard,1301,none,Wizard,none,none,none,none,male
Pyrzqxgl,1301,none,Pyrzqxgl,none,none,none,none,male
Dorothy,1303,none,Dorothy,none,none,none,none,female
Lamb,1303,none,Lamb,none,none,none,none,female
Goose,1304,none,Goose,none,none,none,none,male
Gillikin,1305,none,Gillikin,none,none,none,none,male
Munchkin,1305,none,Munchkin,none,none,none,none,male
Rabbit,1305,none,Rabbit,none,none,none,none,male
Glass Cat,1305,none,Glass,none,Cat,none,none,female
Wizard,1305,none,Wizard,none,none,none,none,male
Magician,1306,none,Magician,none,none,none,none,male
Wizard,1307,none,Wizard,none,none,none,none,male
Dorothy,1308,none,Dorothy,none,none,none,none,female
Wizard,1310,none,Wizard,none,none,none,none,male
Cap'n Bill,1311,none,Cap'n,none,Bill,none,none,male
Magic Flower,1311,none,Magic,none,Flower,none,none,female
Cap'n,1312,none,Cap'n,none,none,none,none,female
Cap'n Bill,1314,none,Cap'n,none,Bill,none,none,male
Magic Flower,1319,none,Magic,none,Flower,none,none,female
Trot,1321,none,Trot,none,none,none,none,female
Cap'n Bill,1323,none,Cap'n,none,Bill,none,none,male
Magic Flower,1324,none,Magic,none,Flower,none,none,female
Cap'n Bill,1325,none,Cap'n,none,Bill,none,none,male
Trot,1327,none,Trot,none,none,none,none,female
Bill,1329,none,Bill,none,none,none,none,male
Trot,1333,none,Trot,none,none,none,none,female
Cap'n,1334,none,Cap'n,none,none,none,none,female
Cap'n,1335,none,Cap'n,none,none,none,none,female
Bill,1336,none,Bill,none,none,none,none,male
Ca'n't,1337,none,Ca'n't,none,none,none,none,male
Bill,1340,none,Bill,none,none,none,none,male
Trot,1340,none,Trot,none,none,none,none,female
Cap'n,1341,none,Cap'n,none,none,none,none,female
Cap'n Bill,1343,none,Cap'n,none,Bill,none,none,male
Trot,1344,none,Trot,none,none,none,none,female
Cap'n,1349,none,Cap'n,none,none,none,none,female
Bill,1350,none,Bill,none,none,none,none,male
Cap'n,1351,none,Cap'n,none,none,none,none,female
Trot,1351,none,Trot,none,none,none,none,female
Trot,1352,none,Trot,none,none,none,none,female
Cap'n,1357,none,Cap'n,none,none,none,none,female
Bill,1358,none,Bill,none,none,none,none,male
Cap'n,1359,none,Cap'n,none,none,none,none,female
Cap'n,1363,none,Cap'n,none,none,none,none,female
Cap'n Bill,1364,none,Cap'n,none,Bill,none,none,male
Wizard,1365,none,Wizard,none,none,none,none,male
Trot,1370,none,Trot,none,none,none,none,female
Cap'n,1376,none,Cap'n,none,none,none,none,female
Cap'n Bill,1378,none,Cap'n,none,Bill,none,none,male
Magic Flower,1379,none,Magic,none,Flower,none,none,female
Bird,1389,none,Bird,none,none,none,none,female
Cap'n Bill,1393,none,Cap'n,none,Bill,none,none,male
Lonesome Duck,1394,none,Lonesome,none,Duck,none,none,male
Trot,1395,none,Trot,none,none,none,none,female
Duck,1397,none,Duck,none,none,none,none,male
Cap'n Bill,1403,none,Cap'n,none,Bill,none,none,male
Lonesome Duck,1405,none,Lonesome,none,Duck,none,none,male
Trot,1408,none,Trot,none,none,none,none,female
Cap'n Bill,1410,none,Cap'n,none,Bill,none,none,male
Cap'n Bill,1414,none,Cap'n,none,Bill,none,none,male
Duck,1415,none,Duck,none,none,none,none,male
Duck,1416,none,Duck,none,none,none,none,male
Trot,1416,none,Trot,none,none,none,none,female
Duck,1417,none,Duck,none,none,none,none,male
Trot,1419,none,Trot,none,none,none,none,female
Lonesome Duck,1421,none,Lonesome,none,Duck,none,none,male
Lonesome Duck,1423,none,Lonesome,none,Duck,none,none,male
Trot,1425,none,Trot,none,none,none,none,female
Lonesome Duck,1426,none,Lonesome,none,Duck,none,none,male
Cap'n Bill,1427,none,Cap'n,none,Bill,none,none,male
Cap'n Bill,1434,none,Cap'n,none,Bill,none,none,male
Lonesome Duck,1435,none,Lonesome,none,Duck,none,none,male
Trot,1438,none,Trot,none,none,none,none,female
Lonesome Duck,1440,none,Lonesome,none,Duck,none,none,male
Trot,1441,none,Trot,none,none,none,none,female
Lonesome Duck,1443,none,Lonesome,none,Duck,none,none,male
Duck,1445,none,Duck,none,none,none,none,male
Cap'n,1445,none,Cap'n,none,none,none,none,female
Bill,1446,none,Bill,none,none,none,none,male
Trot,1446,none,Trot,none,none,none,none,female
Lonesome Duck,1446,none,Lonesome,none,Duck,none,none,male
Trot,1449,none,Trot,none,none,none,none,female
Cap'n Bill,1450,none,Cap'n,none,Bill,none,none,male
Lonesome Duck,1450,none,Lonesome,none,Duck,none,none,male
Trot,1451,none,Trot,none,none,none,none,female
Lonesome Duck,1452,none,Lonesome,none,Duck,none,none,male
Kiki Aru,1454,none,Kiki,none,Aru,none,none,male
Kiki,1455,none,Kiki,none,none,none,none,male
Uncle Peeker,1462,Uncle,Peeker,none,none,none,none,male
Rango,1465,none,Rango,none,none,none,none,male
Gray Ape,1465,none,Gray,none,Ape,none,none,female
Rango,1466,none,Rango,none,none,none,none,male
Gugu,1468,none,Gugu,none,none,none,none,male
Rango,1469,none,Rango,none,none,none,none,male
Wizard,1469,none,Wizard,none,none,none,none,male
Gray Ape,1469,none,Gray,none,Ape,none,none,female
Wizard,1470,none,Wizard,none,none,none,none,male
Wizard,1471,none,Wizard,none,none,none,none,male
Rango,1471,none,Rango,none,none,none,none,male
Ozma,1471,none,Ozma,none,none,none,none,female
Rango the Gray Ape,1472,none,Rango the Gray,none,Ape,none,none,male
Gray Ape,1472,none,Gray,none,Ape,none,none,female
Wizard,1474,none,Wizard,none,none,none,none,male
Gray Ape,1475,none,Gray,none,Ape,none,none,female
Glass Cat,1479,none,Glass,none,Cat,none,none,female
Wizard,1480,none,Wizard,none,none,none,none,male
Wizard,1482,none,Wizard,none,none,none,none,male
Wizard,1482,none,Wizard,none,none,none,none,male
Glass Cat,1483,none,Glass,none,Cat,none,none,female
Cap'n Bill,1483,none,Cap'n,none,Bill,none,none,male
Cat,1484,none,Cat,none,none,none,none,male
Wizard,1486,none,Wizard,none,none,none,none,male
Cap'n Bill,1487,none,Cap'n,none,Bill,none,none,male
Wizard,1488,none,Wizard,none,none,none,none,male
Glass Cat,1489,none,Glass,none,Cat,none,none,female
Ozma,1489,none,Ozma,none,none,none,none,female
Wizard,1490,none,Wizard,none,none,none,none,male
Wizard,1492,none,Wizard,none,none,none,none,male
Cat,1494,none,Cat,none,none,none,none,male
Wizard,1495,none,Wizard,none,none,none,none,male
Wizard,1497,none,Wizard,none,none,none,none,male
Glass Cat,1499,none,Glass,none,Cat,none,none,female
Wizard,1501,none,Wizard,none,none,none,none,male
Glass Cat,1502,none,Glass,none,Cat,none,none,female
Wizard,1502,none,Wizard,none,none,none,none,male
Wizard,1504,none,Wizard,none,none,none,none,male
Magic Tools,1505,none,Magic,none,Tools,none,none,male
Cap'n Bill,1505,none,Cap'n,none,Bill,none,none,male
Rango,1506,none,Rango,none,none,none,none,male
Gray Ape,1506,none,Gray,none,Ape,none,none,female
Wizard,1507,none,Wizard,none,none,none,none,male
Rango,1508,none,Rango,none,none,none,none,male
Ozma,1509,none,Ozma,none,none,none,none,female
Gray Ape,1510,none,Gray,none,Ape,none,none,female
Ozma,1513,none,Ozma,none,none,none,none,female
Wizard,1513,none,Wizard,none,none,none,none,male
Ozma,1515,none,Ozma,none,none,none,none,female
Ozma,1516,none,Ozma,none,none,none,none,female
Rango,1518,none,Rango,none,none,none,none,male
Gray Ape,1519,none,Gray,none,Ape,none,none,female
Wizard,1521,none,Wizard,none,none,none,none,male
Dorothy,1522,none,Dorothy,none,none,none,none,female
Rango,1523,none,Rango,none,none,none,none,male
Wizard,1524,none,Wizard,none,none,none,none,male
Gray Ape,1526,none,Gray,none,Ape,none,none,female
Wizard,1529,none,Wizard,none,none,none,none,male
Gray Ape,1533,none,Gray,none,Ape,none,none,female
Wizard,1533,none,Wizard,none,none,none,none,male
Gray Ape,1535,none,Gray,none,Ape,none,none,female
Wizard,1535,none,Wizard,none,none,none,none,male
Wizard,1536,none,Wizard,none,none,none,none,male
Wizard,1539,none,Wizard,none,none,none,none,male
Dorothy,1540,none,Dorothy,none,none,none,none,female
Wizard,1540,none,Wizard,none,none,none,none,male
Gray Ape,1540,none,Gray,none,Ape,none,none,female
Glinda,1542,none,Glinda,none,none,none,none,female
Rango,1543,none,Rango,none,none,none,none,male
Wizard,1544,none,Wizard,none,none,none,none,male
Dorothy,1545,none,Dorothy,none,none,none,none,female
Glass Cat,1545,none,Glass,none,Cat,none,none,female
Gugu,1546,none,Gugu,none,none,none,none,male
Leopard,1546,none,Leopard,none,none,none,none,male
Wizard of Oz,1547,none,Wizard of Oz,none,none,none,none,male
Dorothy,1547,none,Dorothy,none,none,none,none,female
Trot,1548,none,Trot,none,none,none,none,female
Cap'n,1548,none,Cap'n,none,none,none,none,female
Bill,1549,none,Bill,none,none,none,none,male
Dorothy,1551,none,Dorothy,none,none,none,none,female
Glass Cat,1552,none,Glass,none,Cat,none,none,female
Wizard,1553,none,Wizard,none,none,none,none,male
Wizard,1557,none,Wizard,none,none,none,none,male
Magic Flower,1560,none,Magic,none,Flower,none,none,female
Dorothy,1561,none,Dorothy,none,none,none,none,female
Dorothy,1569,none,Dorothy,none,none,none,none,female
Cap'n Bill,1571,none,Cap'n,none,Bill,none,none,male
Gugu,1573,none,Gugu,none,none,none,none,male
Wizard,1576,none,Wizard,none,none,none,none,male
Cat,1577,none,Cat,none,none,none,none,male
Wizard,1578,none,Wizard,none,none,none,none,male
Glass Cat,1579,none,Glass,none,Cat,none,none,female
Dorothy,1581,none,Dorothy,none,none,none,none,female
Cat,1582,none,Cat,none,none,none,none,male
Wizard,1584,none,Wizard,none,none,none,none,male
Wizard,1586,none,Wizard,none,none,none,none,male
Lion,1588,none,Lion,none,none,none,none,male
Tiger,1588,none,Tiger,none,none,none,none,male
Dorothy,1588,none,Dorothy,none,none,none,none,female
Wizard,1588,none,Wizard,none,none,none,none,male
Wizard,1591,none,Wizard,none,none,none,none,male
Glass Cat,1593,none,Glass,none,Cat,none,none,female
Wizard,1596,none,Wizard,none,none,none,none,male
Duck,1598,none,Duck,none,none,none,none,male
Dorothy,1600,none,Dorothy,none,none,none,none,female
Duck,1601,none,Duck,none,none,none,none,male
Dorothy,1604,none,Dorothy,none,none,none,none,female
Lonesome Duck,1605,none,Lonesome,none,Duck,none,none,male
Dorothy,1607,none,Dorothy,none,none,none,none,female
Dorothy,1612,none,Dorothy,none,none,none,none,female
Dorothy,1614,none,Dorothy,none,none,none,none,female
Lonesome Duck,1615,none,Lonesome,none,Duck,none,none,male
Lonesome Duck,1618,none,Lonesome,none,Duck,none,none,male
Dorothy,1622,none,Dorothy,none,none,none,none,female
Lonesome Duck,1623,none,Lonesome,none,Duck,none,none,male
Dorothy,1624,none,Dorothy,none,none,none,none,female
Wizard,1625,none,Wizard,none,none,none,none,male
Duck,1625,none,Duck,none,none,none,none,male
Cap'n Bill,1625,none,Cap'n,none,Bill,none,none,male
Lonesome Duck,1626,none,Lonesome,none,Duck,none,none,male
Wizard,1626,none,Wizard,none,none,none,none,male
Dorothy,1628,none,Dorothy,none,none,none,none,female
Dorothy,1630,none,Dorothy,none,none,none,none,female
Wizard,1631,none,Wizard,none,none,none,none,male
Glass Cat,1633,none,Glass,none,Cat,none,none,female
Dorothy,1635,none,Dorothy,none,none,none,none,female
Wizard,1636,none,Wizard,none,none,none,none,male
Trot,1638,none,Trot,none,none,none,none,female
Cap'n Bill,1638,none,Cap'n,none,Bill,none,none,male
Wizard,1639,none,Wizard,none,none,none,none,male
Cap'n Bill,1640,none,Cap'n,none,Bill,none,none,male
Dorothy,1642,none,Dorothy,none,none,none,none,female
Dorothy,1644,none,Dorothy,none,none,none,none,female
Trot,1645,none,Trot,none,none,none,none,female
Wizard,1646,none,Wizard,none,none,none,none,male
Glass Cat,1648,none,Glass,none,Cat,none,none,female
Trot,1648,none,Trot,none,none,none,none,female
Cap'n Bill,1648,none,Cap'n,none,Bill,none,none,male
Wizard,1648,none,Wizard,none,none,none,none,male
Trot,1651,none,Trot,none,none,none,none,female
Cap'n Bill,1651,none,Cap'n,none,Bill,none,none,male
Wizard,1652,none,Wizard,none,none,none,none,male
Trot,1652,none,Trot,none,none,none,none,female
Cap'n Bill,1652,none,Cap'n,none,Bill,none,none,male
Wizard,1654,none,Wizard,none,none,none,none,male
Trot,1656,none,Trot,none,none,none,none,female
Wizard,1657,none,Wizard,none,none,none,none,male
Trot,1658,none,Trot,none,none,none,none,female
Wizard,1658,none,Wizard,none,none,none,none,male
Cap'n Bill,1659,none,Cap'n,none,Bill,none,none,male
Trot,1659,none,Trot,none,none,none,none,female
Dorothy,1661,none,Dorothy,none,none,none,none,female
Glinda,1661,none,Glinda,none,none,none,none,female
Wizard,1662,none,Wizard,none,none,none,none,male
Dorothy,1663,none,Dorothy,none,none,none,none,female
Dorothy,1667,none,Dorothy,none,none,none,none,female
Glass Cat,1669,none,Glass,none,Cat,none,none,female
Wizard,1669,none,Wizard,none,none,none,none,male
Wizard,1671,none,Wizard,none,none,none,none,male
Trot,1672,none,Trot,none,none,none,none,female
Cap'n Bill,1672,none,Cap'n,none,Bill,none,none,male
Glass Cat,1673,none,Glass,none,Cat,none,none,female
Cat,1676,none,Cat,none,none,none,none,male
Wizard,1679,none,Wizard,none,none,none,none,male
Lion,1680,none,Lion,none,none,none,none,male
Wizard,1681,none,Wizard,none,none,none,none,male
Dorothy,1683,none,Dorothy,none,none,none,none,female
Wizard,1684,none,Wizard,none,none,none,none,male
Wizard,1686,none,Wizard,none,none,none,none,male
Hungry Tiger,1686,none,Hungry,none,Tiger,none,none,male
Dorothy,1686,none,Dorothy,none,none,none,none,female
Cap'n Bill,1687,none,Cap'n,none,Bill,none,none,male
Wizard,1687,none,Wizard,none,none,none,none,male
Cap'n Bill,1687,none,Cap'n,none,Bill,none,none,male
Trot,1687,none,Trot,none,none,none,none,female
Dorothy,1688,none,Dorothy,none,none,none,none,female
Trot,1688,none,Trot,none,none,none,none,female
Wizard,1688,none,Wizard,none,none,none,none,male
Cap'n Bill,1689,none,Cap'n,none,Bill,none,none,male
Wizard,1690,none,Wizard,none,none,none,none,male
Trot,1694,none,Trot,none,none,none,none,female
Wizard,1695,none,Wizard,none,none,none,none,male
Cap'n Bill,1698,none,Cap'n,none,Bill,none,none,male
Wizard,1699,none,Wizard,none,none,none,none,male
Trot,1703,none,Trot,none,none,none,none,female
Wizard,1704,none,Wizard,none,none,none,none,male
Cap'n Bill,1705,none,Cap'n,none,Bill,none,none,male
Ozma,1706,none,Ozma,none,none,none,none,female
Dorothy,1706,none,Dorothy,none,none,none,none,female
Trot,1706,none,Trot,none,none,none,none,female
Dorothy,1709,none,Dorothy,none,none,none,none,female
Cap'n Bill,1709,none,Cap'n,none,Bill,none,none,male
Dorothy,1710,none,Dorothy,none,none,none,none,female
Wizard,1711,none,Wizard,none,none,none,none,male
Dorothy,1715,none,Dorothy,none,none,none,none,female
Wizard,1715,none,Wizard,none,none,none,none,male
Trot,1715,none,Trot,none,none,none,none,female
Cap'n Bill,1715,none,Cap'n,none,Bill,none,none,male
Dorothy,1716,none,Dorothy,none,none,none,none,female
Wizard,1716,none,Wizard,none,none,none,none,male
Cap'n Bill,1721,none,Cap'n,none,Bill,none,none,male
Wizard,1723,none,Wizard,none,none,none,none,male
Cap'n Bill,1723,none,Cap'n,none,Bill,none,none,male
Wizard,1729,none,Wizard,none,none,none,none,male
Cap'n Bill,1729,none,Cap'n,none,Bill,none,none,male
Pyrzqxgl,1729,none,Pyrzqxgl,none,none,none,none,male
Trot,1730,none,Trot,none,none,none,none,female
Cap'n Bill,1730,none,Cap'n,none,Bill,none,none,male
Dorothy,1731,none,Dorothy,none,none,none,none,female
Wizard,1732,none,Wizard,none,none,none,none,male
Lion,1733,none,Lion,none,none,none,none,male
Tiger,1733,none,Tiger,none,none,none,none,male
Wizard,1734,none,Wizard,none,none,none,none,male
Dorothy,1735,none,Dorothy,none,none,none,none,female
Wizard,1735,none,Wizard,none,none,none,none,male
Lion,1736,none,Lion,none,none,none,none,male
Hungry Tiger,1738,none,Hungry,none,Tiger,none,none,male
Dorothy,1740,none,Dorothy,none,none,none,none,female
Tiger,1741,none,Tiger,none,none,none,none,male
Dorothy,1743,none,Dorothy,none,none,none,none,female
Dorothy,1747,none,Dorothy,none,none,none,none,female
Cap'n Bill,1748,none,Cap'n,none,Bill,none,none,male
Dorothy,1749,none,Dorothy,none,none,none,none,female
Wizard,1749,none,Wizard,none,none,none,none,male
Dorothy,1750,none,Dorothy,none,none,none,none,female
Wizard,1752,none,Wizard,none,none,none,none,male
Trot,1752,none,Trot,none,none,none,none,female
Cap'n Bill,1752,none,Cap'n,none,Bill,none,none,male
Wizard,1753,none,Wizard,none,none,none,none,male
Dorothy,1755,none,Dorothy,none,none,none,none,female
Trot,1755,none,Trot,none,none,none,none,female
Trot,1755,none,Trot,none,none,none,none,female
Wizard,1755,none,Wizard,none,none,none,none,male
Cap'n Bill,1755,none,Cap'n,none,Bill,none,none,male
Lion,1756,none,Lion,none,none,none,none,male
Cap'n Bill,1757,none,Cap'n,none,Bill,none,none,male
Wizard,1760,none,Wizard,none,none,none,none,male
Dorothy,1772,none,Dorothy,none,none,none,none,female
Cap'n,1773,none,Cap'n,none,none,none,none,female
Bill,1774,none,Bill,none,none,none,none,male
Ozma,1776,none,Ozma,none,none,none,none,female
Trot,1777,none,Trot,none,none,none,none,female
Wizard,1778,none,Wizard,none,none,none,none,male
Wizard,1779,none,Wizard,none,none,none,none,male
Cap'n Bill,1780,none,Cap'n,none,Bill,none,none,male
Magic Flower,1784,none,Magic,none,Flower,none,none,female
Bill,1785,none,Bill,none,none,none,none,male
Dorothy,1787,none,Dorothy,none,none,none,none,female
Wizard,1788,none,Wizard,none,none,none,none,male
Trot,1789,none,Trot,none,none,none,none,female
Cap'n Bill,1790,none,Cap'n,none,Bill,none,none,male
Ozma,1790,none,Ozma,none,none,none,none,female
Dorothy,1791,none,Dorothy,none,none,none,none,female
Trot,1792,none,Trot,none,none,none,none,female
Ozma,1792,none,Ozma,none,none,none,none,female
Bill,1793,none,Bill,none,none,none,none,male
Glass Cat,1794,none,Glass,none,Cat,none,none,female
Wizard,1795,none,Wizard,none,none,none,none,male
Trot,1796,none,Trot,none,none,none,none,female
Ozma,1796,none,Ozma,none,none,none,none,female
Wizard,1797,none,Wizard,none,none,none,none,male
Cap'n,1798,none,Cap'n,none,none,none,none,female
Bill,1799,none,Bill,none,none,none,none,male
Dorothy,1803,none,Dorothy,none,none,none,none,female
Trot,1805,none,Trot,none,none,none,none,female
Cap'n Bill,1806,none,Cap'n,none,Bill,none,none,male
Wizard,1809,none,Wizard,none,none,none,none,male
Cap'n Bill,1813,none,Cap'n,none,Bill,none,none,male
Wizard,1814,none,Wizard,none,none,none,none,male
Wizard,1814,none,Wizard,none,none,none,none,male
Cap'n Bill,1816,none,Cap'n,none,Bill,none,none,male
Magic Flower,1816,none,Magic,none,Flower,none,none,female
Trot,1818,none,Trot,none,none,none,none,female
Dorothy,1818,none,Dorothy,none,none,none,none,female
Wizard,1819,none,Wizard,none,none,none,none,male
Glass Cat,1819,none,Glass,none,Cat,none,none,female
Glass Cat,1821,none,Glass,none,Cat,none,none,female
Glass Cat,1822,none,Glass,none,Cat,none,none,female
Trot,1823,none,Trot,none,none,none,none,female
Dorothy,1823,none,Dorothy,none,none,none,none,female
Cat,1823,none,Cat,none,none,none,none,male
Cat,1824,none,Cat,none,none,none,none,male
Cat,1824,none,Cat,none,none,none,none,male
Wizard,1826,none,Wizard,none,none,none,none,male
Dorothy,1827,none,Dorothy,none,none,none,none,female
Trot,1827,none,Trot,none,none,none,none,female
Cap'n Bill,1828,none,Cap'n,none,Bill,none,none,male
Wizard,1829,none,Wizard,none,none,none,none,male
Lion,1831,none,Lion,none,none,none,none,male
Tiger,1831,none,Tiger,none,none,none,none,male
Hungry Tiger,1834,none,Hungry,none,Tiger,none,none,male
Tiger,1835,none,Tiger,none,none,none,none,male
Glass Cat,1837,none,Glass,none,Cat,none,none,female
Dorothy,1844,none,Dorothy,none,none,none,none,female
Trot,1844,none,Trot,none,none,none,none,female
Wizard,1844,none,Wizard,none,none,none,none,male
Bill,1846,none,Bill,none,none,none,none,male
Wizard,1846,none,Wizard,none,none,none,none,male
Wizard,1847,none,Wizard,none,none,none,none,male
Cat,1848,none,Cat,none,none,none,none,male
Oz,1849,none,Oz,none,none,none,none,male
Glass Cat,1850,none,Glass,none,Cat,none,none,female
Wizard,1850,none,Wizard,none,none,none,none,male
Dorothy,1850,none,Dorothy,none,none,none,none,female
Glass Cat,1851,none,Glass,none,Cat,none,none,female
Wizard,1852,none,Wizard,none,none,none,none,male
Wizard,1855,none,Wizard,none,none,none,none,male
Ozma,1856,none,Ozma,none,none,none,none,female
Scarecrow,1856,none,Scarecrow,none,none,none,none,male
Tin Woodman,1856,none,Tin,none,Woodman,none,none,male
Tik-Tok,1856,none,Tik-Tok,none,none,none,none,male
Shaggy Man,1856,none,Shaggy,none,Man,none,none,male
Button,1856,none,Button,none,none,none,none,male
Button-Bright,1856,none,Button-Bright,none,none,none,none,male
Dorothy,1856,none,Dorothy,none,none,none,none,female
Pink Kitten,1858,none,Pink,none,Kitten,none,none,female
Glass Cat,1858,none,Glass,none,Cat,none,none,female
Glass Cat,1858,none,Glass,none,Cat,none,none,female
Pink Kitten,1858,none,Pink,none,Kitten,none,none,female
Pink Kitten,1859,none,Pink,none,Kitten,none,none,female
Glass Cat,1860,none,Glass,none,Cat,none,none,female
Cat,1861,none,Cat,none,none,none,none,male
Dorothy,1863,none,Dorothy,none,none,none,none,female
Wizard,1864,none,Wizard,none,none,none,none,male
Cap'n Bill,1865,none,Cap'n,none,Bill,none,none,male
Dorothy,1866,none,Dorothy,none,none,none,none,female
Dorothy,1872,none,Dorothy,none,none,none,none,female
Ozma,1872,none,Ozma,none,none,none,none,female
Wogglebug,1872,none,Wogglebug,none,none,none,none,male
T.E.,1872,none,T.E.,none,none,none,none,female
Wogglebug,1874,none,Wogglebug,none,none,none,none,male
Wogglebug,1879,none,Wogglebug,none,none,none,none,male
Wogglebug,1880,none,Wogglebug,none,none,none,none,male
Wogglebug,1883,none,Wogglebug,none,none,none,none,male
Ozma,1885,none,Ozma,none,none,none,none,female
Cap'n Bill,1886,none,Cap'n,none,Bill,none,none,male
Magic Flower,1886,none,Magic,none,Flower,none,none,female
Trot,1886,none,Trot,none,none,none,none,female
Jellia Jamb,1886,none,Jellia,none,Jamb,none,none,female
Ozma,1886,none,Ozma,none,none,none,none,female
Jellia,1886,none,Jellia,none,none,none,none,female
Wizard,1887,none,Wizard,none,none,none,none,male
Trot,1888,none,Trot,none,none,none,none,female
Dorothy,1888,none,Dorothy,none,none,none,none,female
Cap'n Bill,1888,none,Cap'n,none,Bill,none,none,male
Wizard,1888,none,Wizard,none,none,none,none,male
Cowardly Lion,1889,none,Cowardly,none,Lion,none,none,male
Sawhorse,1889,none,Sawhorse,none,none,none,none,male
Hank the Mule,1889,none,Hank the Mule,none,none,none,none,male
Pink Kitten,1889,none,Pink,none,Kitten,none,none,female
Magic Flower,1890,none,Magic,none,Flower,none,none,female
Betsy Bobbin,1890,none,Betsy,none,Bobbin,none,none,female
Dorothy,1890,none,Dorothy,none,none,none,none,female
Trot,1891,none,Trot,none,none,none,none,female
Ozma,1891,none,Ozma,none,none,none,none,female
Wizard,1892,none,Wizard,none,none,none,none,male
Wizard,1893,none,Wizard,none,none,none,none,male
Ozma,1893,none,Ozma,none,none,none,none,female
Ozma,1897,none,Ozma,none,none,none,none,female
Ozma,1900,none,Ozma,none,none,none,none,female
Ozma,1901,none,Ozma,none,none,none,none,female
Dorothy,1902,none,Dorothy,none,none,none,none,female
Trot,1902,none,Trot,none,none,none,none,female
Betsy Bobbin,1902,none,Betsy,none,Bobbin,none,none,female
Ozma,1902,none,Ozma,none,none,none,none,female
Ozma,1903,none,Ozma,none,none,none,none,female
Ozma,1904,none,Ozma,none,none,none,none,female
Ozma,1905,none,Ozma,none,none,none,none,female
Ozma,1907,none,Ozma,none,none,none,none,female
Ozma,1908,none,Ozma,none,none,none,none,female
Ozma,1911,none,Ozma,none,none,none,none,female
Ozma,1912,none,Ozma,none,none,none,none,female
Ozma,1916,none,Ozma,none,none,none,none,female
Oz,1917,none,Oz,none,none,none,none,male
Ozma,1917,none,Ozma,none,none,none,none,female
Ozma,1918,none,Ozma,none,none,none,none,female
Jellia Jamb,1920,none,Jellia,none,Jamb,none,none,female
Royal Ozma,1921,Royal,none,none,Ozma,none,none,male
Ozma,1923,none,Ozma,none,none,none,none,female
Tin Woodman,1924,none,Tin,none,Woodman,none,none,male
Tin Woodman,1925,none,Tin,none,Woodman,none,none,male
Scarecrow,1926,none,Scarecrow,none,none,none,none,male
Dorothy,1926,none,Dorothy,none,none,none,none,female
Tik-Tok,1926,none,Tik-Tok,none,none,none,none,male
Tok,1926,none,Tok,none,none,none,none,female
Clockwork Man,1926,none,Clockwork,none,Man,none,none,male
Aunt Them,1927,Aunt,Them,none,none,none,none,female
Uncle Henry,1927,Uncle,Henry,none,none,none,none,male
Dorothy,1927,none,Dorothy,none,none,none,none,female
Betsy Bobbin,1928,none,Betsy,none,Bobbin,none,none,female
Shaggy Man,1928,none,Shaggy,none,Man,none,none,male
Tin Woodman,1929,none,Tin,none,Woodman,none,none,male
Trot,1929,none,Trot,none,none,none,none,female
Cap'n Bill,1929,none,Cap'n,none,Bill,none,none,male
Button,1930,none,Button,none,none,none,none,male
Button-Bright,1930,none,Button-Bright,none,none,none,none,male
Ojo,1930,none,Ojo,none,none,none,none,male
Ojo the Lucky,1930,none,Ojo the Lucky,none,none,none,none,male
Pipt,1930,none,Pipt,none,none,none,none,male
Frogman,1930,none,Frogman,none,none,none,none,male
Ozma,1931,none,Ozma,none,none,none,none,female
Glinda,1931,none,Glinda,none,none,none,none,female
Sorceress,1931,none,Sorceress,none,none,none,none,female
Oz,1931,none,Oz,none,none,none,none,male
Ozma,1931,none,Ozma,none,none,none,none,female
Glinda,1932,none,Glinda,none,none,none,none,female
Glinda,1932,none,Glinda,none,none,none,none,female
Jinjur,1933,none,Jinjur,none,none,none,none,female
Ozma,1933,none,Ozma,none,none,none,none,female
Dorothy,1933,none,Dorothy,none,none,none,none,female
Wogglebug,1934,none,Wogglebug,none,none,none,none,male
T.E.,1934,none,T.E.,none,none,none,none,female
Glinda,1935,none,Glinda,none,none,none,none,female
Sorceress,1935,none,Sorceress,none,none,none,none,female
Shaggy Man,1936,none,Shaggy,none,Man,none,none,male
Jack Pumpkinhead,1936,none,Jack,none,Pumpkinhead,none,none,male
Ozma,1936,none,Ozma,none,none,none,none,female
Jack,1937,none,Jack,none,none,none,none,male
Ozma,1939,none,Ozma,none,none,none,none,female
Magic Flower,1939,none,Magic,none,Flower,none,none,female
Ozma,1940,none,Ozma,none,none,none,none,female
Ruler,1941,none,Ruler,none,none,none,none,female
Scarecrow,1941,none,Scarecrow,none,none,none,none,male
Tin Woodman,1941,none,Tin,none,Woodman,none,none,male
Tik-Tok,1941,none,Tik-Tok,none,none,none,none,male
Tok,1941,none,Tok,none,none,none,none,female
Jack Pumpkinhead,1941,none,Jack,none,Pumpkinhead,none,none,male
Toto,1942,none,Toto,none,none,none,none,male
Dorothy,1942,none,Dorothy,none,none,none,none,female
Hank the Mule,1942,none,Hank the Mule,none,none,none,none,male
Ozma,1945,none,Ozma,none,none,none,none,female
Dorothy,1945,none,Dorothy,none,none,none,none,female
Wizard,1945,none,Wizard,none,none,none,none,male
Ozma,1945,none,Ozma,none,none,none,none,female
Dorothy,1945,none,Dorothy,none,none,none,none,female
Ozma,1945,none,Ozma,none,none,none,none,female
Jellia Jamb,1946,none,Jellia,none,Jamb,none,none,female
Ozma,1946,none,Ozma,none,none,none,none,female
Ozma,1947,none,Ozma,none,none,none,none,female
Ozma,1949,none,Ozma,none,none,none,none,female
Dorothy,1951,none,Dorothy,none,none,none,none,female
Ozma,1952,none,Ozma,none,none,none,none,female
Glinda,1952,none,Glinda,none,none,none,none,female
Good,1952,none,Good,none,none,none,none,female
Ruler,1952,none,Ruler,none,none,none,none,female
Magic Flower,1953,none,Magic,none,Flower,none,none,female
Trot,1953,none,Trot,none,none,none,none,female
Glass Cat,1954,none,Glass,none,Cat,none,none,female
Wizard,1954,none,Wizard,none,none,none,none,male
Cap'n,1954,none,Cap'n,none,none,none,none,female
Bill,1955,none,Bill,none,none,none,none,male
Ozma,1956,none,Ozma,none,none,none,none,female
Magic Flower,1956,none,Magic,none,Flower,none,none,female
Glinda,1957,none,Glinda,none,none,none,none,female
Ozma,1957,none,Ozma,none,none,none,none,female
Wizard,1959,none,Wizard,none,none,none,none,male
Dorothy,1959,none,Dorothy,none,none,none,none,female
Ozma,1959,none,Ozma,none,none,none,none,female
Dorothy,1959,none,Dorothy,none,none,none,none,female
Dorothy,1960,none,Dorothy,none,none,none,none,female
Wizard,1960,none,Wizard,none,none,none,none,male
Dorothy,1961,none,Dorothy,none,none,none,none,female
Wizard,1963,none,Wizard,none,none,none,none,male
Ozma,1964,none,Ozma,none,none,none,none,female
Ozma,1967,none,Ozma,none,none,none,none,female
Wizard,1969,none,Wizard,none,none,none,none,male
Ozma,1971,none,Ozma,none,none,none,none,female
Wizard,1974,none,Wizard,none,none,none,none,male
Glinda,1975,none,Glinda,none,none,none,none,female
Dorothy,1979,none,Dorothy,none,none,none,none,female
Ozma,1981,none,Ozma,none,none,none,none,female
Wizard,1983,none,Wizard,none,none,none,none,male
Wizard,1985,none,Wizard,none,none,none,none,male
Dorothy,1985,none,Dorothy,none,none,none,none,female
Ozma,1986,none,Ozma,none,none,none,none,female
Dorothy,1987,none,Dorothy,none,none,none,none,female
Dorothy,1988,none,Dorothy,none,none,none,none,female
Wizard,1988,none,Wizard,none,none,none,none,male
Ozma,1991,none,Ozma,none,none,none,none,female
Cowardly Lion,1992,none,Cowardly,none,Lion,none,none,male
Ozma,1993,none,Ozma,none,none,none,none,female
Wizard,1993,none,Wizard,none,none,none,none,male
Dorothy,1995,none,Dorothy,none,none,none,none,female
Wizard,1996,none,Wizard,none,none,none,none,male
Kiki Aru,1998,none,Kiki,none,Aru,none,none,male
Hyup,1998,none,Hyup,none,none,none,none,male
Ozma,2001,none,Ozma,none,none,none,none,female
Wizard,2001,none,Wizard,none,none,none,none,male
Dorothy,2001,none,Dorothy,none,none,none,none,female
Ozma,2003,none,Ozma,none,none,none,none,female
Wizard,2003,none,Wizard,none,none,none,none,male
Dorothy,2003,none,Dorothy,none,none,none,none,female
Kiki Aru,2004,none,Kiki,none,Aru,none,none,male
Ozma,2004,none,Ozma,none,none,none,none,female
Dorothy,2004,none,Dorothy,none,none,none,none,female
Dorothy,2005,none,Dorothy,none,none,none,none,female
Kiki,2008,none,Kiki,none,none,none,none,male
Wizard,2011,none,Wizard,none,none,none,none,male
Munchkins,2012,none,Munchkins,none,none,none,none,male
Ozma,2014,none,Ozma,none,none,none,none,female
Dorothy,2016,none,Dorothy,none,none,none,none,female
Ozma,2020,none,Ozma,none,none,none,none,female
Wizard,2022,none,Wizard,none,none,none,none,male
Pyrzqxgl,2022,none,Pyrzqxgl,none,none,none,none,male
Ruggedo,2023,none,Ruggedo,none,none,none,none,male
Nome,2023,none,Nome,none,none,none,none,male
Dorothy,2024,none,Dorothy,none,none,none,none,female
Ruggedo,2025,none,Ruggedo,none,none,none,none,male
Nome,2026,none,Nome,none,none,none,none,male
Oz,2029,none,Oz,none,none,none,none,male
Ruggedo,2030,none,Ruggedo,none,none,none,none,male
Wizard,2036,none,Wizard,none,none,none,none,male
Dorothy,2038,none,Dorothy,none,none,none,none,female
Nome,2042,none,Nome,none,none,none,none,male
Munchkin,2043,none,Munchkin,none,none,none,none,male
Ozma,2043,none,Ozma,none,none,none,none,female
Ruggedo,2044,none,Ruggedo,none,none,none,none,male
Lion,2048,none,Lion,none,none,none,none,male
Lion,2049,none,Lion,none,none,none,none,male
Wizard,2050,none,Wizard,none,none,none,none,male
Nome,2051,none,Nome,none,none,none,none,male
Ozma,2053,none,Ozma,none,none,none,none,female
Nomes,2055,none,Nomes,none,none,none,none,male
