name,sentence_id,new_name,,,,
Dorothy Gale,10,Dorothy the Lamb,,,,
Uncle Henry,10,Uncle Henry,,,,
Henry,11,Uncle Henry,,,,
Dorothy,13,Dorothy the Lamb,,,,
Uncle Henry,13,Uncle Henry,,,,
Uncle Henry,16,Uncle Henry,,,,
Dorothy,19,Dorothy the Lamb,,,,
Uncle Henry,19,Uncle Henry,,,,
Uncle Henry,22,Uncle Henry,,,,
Dorothy,22,Dorothy the Lamb,,,,
Dorothy,25,Dorothy the Lamb,,,,
Uncle Henry,26,Uncle Henry,,,,
Uncle Henry,27,Uncle Henry,,,,
Dorothy,29,Dorothy the Lamb,,,,
Dorothy,31,Dorothy the Lamb,,,,
Dorothy,33,Dorothy the Lamb,,,,
Dorothy,35,Dorothy the Lamb,,,,
Dorothy,42,Dorothy the Lamb,,,,
Uncle Henry,42,Uncle Henry,,,,
Dorothy Gale,47,Dorothy the Lamb,,,,
Dorothy,51,Dorothy the Lamb,,,,
Dorothy,52,Dorothy the Lamb,,,,
Dorothy,54,Dorothy the Lamb,,,,
Dorothy,55,Dorothy the Lamb,,,,
Dorothy,59,Dorothy the Lamb,,,,
Dorothy,66,Dorothy the Lamb,,,,
Dorothy,74,Dorothy the Lamb,,,,
Dorothy,79,Dorothy the Lamb,,,,
Dorothy,86,Dorothy the Lamb,,,,
Dorothy,91,Dorothy the Lamb,,,,
Dorothy,94,Dorothy the Lamb,,,,
Dorothy,102,Dorothy the Lamb,,,,
Dorothy,105,Dorothy the Lamb,,,,
Dorothy,112,Dorothy the Lamb,,,,
Dorothy,114,Dorothy the Lamb,,,,
Dorothy,118,Dorothy the Lamb,,,,
Dorothy,121,Dorothy the Lamb,,,,
Dorothy,127,Dorothy the Lamb,,,,
Bill,135,Billina,,,,
Bill,141,Billina,,,,
Bill,142,Billina,,,,
Bill,143,Billina,,,,
Bill,143,Billina,,,,
Dorothy,144,Dorothy the Lamb,,,,
Billina,144,Billina,,,,
Billina,148,Billina,,,,
Dorothy Gale,149,Dorothy the Lamb,,,,
Dorothy,149,Dorothy the Lamb,,,,
Miss Gale,149,Dorothy the Lamb,,,,
Dorothy,150,Dorothy the Lamb,,,,
Dorothy,158,Dorothy the Lamb,,,,
Dorothy,159,Dorothy the Lamb,,,,
Billina,160,Billina,,,,
Dorothy,161,Dorothy the Lamb,,,,
Dorothy,167,Dorothy the Lamb,,,,
Dorothy,171,Dorothy the Lamb,,,,
Dorothy,173,Dorothy the Lamb,,,,
Billina,174,Billina,,,,
Dorothy,176,Dorothy the Lamb,,,,
Dorothy,183,Dorothy the Lamb,,,,
Billina,184,Billina,,,,
Billina,186,Billina,,,,
Dorothy,190,Dorothy the Lamb,,,,
Billina,197,Billina,,,,
Dorothy,197,Dorothy the Lamb,,,,
Billina,203,Billina,,,,
Dorothy,207,Dorothy the Lamb,,,,
Billina,211,Billina,,,,
Dorothy,212,Dorothy the Lamb,,,,
Dorothy,218,Dorothy the Lamb,,,,
Dorothy,220,Dorothy the Lamb,,,,
Dorothy,223,Dorothy the Lamb,,,,
Billina,229,Billina,,,,
Dorothy,232,Dorothy the Lamb,,,,
Dorothy,241,Dorothy the Lamb,,,,
Dorothy,244,Dorothy the Lamb,,,,
Billina,245,Billina,,,,
Dorothy,249,Dorothy the Lamb,,,,
Billina,249,Billina,,,,
Billina,251,Billina,,,,
Billina,254,Billina,,,,
Billina,257,Billina,,,,
Dorothy,258,Dorothy the Lamb,,,,
Billina,263,Billina,,,,
Dorothy,264,Dorothy the Lamb,,,,
Dorothy,266,Dorothy the Lamb,,,,
Dorothy,268,Dorothy the Lamb,,,,
Wheeler,272,Wheeler,,,,
Dorothy,272,Dorothy the Lamb,,,,
Dorothy,275,Dorothy the Lamb,,,,
Wheeler,275,Wheeler,,,,
Billina,279,Billina,,,,
Dorothy,280,Dorothy the Lamb,,,,
Dorothy,281,Dorothy the Lamb,,,,
Wheeler,282,Wheeler,,,,
Dorothy,283,Dorothy the Lamb,,,,
Billina,284,Billina,,,,
Dorothy,286,Dorothy the Lamb,,,,
Dorothy,287,Dorothy the Lamb,,,,
Billina,288,Billina,,,,
Dorothy,289,Dorothy the Lamb,,,,
Dorothy,292,Dorothy the Lamb,,,,
Billina,300,Billina,,,,
Dorothy,303,Dorothy the Lamb,,,,
Dorothy,308,Dorothy the Lamb,,,,
Billina,308,Billina,,,,
Dorothy,310,Dorothy the Lamb,,,,
Billina,310,Billina,,,,
Dorothy,312,Dorothy the Lamb,,,,
Dorothy,313,Dorothy the Lamb,,,,
Dorothy,315,Dorothy the Lamb,,,,
Billina,316,Billina,,,,
Dorothy,320,Dorothy the Lamb,,,,
Billina,321,Billina,,,,
Dorothy,324,Dorothy the Lamb,,,,
Billina,325,Billina,,,,
Dorothy,326,Dorothy the Lamb,,,,
Dorothy,328,Dorothy the Lamb,,,,
Dorothy,330,Dorothy the Lamb,,,,
Billina,333,Billina,,,,
Dorothy,337,Dorothy the Lamb,,,,
Nick Chopper,337,Emperor of the Winkies,,,,
Dorothy,341,Dorothy the Lamb,,,,
Dorothy,343,Dorothy the Lamb,,,,
Dorothy,346,Dorothy the Lamb,,,,
Dorothy,351,Dorothy the Lamb,,,,
Billina,352,Billina,,,,
Dorothy,361,Dorothy the Lamb,,,,
Billina,362,Billina,,,,
Dorothy,366,Dorothy the Lamb,,,,
Billina,369,Billina,,,,
Dorothy,371,Dorothy the Lamb,,,,
Dorothy,373,Dorothy the Lamb,,,,
Dorothy,378,Dorothy the Lamb,,,,
Billina,378,Billina,,,,
Dorothy,381,Dorothy the Lamb,,,,
Ev,384,Evoldo,,,,
Ev,384,Evoldo,,,,
Nome King,387,Roquat of the Rocks,,,,
Dorothy,391,Dorothy the Lamb,,,,
Dorothy,395,Dorothy the Lamb,,,,
Dorothy,398,Dorothy the Lamb,,,,
Dorothy,403,Dorothy the Lamb,,,,
Dorothy,411,Dorothy the Lamb,,,,
Tiktok,413,Tiktok,,,,
Tiktok,417,Tiktok,,,,
Dorothy,418,Dorothy the Lamb,,,,
Billina,419,Billina,,,,
Dorothy,421,Dorothy the Lamb,,,,
Tiktok,423,Tiktok,,,,
Dorothy,428,Dorothy the Lamb,,,,
Dorothy,434,Dorothy the Lamb,,,,
Billina,435,Billina,,,,
Dorothy,439,Dorothy the Lamb,,,,
Tiktok,440,Tiktok,,,,
Dorothy,441,Dorothy the Lamb,,,,
Ev,443,Evoldo,,,,
Billina,445,Billina,,,,
Dorothy,446,Dorothy the Lamb,,,,
Dorothy,451,Dorothy the Lamb,,,,
Tiktok,452,Tiktok,,,,
Tiktok,455,Tiktok,,,,
Dorothy,456,Dorothy the Lamb,,,,
Billina,457,Billina,,,,
Dorothy,457,Dorothy the Lamb,,,,
Dorothy,461,Dorothy the Lamb,,,,
Tiktok,462,Tiktok,,,,
Billina,463,Billina,,,,
Tiktok,465,Tiktok,,,,
Ev,467,Evoldo,,,,
Nome King,467,Roquat of the Rocks,,,,
Dorothy,471,Dorothy the Lamb,,,,
Tiktok,471,Tiktok,,,,
Ev,474,Evoldo,,,,
Dorothy,476,Dorothy the Lamb,,,,
Tiktok,478,Tiktok,,,,
Dorothy,482,Dorothy the Lamb,,,,
Smith,485,Smith & Tin,,,,
Tiktok,488,Tiktok,,,,
Dorothy,490,Dorothy the Lamb,,,,
Tiktok,491,Tiktok,,,,
Dorothy,496,Dorothy the Lamb,,,,
Dorothy,499,Dorothy the Lamb,,,,
Billina,500,Billina,,,,
Dorothy,501,Dorothy the Lamb,,,,
Billina,504,Billina,,,,
Dorothy,507,Dorothy the Lamb,,,,
Billina,510,Billina,,,,
Tiktok,511,Tiktok,,,,
Billina,513,Billina,,,,
Dorothy,514,Dorothy the Lamb,,,,
Dorothy,518,Dorothy the Lamb,,,,
Billina,522,Billina,,,,
Tiktok,524,Tiktok,,,,
Dorothy,525,Dorothy the Lamb,,,,
Tiktok,526,Tiktok,,,,
Jin-jur,527,General Jinjur,,,,
Oz,527,Oz,,,,
Oz-ma,527,Royal Ozma,,,,
Dorothy,528,Dorothy the Lamb,,,,
Tin Woodman,530,Emperor of the Winkies,,,,
Ozma,531,Royal Ozma,,,,
Tiktok,532,Tiktok,,,,
Dorothy,534,Dorothy the Lamb,,,,
Dorothy,534,Dorothy the Lamb,,,,
Tiktok,535,Tiktok,,,,
Dorothy,537,Dorothy the Lamb,,,,
Tiktok,539,Tiktok,,,,
Dorothy,539,Dorothy the Lamb,,,,
Dorothy,541,Dorothy the Lamb,,,,
Tiktok,545,Tiktok,,,,
Wheeler,545,Wheeler,,,,
Wheeler,546,Wheeler,,,,
Tiktok,548,Tiktok,,,,
Wheeler,548,Wheeler,,,,
Wheeler,549,Wheeler,,,,
Tiktok,551,Tiktok,,,,
Dorothy,555,Dorothy the Lamb,,,,
Billina,555,Billina,,,,
Wheeler,559,Wheeler,,,,
Tiktok,559,Tiktok,,,,
Tiktok,561,Tiktok,,,,
Wheeler,561,Wheeler,,,,
Tiktok,563,Tiktok,,,,
Wheeler,564,Wheeler,,,,
Tiktok,566,Tiktok,,,,
Wheeler,568,Wheeler,,,,
Wheeler,574,Wheeler,,,,
Dorothy,574,Dorothy the Lamb,,,,
Dorothy,579,Dorothy the Lamb,,,,
Wheeler,579,Wheeler,,,,
Tiktok,579,Tiktok,,,,
Billina,579,Billina,,,,
Wheeler,581,Wheeler,,,,
Tiktok,583,Tiktok,,,,
Wheeler,587,Wheeler,,,,
Tiktok,588,Tiktok,,,,
Tiktok,589,Tiktok,,,,
Wheeler,592,Wheeler,,,,
Nome King,595,Roquat of the Rocks,,,,
Langwidere,596,Langwidere,,,,
Evoldo,596,Evoldo,,,,
Langwidere,597,Langwidere,,,,
Tiktok,598,Tiktok,,,,
Wheeler,600,Wheeler,,,,
Langwidere,601,Langwidere,,,,
Dorothy,603,Dorothy the Lamb,,,,
Wheeler,605,Wheeler,,,,
Wheeler,608,Wheeler,,,,
Dorothy,615,Dorothy the Lamb,,,,
Tiktok,619,Tiktok,,,,
Wheeler,619,Wheeler,,,,
Dorothy,621,Dorothy the Lamb,,,,
Wheeler,621,Wheeler,,,,
Langwidere,623,Langwidere,,,,
Wheeler,624,Wheeler,,,,
Tiktok,626,Tiktok,,,,
Langwidere,627,Langwidere,,,,
Dorothy,627,Dorothy the Lamb,,,,
Dorothy,631,Dorothy the Lamb,,,,
Shoo,632,Shoo,,,,
Billina,632,Billina,,,,
Billina,636,Billina,,,,
Billina,639,Billina,,,,
Dorothy,640,Dorothy the Lamb,,,,
Langwidere,642,Langwidere,,,,
Dorothy,643,Dorothy the Lamb,,,,
Billina,644,Billina,,,,
Dorothy Gale,648,Dorothy the Lamb,,,,
Tiktok,648,Tiktok,,,,
Billina,648,Billina,,,,
Langwidere,650,Langwidere,,,,
Langwidere,651,Langwidere,,,,
Langwidere,656,Langwidere,,,,
Dorothy Gale,657,Dorothy the Lamb,,,,
Tiktok,657,Tiktok,,,,
Billina,657,Billina,,,,
Dorothy Gale,660,Dorothy the Lamb,,,,
Tiktok,662,Tiktok,,,,
Nanda,666,Nanda,,,,
Nanda,669,Nanda,,,,
Langwidere,672,Langwidere,,,,
Nanda,672,Nanda,,,,
Langwidere,673,Langwidere,,,,
Langwidere,675,Langwidere,,,,
Nanda,688,Nanda,,,,
Langwidere,688,Langwidere,,,,
Langwidere,689,Langwidere,,,,
Langwidere,692,Langwidere,,,,
Langwidere,695,Langwidere,,,,
Dorothy,697,Dorothy the Lamb,,,,
Billina,698,Billina,,,,
Tiktok,699,Tiktok,,,,
Dorothy,701,Dorothy the Lamb,,,,
Dorothy,703,Dorothy the Lamb,,,,
Dorothy,708,Dorothy the Lamb,,,,
Dorothy,710,Dorothy the Lamb,,,,
Langwidere,710,Langwidere,,,,
Dorothy,715,Dorothy the Lamb,,,,
Dorothy,719,Dorothy the Lamb,,,,
Langwidere,723,Langwidere,,,,
Nanda,724,Nanda,,,,
Nanda,725,Nanda,,,,
Dorothy,727,Dorothy the Lamb,,,,
Tiktok,729,Tiktok,,,,
Tiktok,732,Tiktok,,,,
Dorothy,733,Dorothy the Lamb,,,,
Dorothy,738,Dorothy the Lamb,,,,
Dorothy,740,Dorothy the Lamb,,,,
Langwidere,741,Langwidere,,,,
Dorothy,741,Dorothy the Lamb,,,,
Langwidere,744,Langwidere,,,,
Nanda,744,Nanda,,,,
Billina,744,Billina,,,,
Nanda,747,Nanda,,,,
Billina,749,Billina,,,,
Langwidere,751,Langwidere,,,,
Nanda,752,Nanda,,,,
Dorothy,752,Dorothy the Lamb,,,,
Dorothy,770,Dorothy the Lamb,,,,
Lion,772,Cowardly Lion,,,,
Tiger,772,Hungry Tiger,,,,
Dorothy,775,Dorothy the Lamb,,,,
Ozma,775,Royal Ozma,,,,
Oz,775,Oz,,,,
Tiktok,775,Tiktok,,,,
Dorothy,776,Dorothy the Lamb,,,,
Scarecrow,776,Scarecrow of Oz,,,,
Nick Chopper,777,Emperor of the Winkies,,,,
Tin Woodman,777,Emperor of the Winkies,,,,
Tin Woodman,778,Emperor of the Winkies,,,,
Dorothy,780,Dorothy the Lamb,,,,
Oz,780,Oz,,,,
Scarecrow,780,Scarecrow of Oz,,,,
Tin Woodman,780,Emperor of the Winkies,,,,
Ozma,782,Royal Ozma,,,,
Lion,783,Cowardly Lion,,,,
Tiger,783,Hungry Tiger,,,,
Dorothy,783,Dorothy the Lamb,,,,
Scarecrow,784,Scarecrow of Oz,,,,
Dorothy,785,Dorothy the Lamb,,,,
Dorothy,788,Dorothy the Lamb,,,,
Dorothy,789,Dorothy the Lamb,,,,
Scarecrow,789,Scarecrow of Oz,,,,
Dorothy Gale,790,Dorothy the Lamb,,,,
Dorothy,792,Dorothy the Lamb,,,,
Scarecrow,792,Scarecrow of Oz,,,,
Scarecrow,796,Scarecrow of Oz,,,,
Scarecrow,799,Scarecrow of Oz,,,,
Dorothy,800,Dorothy the Lamb,,,,
Wheeler,802,Wheeler,,,,
Tin Woodman,804,Emperor of the Winkies,,,,
Scarecrow,805,Scarecrow of Oz,,,,
Langwidere,808,Langwidere,,,,
Ozma,809,Royal Ozma,,,,
Dorothy,809,Dorothy the Lamb,,,,
Dorothy,810,Dorothy the Lamb,,,,
Ozma,811,Royal Ozma,,,,
Dorothy,813,Dorothy the Lamb,,,,
Oz,813,Oz,,,,
Ozma,814,Royal Ozma,,,,
Tin Woodman,814,Emperor of the Winkies,,,,
Ozma,815,Royal Ozma,,,,
Lion,815,Cowardly Lion,,,,
Tiger,815,Hungry Tiger,,,,
Nanda,816,Nanda,,,,
Langwidere,816,Langwidere,,,,
Oz,817,Oz,,,,
Scarecrow,819,Scarecrow of Oz,,,,
Tin Woodman,820,Emperor of the Winkies,,,,
Ozma,821,Royal Ozma,,,,
Ozma,825,Royal Ozma,,,,
Ev,827,Evoldo,,,,
Nome King,827,Roquat of the Rocks,,,,
Langwidere,828,Langwidere,,,,
Ozma,832,Royal Ozma,,,,
Langwidere,834,Langwidere,,,,
Ozma,838,Royal Ozma,,,,
Ozma,839,Royal Ozma,,,,
Scarecrow,839,Scarecrow of Oz,,,,
Tiktok,844,Tiktok,,,,
Scarecrow,847,Scarecrow of Oz,,,,
Dorothy,848,Dorothy the Lamb,,,,
Tiktok,851,Tiktok,,,,
Scarecrow,852,Scarecrow of Oz,,,,
Smith,854,Smith & Tin,,,,
Scarecrow,857,Scarecrow of Oz,,,,
Tiktok,861,Tiktok,,,,
Tin Woodman,862,Emperor of the Winkies,,,,
Tiktok,863,Tiktok,,,,
Tin Woodman,864,Emperor of the Winkies,,,,
Scarecrow,864,Scarecrow of Oz,,,,
Tiktok,866,Tiktok,,,,
Scarecrow,871,Scarecrow of Oz,,,,
Tiktok,873,Tiktok,,,,
Scarecrow,874,Scarecrow of Oz,,,,
Tiktok,875,Tiktok,,,,
Scarecrow,876,Scarecrow of Oz,,,,
Tiktok,878,Tiktok,,,,
Ozma,879,Royal Ozma,,,,
Dorothy,879,Dorothy the Lamb,,,,
Langwidere,879,Langwidere,,,,
Dorothy,880,Dorothy the Lamb,,,,
Scarecrow,880,Scarecrow of Oz,,,,
Tin Woodman,881,Emperor of the Winkies,,,,
Dorothy,882,Dorothy the Lamb,,,,
Tiktok,883,Tiktok,,,,
Scarecrow,883,Scarecrow of Oz,,,,
Tin Woodman,883,Emperor of the Winkies,,,,
Dorothy,884,Dorothy the Lamb,,,,
Billina,884,Billina,,,,
Scarecrow,884,Scarecrow of Oz,,,,
Billina,885,Billina,,,,
Dorothy,890,Dorothy the Lamb,,,,
Billina,890,Billina,,,,
Cowardly Lion,890,Cowardly Lion,,,,
Tiger,890,Hungry Tiger,,,,
Cowardly Lion,891,Cowardly Lion,,,,
Tiger,891,Hungry Tiger,,,,
Dorothy,892,Dorothy the Lamb,,,,
Dorothy,895,Dorothy the Lamb,,,,
Lion,895,Cowardly Lion,,,,
Tiger,904,Hungry Tiger,,,,
Dorothy,908,Dorothy the Lamb,,,,
Dorothy,912,Dorothy the Lamb,,,,
Hungry Tiger,913,Hungry Tiger,,,,
Dorothy,920,Dorothy the Lamb,,,,
Dorothy,925,Dorothy the Lamb,,,,
Dorothy,929,Dorothy the Lamb,,,,
Billina,930,Billina,,,,
Dorothy,932,Dorothy the Lamb,,,,
Dorothy,933,Dorothy the Lamb,,,,
Billina,934,Billina,,,,
Billina,936,Billina,,,,
Dorothy,936,Dorothy the Lamb,,,,
Billina,937,Billina,,,,
Bill,939,Billina,,,,
Bill,940,Billina,,,,
Billina,940,Billina,,,,
Dorothy,940,Dorothy the Lamb,,,,
Billina,941,Billina,,,,
Ozma,941,Royal Ozma,,,,
Dorothy,942,Dorothy the Lamb,,,,
Billina,943,Billina,,,,
Billina,946,Billina,,,,
Dorothy,949,Dorothy the Lamb,,,,
Billina,950,Billina,,,,
Billina,953,Billina,,,,
Billina,956,Billina,,,,
Dorothy,956,Dorothy the Lamb,,,,
Dorothy,959,Dorothy the Lamb,,,,
Lion,959,Cowardly Lion,,,,
Tiger,961,Hungry Tiger,,,,
Billina,961,Billina,,,,
Dorothy,966,Dorothy the Lamb,,,,
Tiger,967,Hungry Tiger,,,,
Billina,967,Billina,,,,
Dorothy,968,Dorothy the Lamb,,,,
Billina,969,Billina,,,,
Dorothy,971,Dorothy the Lamb,,,,
Tiktok,971,Tiktok,,,,
Ozma,971,Royal Ozma,,,,
Scarecrow,971,Scarecrow of Oz,,,,
Tin Woodman,971,Emperor of the Winkies,,,,
Ozma,972,Royal Ozma,,,,
Langwidere,972,Langwidere,,,,
Dorothy,972,Dorothy the Lamb,,,,
Dorothy,973,Dorothy the Lamb,,,,
Tin Woodman,974,Emperor of the Winkies,,,,
Dorothy,978,Dorothy the Lamb,,,,
Ozma,978,Royal Ozma,,,,
Tin Woodman,980,Emperor of the Winkies,,,,
Ozma,981,Royal Ozma,,,,
Ev,981,Evoldo,,,,
Evoldo,981,Evoldo,,,,
Nome King,981,Roquat of the Rocks,,,,
Ev,982,Evoldo,,,,
Ozma,983,Royal Ozma,,,,
Glinda the Good,984,Glinda the Sorceress,,,,
Ozma,984,Royal Ozma,,,,
Nome King,986,Roquat of the Rocks,,,,
Tiktok,987,Tiktok,,,,
Dorothy,990,Dorothy the Lamb,,,,
Ev,992,Evoldo,,,,
Tiktok,992,Tiktok,,,,
Ev,993,Evoldo,,,,
Ozma,994,Royal Ozma,,,,
Evoldo,997,Evoldo,,,,
Langwidere,997,Langwidere,,,,
Nome King,999,Roquat of the Rocks,,,,
Ozma,1000,Royal Ozma,,,,
Nome King,1000,Roquat of the Rocks,,,,
Roquat of the Rocks,1002,Roquat of the Rocks,,,,
Dorothy,1003,Dorothy the Lamb,,,,
Nome King,1003,Roquat of the Rocks,,,,
Ozma,1004,Royal Ozma,,,,
Nome King,1007,Roquat of the Rocks,,,,
Dorothy,1008,Dorothy the Lamb,,,,
Ozma,1009,Royal Ozma,,,,
Roquat,1010,Roquat of the Rocks,,,,
Dorothy,1011,Dorothy the Lamb,,,,
Scarecrow,1012,Scarecrow of Oz,,,,
Tin Woodman,1014,Emperor of the Winkies,,,,
Langwidere,1015,Langwidere,,,,
Ozma,1017,Royal Ozma,,,,
Ozma,1022,Royal Ozma,,,,
Tiktok,1022,Tiktok,,,,
Dor,1023,Dor,,,,
Dorothy,1025,Dorothy the Lamb,,,,
Billina,1027,Billina,,,,
Billina,1027,Billina,,,,
Scarecrow,1029,Scarecrow of Oz,,,,
Ozma,1031,Royal Ozma,,,,
Langwidere,1033,Langwidere,,,,
Oz,1033,Oz,,,,
Cowardly Lion,1035,Cowardly Lion,,,,
Dorothy,1036,Dorothy the Lamb,,,,
Nanda,1036,Nanda,,,,
Hungry Tiger,1036,Hungry Tiger,,,,
Tiger,1040,Hungry Tiger,,,,
Nanda,1041,Nanda,,,,
Dorothy,1042,Dorothy the Lamb,,,,
Tiger,1043,Hungry Tiger,,,,
Dorothy,1047,Dorothy the Lamb,,,,
Hungry Tiger,1048,Hungry Tiger,,,,
Scarecrow,1049,Scarecrow of Oz,,,,
Tin Woodman,1049,Emperor of the Winkies,,,,
Dorothy,1049,Dorothy the Lamb,,,,
Ozma,1050,Royal Ozma,,,,
Ozma,1053,Royal Ozma,,,,
Woggle,1053,Professor H.M. Wogglebug,,,,
Scarecrow,1054,Scarecrow of Oz,,,,
Tin Woodman,1054,Emperor of the Winkies,,,,
Ozma,1054,Royal Ozma,,,,
Oz,1054,Oz,,,,
Cowardly Lion,1055,Cowardly Lion,,,,
Hungry Tiger,1055,Hungry Tiger,,,,
Dorothy,1056,Dorothy the Lamb,,,,
Sawhorse,1056,Sawhorse,,,,
Ozma,1056,Royal Ozma,,,,
Sawhorse,1057,Sawhorse,,,,
Dorothy,1057,Dorothy the Lamb,,,,
Dorothy,1058,Dorothy the Lamb,,,,
Sawhorse,1059,Sawhorse,,,,
Dorothy,1062,Dorothy the Lamb,,,,
Scarecrow,1063,Scarecrow of Oz,,,,
Sawhorse,1064,Sawhorse,,,,
Sawhorse,1068,Sawhorse,,,,
Dorothy,1071,Dorothy the Lamb,,,,
Ozma,1071,Royal Ozma,,,,
Oz,1071,Oz,,,,
Billina,1071,Billina,,,,
Dorothy,1071,Dorothy the Lamb,,,,
Ozma,1073,Royal Ozma,,,,
Dorothy,1073,Dorothy the Lamb,,,,
Scarecrow,1073,Scarecrow of Oz,,,,
Scarecrow,1074,Scarecrow of Oz,,,,
Ozma,1074,Royal Ozma,,,,
Lion,1075,Cowardly Lion,,,,
Tiger,1075,Hungry Tiger,,,,
Billina,1075,Billina,,,,
Lion,1076,Cowardly Lion,,,,
Tiger,1076,Hungry Tiger,,,,
Ozma,1077,Royal Ozma,,,,
Dorothy,1077,Dorothy the Lamb,,,,
Billina,1077,Billina,,,,
Scarecrow,1078,Scarecrow of Oz,,,,
Sawhorse,1078,Sawhorse,,,,
Tin Woodman,1078,Emperor of the Winkies,,,,
Tiktok,1078,Tiktok,,,,
Billina,1083,Billina,,,,
Ozma,1084,Royal Ozma,,,,
Scarecrow,1084,Scarecrow of Oz,,,,
Sawhorse,1084,Sawhorse,,,,
Dorothy,1085,Dorothy the Lamb,,,,
Tin Woodman,1086,Emperor of the Winkies,,,,
Billina,1087,Billina,,,,
Dorothy,1087,Dorothy the Lamb,,,,
Tin Woodman,1091,Emperor of the Winkies,,,,
Billina,1093,Billina,,,,
Tin Woodman,1094,Emperor of the Winkies,,,,
Scarecrow,1095,Scarecrow of Oz,,,,
Dorothy,1097,Dorothy the Lamb,,,,
Billina,1098,Billina,,,,
Scarecrow,1102,Scarecrow of Oz,,,,
Tin Woodman,1103,Emperor of the Winkies,,,,
Dorothy,1103,Dorothy the Lamb,,,,
Billina,1103,Billina,,,,
Scarecrow,1105,Scarecrow of Oz,,,,
Sawhorse,1105,Sawhorse,,,,
Sawhorse,1107,Sawhorse,,,,
Scarecrow,1107,Scarecrow of Oz,,,,
Ozma,1107,Royal Ozma,,,,
Dorothy,1109,Dorothy the Lamb,,,,
Scarecrow,1114,Scarecrow of Oz,,,,
Tin Woodman,1115,Emperor of the Winkies,,,,
Dorothy,1117,Dorothy the Lamb,,,,
Nome King,1119,Roquat of the Rocks,,,,
Ozma,1121,Royal Ozma,,,,
Scarecrow,1124,Scarecrow of Oz,,,,
Ozma,1126,Royal Ozma,,,,
Cowardly Lion,1133,Cowardly Lion,,,,
Tiktok,1136,Tiktok,,,,
Smith & Tin,1137,Smith & Tin,,,,
Ozma,1138,Royal Ozma,,,,
Scarecrow,1141,Scarecrow of Oz,,,,
Nome King,1144,Roquat of the Rocks,,,,
Tiktok,1144,Tiktok,,,,
Dorothy,1145,Dorothy the Lamb,,,,
Scarecrow,1146,Scarecrow of Oz,,,,
Scarecrow,1149,Scarecrow of Oz,,,,
Tin Woodman,1152,Emperor of the Winkies,,,,
Cowardly Lion,1156,Cowardly Lion,,,,
Ozma,1158,Royal Ozma,,,,
Scarecrow,1160,Scarecrow of Oz,,,,
Ozma,1162,Royal Ozma,,,,
Lion,1162,Cowardly Lion,,,,
Dorothy,1163,Dorothy the Lamb,,,,
Ozma,1165,Royal Ozma,,,,
Lion,1166,Cowardly Lion,,,,
Ozma,1166,Royal Ozma,,,,
Dorothy,1168,Dorothy the Lamb,,,,
Dorothy,1169,Dorothy the Lamb,,,,
Ozma,1169,Royal Ozma,,,,
Sawhorse,1170,Sawhorse,,,,
Tiktok,1171,Tiktok,,,,
Tin Woodman,1172,Emperor of the Winkies,,,,
Scarecrow,1177,Scarecrow of Oz,,,,
Cowardly Lion,1180,Cowardly Lion,,,,
Tiger,1180,Hungry Tiger,,,,
Ozma,1182,Royal Ozma,,,,
Dorothy,1182,Dorothy the Lamb,,,,
Lion,1182,Cowardly Lion,,,,
Tiger,1182,Hungry Tiger,,,,
Ozma,1185,Royal Ozma,,,,
Lion,1186,Cowardly Lion,,,,
Tiger,1189,Hungry Tiger,,,,
Scarecrow,1189,Scarecrow of Oz,,,,
Scarecrow,1192,Scarecrow of Oz,,,,
Sawhorse,1192,Sawhorse,,,,
Sawhorse,1193,Sawhorse,,,,
Billina,1195,Billina,,,,
Scarecrow,1196,Scarecrow of Oz,,,,
Scarecrow,1197,Scarecrow of Oz,,,,
Scarecrow,1198,Scarecrow of Oz,,,,
Tin Woodman,1199,Emperor of the Winkies,,,,
Sawhorse,1199,Sawhorse,,,,
Ozma,1202,Royal Ozma,,,,
Dorothy,1202,Dorothy the Lamb,,,,
Sawhorse,1202,Sawhorse,,,,
Scarecrow,1202,Scarecrow of Oz,,,,
Ozma,1209,Royal Ozma,,,,
Tiktok,1214,Tiktok,,,,
Dorothy,1214,Dorothy the Lamb,,,,
Nomes,1216,Nomes,,,,
Nome King,1217,Roquat of the Rocks,,,,
Dorothy,1220,Dorothy the Lamb,,,,
Ozma,1220,Royal Ozma,,,,
Nomes,1221,Nomes,,,,
Tin Woodman,1223,Emperor of the Winkies,,,,
Tin Woodman,1226,Emperor of the Winkies,,,,
Tin Woodman,1230,Emperor of the Winkies,,,,
Tin Woodman,1235,Emperor of the Winkies,,,,
Ozma,1236,Royal Ozma,,,,
Ozma,1238,Royal Ozma,,,,
Ozma,1239,Royal Ozma,,,,
Nome King,1239,Roquat of the Rocks,,,,
Nomes,1240,Nomes,,,,
Tiktok,1241,Tiktok,,,,
Ozma,1242,Royal Ozma,,,,
Nome King,1242,Roquat of the Rocks,,,,
Nomes,1243,Nomes,,,,
Tiktok,1244,Tiktok,,,,
Ozma,1244,Royal Ozma,,,,
Nome King,1245,Roquat of the Rocks,,,,
Ozma,1245,Royal Ozma,,,,
Nome King,1246,Roquat of the Rocks,,,,
Scarecrow,1249,Scarecrow of Oz,,,,
Dorothy,1251,Dorothy the Lamb,,,,
Hungry Tiger,1254,Hungry Tiger,,,,
Dorothy,1255,Dorothy the Lamb,,,,
Nome King,1255,Roquat of the Rocks,,,,
Nomes,1256,Nomes,,,,
Tin Woodman,1258,Emperor of the Winkies,,,,
Ozma,1259,Royal Ozma,,,,
Ev,1260,Evoldo,,,,
Tiktok,1261,Tiktok,,,,
Ozma,1263,Royal Ozma,,,,
Dorothy,1263,Dorothy the Lamb,,,,
Nome King,1266,Roquat of the Rocks,,,,
Ozma,1270,Royal Ozma,,,,
Dorothy,1270,Dorothy the Lamb,,,,
Santa Claus,1271,Santa Claus,,,,
Dorothy,1272,Dorothy the Lamb,,,,
Nome King,1272,Roquat of the Rocks,,,,
Ozma,1274,Royal Ozma,,,,
Dorothy,1274,Dorothy the Lamb,,,,
Nome King,1274,Roquat of the Rocks,,,,
Nome King,1276,Roquat of the Rocks,,,,
Dorothy,1277,Dorothy the Lamb,,,,
Santa Claus,1277,Santa Claus,,,,
Ozma,1277,Royal Ozma,,,,
Ev,1278,Evoldo,,,,
Ev,1280,Evoldo,,,,
Ozma,1281,Royal Ozma,,,,
Ev,1282,Evoldo,,,,
Dorothy,1283,Dorothy the Lamb,,,,
Ev,1283,Evoldo,,,,
Nome King,1285,Roquat of the Rocks,,,,
Dorothy,1287,Dorothy the Lamb,,,,
Dorothy,1291,Dorothy the Lamb,,,,
Dorothy,1293,Dorothy the Lamb,,,,
Nome King,1294,Roquat of the Rocks,,,,
Ev,1295,Evoldo,,,,
Ozma,1297,Royal Ozma,,,,
Ev,1301,Evoldo,,,,
Ozma,1304,Royal Ozma,,,,
Nome King,1307,Roquat of the Rocks,,,,
Ozma,1309,Royal Ozma,,,,
Nome King,1310,Roquat of the Rocks,,,,
Ozma,1312,Royal Ozma,,,,
Ozma,1315,Royal Ozma,,,,
Nomes,1317,Nomes,,,,
Ozma,1318,Royal Ozma,,,,
Oz,1319,Oz,,,,
Nome King,1319,Roquat of the Rocks,,,,
Nome King,1319,Roquat of the Rocks,,,,
Nomes,1321,Nomes,,,,
Nome King,1324,Roquat of the Rocks,,,,
Ozma,1327,Royal Ozma,,,,
Oz,1327,Oz,,,,
Nome King,1327,Roquat of the Rocks,,,,
Tin Woodman,1328,Emperor of the Winkies,,,,
Tiger,1331,Hungry Tiger,,,,
Lion,1335,Cowardly Lion,,,,
Nome King,1335,Roquat of the Rocks,,,,
Scarecrow,1336,Scarecrow of Oz,,,,
Nome King,1337,Roquat of the Rocks,,,,
Ozma,1339,Royal Ozma,,,,
Ozma,1340,Royal Ozma,,,,
Ev,1343,Evoldo,,,,
Ev,1345,Evoldo,,,,
Ozma,1346,Royal Ozma,,,,
Nome King,1347,Roquat of the Rocks,,,,
Ev,1348,Evoldo,,,,
Ev,1348,Evoldo,,,,
Ozma,1352,Royal Ozma,,,,
Nome King,1353,Roquat of the Rocks,,,,
Ev,1356,Evoldo,,,,
Nome King,1358,Roquat of the Rocks,,,,
Ozma,1358,Royal Ozma,,,,
Dorothy,1360,Dorothy the Lamb,,,,
Ozma,1362,Royal Ozma,,,,
Scarecrow,1365,Scarecrow of Oz,,,,
Ozma,1368,Royal Ozma,,,,
Nome King,1370,Roquat of the Rocks,,,,
Ozma,1373,Royal Ozma,,,,
Ozma,1378,Royal Ozma,,,,
Nome King,1379,Roquat of the Rocks,,,,
Ozma,1383,Royal Ozma,,,,
Ev,1383,Evoldo,,,,
Ozma,1387,Royal Ozma,,,,
Ev,1388,Evoldo,,,,
Ev,1389,Evoldo,,,,
Nome King,1389,Roquat of the Rocks,,,,
Ev,1399,Evoldo,,,,
Nome King,1401,Roquat of the Rocks,,,,
Nome King,1404,Roquat of the Rocks,,,,
Dorothy,1407,Dorothy the Lamb,,,,
Scarecrow,1407,Scarecrow of Oz,,,,
Tin Woodman,1407,Emperor of the Winkies,,,,
Tiktok,1408,Tiktok,,,,
Dorothy,1414,Dorothy the Lamb,,,,
Tin Woodman,1415,Emperor of the Winkies,,,,
Ozma,1416,Royal Ozma,,,,
Scarecrow,1417,Scarecrow of Oz,,,,
Tin Woodman,1419,Emperor of the Winkies,,,,
Nome King,1419,Roquat of the Rocks,,,,
Nome King,1423,Roquat of the Rocks,,,,
Scarecrow,1428,Scarecrow of Oz,,,,
Tin Woodman,1429,Emperor of the Winkies,,,,
Scarecrow,1434,Scarecrow of Oz,,,,
Scarecrow,1436,Scarecrow of Oz,,,,
Scarecrow,1443,Scarecrow of Oz,,,,
Nome King,1449,Roquat of the Rocks,,,,
Nome King,1452,Roquat of the Rocks,,,,
Nome King,1453,Roquat of the Rocks,,,,
Dorothy,1453,Dorothy the Lamb,,,,
Steward,1453,Steward,,,,
Nome King,1453,Roquat of the Rocks,,,,
Dorothy,1454,Dorothy the Lamb,,,,
Scarecrow,1455,Scarecrow of Oz,,,,
Tiktok,1455,Tiktok,,,,
Sawhorse,1456,Sawhorse,,,,
Billina,1457,Billina,,,,
Dorothy,1460,Dorothy the Lamb,,,,
Scarecrow,1460,Scarecrow of Oz,,,,
Nome King,1462,Roquat of the Rocks,,,,
Dorothy,1464,Dorothy the Lamb,,,,
Steward,1470,Steward,,,,
Steward,1472,Steward,,,,
Steward,1474,Steward,,,,
Dorothy,1474,Dorothy the Lamb,,,,
Scarecrow,1475,Scarecrow of Oz,,,,
Tiktok,1475,Tiktok,,,,
Lion,1475,Cowardly Lion,,,,
Tiger,1475,Hungry Tiger,,,,
Sawhorse,1476,Sawhorse,,,,
Steward,1476,Steward,,,,
Scarecrow,1477,Scarecrow of Oz,,,,
Tiktok,1477,Tiktok,,,,
Sawhorse,1477,Sawhorse,,,,
Steward,1478,Steward,,,,
Scarecrow,1478,Scarecrow of Oz,,,,
Tin Woodman,1478,Emperor of the Winkies,,,,
Tiktok,1480,Tiktok,,,,
Nome King,1481,Roquat of the Rocks,,,,
Scarecrow,1482,Scarecrow of Oz,,,,
Dorothy,1484,Dorothy the Lamb,,,,
Billina,1484,Billina,,,,
Billina,1485,Billina,,,,
Scarecrow,1487,Scarecrow of Oz,,,,
Scarecrow,1489,Scarecrow of Oz,,,,
Dorothy,1491,Dorothy the Lamb,,,,
Dorothy,1493,Dorothy the Lamb,,,,
Cowardly Lion,1494,Cowardly Lion,,,,
Dorothy,1497,Dorothy the Lamb,,,,
Steward,1499,Steward,,,,
Billina,1500,Billina,,,,
Steward,1502,Steward,,,,
Ev,1503,Evoldo,,,,
Steward,1505,Steward,,,,
Ev,1507,Evoldo,,,,
Steward,1508,Steward,,,,
Steward,1510,Steward,,,,
Billina,1511,Billina,,,,
Steward,1512,Steward,,,,
Oz,1512,Oz,,,,
Steward,1516,Steward,,,,
Steward,1522,Steward,,,,
Nome King,1523,Roquat of the Rocks,,,,
Steward,1527,Steward,,,,
Gray,1528,Gray,,,,
Scarecrow,1529,Scarecrow of Oz,,,,
Billina,1531,Billina,,,,
King,1531,King,,,,
Steward,1531,Steward,,,,
Dorothy,1533,Dorothy the Lamb,,,,
Lion,1533,Cowardly Lion,,,,
Tiger,1533,Hungry Tiger,,,,
Tiger,1534,Hungry Tiger,,,,
Nome King,1535,Roquat of the Rocks,,,,
Steward,1538,Steward,,,,
Hungry Tiger,1541,Hungry Tiger,,,,
Dorothy,1550,Dorothy the Lamb,,,,
Tiktok,1550,Tiktok,,,,
Scarecrow,1551,Scarecrow of Oz,,,,
Nome King,1551,Roquat of the Rocks,,,,
Dorothy,1555,Dorothy the Lamb,,,,
Dorothy,1563,Dorothy the Lamb,,,,
Dorothy,1568,Dorothy the Lamb,,,,
Scarecrow,1569,Scarecrow of Oz,,,,
Scarecrow,1572,Scarecrow of Oz,,,,
Dorothy,1573,Dorothy the Lamb,,,,
Dorothy,1574,Dorothy the Lamb,,,,
Tiktok,1577,Tiktok,,,,
Dor,1579,Dor,,,,
Tiktok,1581,Tiktok,,,,
Nome King,1583,Roquat of the Rocks,,,,
Dorothy,1586,Dorothy the Lamb,,,,
Tiktok,1587,Tiktok,,,,
Dorothy,1589,Dorothy the Lamb,,,,
Tiktok,1590,Tiktok,,,,
Uncle Henry,1595,Uncle Henry,,,,
Ozma,1597,Royal Ozma,,,,
Timidly,1598,Timidly,,,,
Ev,1601,Evoldo,,,,
Dorothy,1602,Dorothy the Lamb,,,,
Dorothy,1606,Dorothy the Lamb,,,,
Ev,1616,Evoldo,,,,
Evring,1616,Prince Evring,,,,
Nomes,1617,Nomes,,,,
Evring,1618,Prince Evring,,,,
Dorothy,1618,Dorothy the Lamb,,,,
Little Evring,1623,Prince Evring,,,,
Dorothy,1624,Dorothy the Lamb,,,,
Ev,1624,Evoldo,,,,
Nome King,1625,Roquat of the Rocks,,,,
Dorothy,1626,Dorothy the Lamb,,,,
Evring,1626,Prince Evring,,,,
Dorothy,1627,Dorothy the Lamb,,,,
Scarecrow,1627,Scarecrow of Oz,,,,
Nome King,1627,Roquat of the Rocks,,,,
Scarecrow,1629,Scarecrow of Oz,,,,
Dorothy,1633,Dorothy the Lamb,,,,
Scarecrow,1634,Scarecrow of Oz,,,,
Scarecrow,1637,Scarecrow of Oz,,,,
Ozma,1637,Royal Ozma,,,,
Nome King,1639,Roquat of the Rocks,,,,
Billina,1643,Billina,,,,
Scarecrow,1643,Scarecrow of Oz,,,,
Billina,1645,Billina,,,,
Billina,1654,Billina,,,,
Nomes,1659,Nomes,,,,
Billina,1660,Billina,,,,
Billina,1667,Billina,,,,
Scarecrow,1669,Scarecrow of Oz,,,,
Billina,1670,Billina,,,,
Scarecrow,1672,Scarecrow of Oz,,,,
Scarecrow,1673,Scarecrow of Oz,,,,
Billina,1674,Billina,,,,
Pshaw,1675,Pshaw,,,,
Billina,1678,Billina,,,,
Scarecrow,1683,Scarecrow of Oz,,,,
Ev,1685,Evoldo,,,,
Billina,1689,Billina,,,,
Scarecrow,1689,Scarecrow of Oz,,,,
Scarecrow,1693,Scarecrow of Oz,,,,
Scarecrow,1697,Scarecrow of Oz,,,,
Billina,1701,Billina,,,,
Billina,1705,Billina,,,,
Dorothy,1705,Dorothy the Lamb,,,,
Evring,1705,Prince Evring,,,,
Scarecrow,1706,Scarecrow of Oz,,,,
Evring,1706,Prince Evring,,,,
Prince,1707,Prince,,,,
Scarecrow,1707,Scarecrow of Oz,,,,
Scarecrow,1708,Scarecrow of Oz,,,,
Dorothy,1709,Dorothy the Lamb,,,,
Dorothy,1710,Dorothy the Lamb,,,,
Scarecrow,1710,Scarecrow of Oz,,,,
Billina,1714,Billina,,,,
Billina,1722,Billina,,,,
Dorothy,1722,Dorothy the Lamb,,,,
Evring,1726,Prince Evring,,,,
Billina,1727,Billina,,,,
Billina,1729,Billina,,,,
Dorothy,1729,Dorothy the Lamb,,,,
Billina,1731,Billina,,,,
Billina,1733,Billina,,,,
Dorothy,1733,Dorothy the Lamb,,,,
Billina,1737,Billina,,,,
Billina,1739,Billina,,,,
Dorothy,1739,Dorothy the Lamb,,,,
Billina,1742,Billina,,,,
Nome King,1742,Roquat of the Rocks,,,,
Billina,1744,Billina,,,,
Ev,1747,Evoldo,,,,
Billina,1749,Billina,,,,
Ev,1751,Evoldo,,,,
Bill,1752,Billina,,,,
Dorothy,1752,Dorothy the Lamb,,,,
Billina,1752,Billina,,,,
Billina,1758,Billina,,,,
O,1760,O,,,,
Billina,1761,Billina,,,,
Dorothy,1761,Dorothy the Lamb,,,,
Billina,1768,Billina,,,,
Billina,1771,Billina,,,,
Nome King,1774,Roquat of the Rocks,,,,
Evanna,1775,Evanna,,,,
Evanna,1775,Evanna,,,,
Billina,1777,Billina,,,,
Nome King,1778,Roquat of the Rocks,,,,
Evrose,1780,Evrose,,,,
Evardo,1780,Evardo Fifteenth,,,,
Evring,1780,Prince Evring,,,,
Evanna,1782,Evanna,,,,
Evella,1782,Evella,,,,
Evirene,1782,Evirene,,,,
Evardo,1783,Evardo Fifteenth,,,,
Ev,1783,Evoldo,,,,
Billina,1785,Billina,,,,
Ev,1785,Evoldo,,,,
Billina,1788,Billina,,,,
Ozma,1788,Royal Ozma,,,,
Billina,1794,Billina,,,,
Ozma,1797,Royal Ozma,,,,
Oz,1797,Oz,,,,
Ev,1797,Evoldo,,,,
Scarecrow,1798,Scarecrow of Oz,,,,
Tin Woodman,1798,Emperor of the Winkies,,,,
Billina,1799,Billina,,,,
Tiktok,1800,Tiktok,,,,
Tin Woodman,1800,Emperor of the Winkies,,,,
Nome King,1800,Roquat of the Rocks,,,,
Ozma,1801,Royal Ozma,,,,
Scarecrow,1801,Scarecrow of Oz,,,,
Ozma,1803,Royal Ozma,,,,
Nome King,1803,Roquat of the Rocks,,,,
Billina,1804,Billina,,,,
Ozma,1805,Royal Ozma,,,,
Scarecrow,1807,Scarecrow of Oz,,,,
Tiktok,1809,Tiktok,,,,
Ozma,1811,Royal Ozma,,,,
Tiktok,1813,Tiktok,,,,
Billina,1814,Billina,,,,
Nome King,1814,Roquat of the Rocks,,,,
Ozma,1815,Royal Ozma,,,,
Tiktok,1816,Tiktok,,,,
Scarecrow,1816,Scarecrow of Oz,,,,
Billina,1816,Billina,,,,
Billina,1824,Billina,,,,
Dorothy,1824,Dorothy the Lamb,,,,
Evring,1824,Prince Evring,,,,
Nome King,1824,Roquat of the Rocks,,,,
Hippikaloric,1827,Hippikaloric,,,,
Dorothy,1828,Dorothy the Lamb,,,,
Billina,1829,Billina,,,,
Dorothy,1830,Dorothy the Lamb,,,,
Billina,1830,Billina,,,,
Ev,1831,Evoldo,,,,
Ozma,1831,Royal Ozma,,,,
Nome King,1834,Roquat of the Rocks,,,,
Dorothy,1836,Dorothy the Lamb,,,,
Evring,1836,Prince Evring,,,,
Lion,1836,Cowardly Lion,,,,
Tiger,1836,Hungry Tiger,,,,
Lion,1838,Cowardly Lion,,,,
Tiger,1838,Hungry Tiger,,,,
Nome King,1840,Roquat of the Rocks,,,,
Sawhorse,1844,Sawhorse,,,,
Sawhorse,1848,Sawhorse,,,,
Dorothy,1849,Dorothy the Lamb,,,,
Sawhorse,1850,Sawhorse,,,,
Sawhorse,1853,Sawhorse,,,,
Sawhorse,1862,Sawhorse,,,,
Dorothy,1862,Dorothy the Lamb,,,,
Ev,1863,Evoldo,,,,
Nome King,1864,Roquat of the Rocks,,,,
Billina,1868,Billina,,,,
Scarecrow,1868,Scarecrow of Oz,,,,
Scarecrow,1873,Scarecrow of Oz,,,,
Billina,1876,Billina,,,,
Scarecrow,1876,Scarecrow of Oz,,,,
Ozma,1877,Royal Ozma,,,,
Ozma,1882,Royal Ozma,,,,
Ozma,1885,Royal Ozma,,,,
Nomes,1892,Nomes,,,,
Nome King,1895,Roquat of the Rocks,,,,
Ozma,1895,Royal Ozma,,,,
Scarecrow,1895,Scarecrow of Oz,,,,
Billina,1895,Billina,,,,
Nomes,1901,Nomes,,,,
Scarecrow,1904,Scarecrow of Oz,,,,
Billina,1906,Billina,,,,
Dorothy,1906,Dorothy the Lamb,,,,
Nome King,1907,Roquat of the Rocks,,,,
Dorothy,1909,Dorothy the Lamb,,,,
Dorothy,1910,Dorothy the Lamb,,,,
Nome King,1911,Roquat of the Rocks,,,,
Tiger,1911,Hungry Tiger,,,,
Lion,1911,Cowardly Lion,,,,
Steward,1912,Steward,,,,
Scarecrow,1913,Scarecrow of Oz,,,,
Nomes,1914,Nomes,,,,
Scarecrow,1914,Scarecrow of Oz,,,,
Billina,1915,Billina,,,,
King,1919,King,,,,
Steward,1921,Steward,,,,
Nome King,1924,Roquat of the Rocks,,,,
Dorothy,1927,Dorothy the Lamb,,,,
Ozma,1927,Royal Ozma,,,,
Ev,1927,Evoldo,,,,
Billina,1928,Billina,,,,
Ev,1928,Evoldo,,,,
Scarecrow,1929,Scarecrow of Oz,,,,
Nome King,1930,Roquat of the Rocks,,,,
Tin Woodman,1932,Emperor of the Winkies,,,,
Ozma,1932,Royal Ozma,,,,
Dorothy,1932,Dorothy the Lamb,,,,
Dorothy,1933,Dorothy the Lamb,,,,
Billina,1935,Billina,,,,
Tin Woodman,1935,Emperor of the Winkies,,,,
Dorothy,1936,Dorothy the Lamb,,,,
Nome King,1938,Roquat of the Rocks,,,,
Ev,1938,Evoldo,,,,
Prince Evring,1938,Prince Evring,,,,
Dorothy,1940,Dorothy the Lamb,,,,
Tin Woodman,1940,Emperor of the Winkies,,,,
Dorothy,1941,Dorothy the Lamb,,,,
Tin Woodman,1942,Emperor of the Winkies,,,,
Dorothy,1943,Dorothy the Lamb,,,,
Ev,1945,Evoldo,,,,
Dorothy,1946,Dorothy the Lamb,,,,
Dorothy,1954,Dorothy the Lamb,,,,
Tin Woodman,1958,Emperor of the Winkies,,,,
Ozma,1958,Royal Ozma,,,,
Dorothy,1959,Dorothy the Lamb,,,,
Tin Woodman,1960,Emperor of the Winkies,,,,
Dorothy,1961,Dorothy the Lamb,,,,
Billina,1961,Billina,,,,
Nome King,1962,Roquat of the Rocks,,,,
Dorothy,1963,Dorothy the Lamb,,,,
Scarecrow,1964,Scarecrow of Oz,,,,
Dorothy,1966,Dorothy the Lamb,,,,
Nick Chopper,1966,Emperor of the Winkies,,,,
Tin Woodman,1966,Emperor of the Winkies,,,,
Billina,1969,Billina,,,,
Dorothy,1970,Dorothy the Lamb,,,,
Scarecrow,1970,Scarecrow of Oz,,,,
Nome King,1971,Roquat of the Rocks,,,,
Nome King,1973,Roquat of the Rocks,,,,
Ozma,1977,Royal Ozma,,,,
Dorothy,1980,Dorothy the Lamb,,,,
Nome King,1980,Roquat of the Rocks,,,,
Scarecrow,1981,Scarecrow of Oz,,,,
Nick,1982,Nick Chopper,,,,
Ozma,1985,Royal Ozma,,,,
Ev,1986,Evoldo,,,,
Dorothy,1986,Dorothy the Lamb,,,,
Ozma,1986,Royal Ozma,,,,
Billina,1986,Billina,,,,
Scarecrow,1986,Scarecrow of Oz,,,,
Tiktok,1986,Tiktok,,,,
Nome King,1987,Roquat of the Rocks,,,,
Ozma,1987,Royal Ozma,,,,
Nome King,1988,Roquat of the Rocks,,,,
Dorothy,1988,Dorothy the Lamb,,,,
Ev,1993,Evoldo,,,,
Nome King,1993,Roquat of the Rocks,,,,
Ozma,1994,Royal Ozma,,,,
Ev,1994,Evoldo,,,,
Tiger,1994,Hungry Tiger,,,,
Dorothy,1996,Dorothy the Lamb,,,,
Sawhorse,1996,Sawhorse,,,,
Scarecrow,1996,Scarecrow of Oz,,,,
Dorothy,2003,Dorothy the Lamb,,,,
Nomes,2005,Nomes,,,,
Ozma,2007,Royal Ozma,,,,
Lion,2008,Cowardly Lion,,,,
Ozma,2008,Royal Ozma,,,,
Little Evring,2009,Prince Evring,,,,
Dorothy,2009,Dorothy the Lamb,,,,
Billina,2011,Billina,,,,
Ozma,2012,Royal Ozma,,,,
Ev,2012,Evoldo,,,,
Scarecrow,2013,Scarecrow of Oz,,,,
Tiktok,2013,Tiktok,,,,
Tiktok,2015,Tiktok,,,,
Scarecrow,2016,Scarecrow of Oz,,,,
Nick Chopper,2016,Emperor of the Winkies,,,,
Tiktok,2018,Tiktok,,,,
Scarecrow,2020,Scarecrow of Oz,,,,
Tin Woodman,2022,Emperor of the Winkies,,,,
Ev,2023,Evoldo,,,,
Ev,2023,Evoldo,,,,
Little Evring,2024,Prince Evring,,,,
Dorothy,2024,Dorothy the Lamb,,,,
Sawhorse,2024,Sawhorse,,,,
Billina,2025,Billina,,,,
Sawhorse,2025,Sawhorse,,,,
Prince Evring,2026,Prince Evring,,,,
Dorothy,2030,Dorothy the Lamb,,,,
Billina,2031,Billina,,,,
Tin Woodman,2032,Emperor of the Winkies,,,,
Dorothy,2033,Dorothy the Lamb,,,,
Billina,2034,Billina,,,,
Evring,2036,Prince Evring,,,,
Ev,2038,Evoldo,,,,
Tin Woodman,2040,Emperor of the Winkies,,,,
Dorothy,2040,Dorothy the Lamb,,,,
Prince,2040,Prince,,,,
Billina,2045,Billina,,,,
Scarecrow,2047,Scarecrow of Oz,,,,
Tiktok,2047,Tiktok,,,,
Tin Woodman,2047,Emperor of the Winkies,,,,
Ozma,2048,Royal Ozma,,,,
Tin Woodman,2049,Emperor of the Winkies,,,,
Langwidere,2052,Langwidere,,,,
Ev,2053,Evoldo,,,,
Evardo Fifteenth,2054,Evardo Fifteenth,,,,
Evardo,2055,Evardo Fifteenth,,,,
Ev,2055,Evoldo,,,,
Evardo,2057,Evardo Fifteenth,,,,
Ozma,2058,Royal Ozma,,,,
Oz,2058,Oz,,,,
Dorothy,2058,Dorothy the Lamb,,,,
Tiktok,2058,Tiktok,,,,
Billina,2058,Billina,,,,
Dorothy,2059,Dorothy the Lamb,,,,
Ozma,2059,Royal Ozma,,,,
Ev,2060,Evoldo,,,,
Oz,2060,Oz,,,,
Uncle Henry,2061,Uncle Henry,,,,
Ev,2063,Evoldo,,,,
Ozma,2063,Royal Ozma,,,,
Ozma,2064,Royal Ozma,,,,
Tiktok,2065,Tiktok,,,,
Dorothy,2065,Dorothy the Lamb,,,,
Ozma,2066,Royal Ozma,,,,
Billina,2066,Billina,,,,
Billina,2067,Billina,,,,
Munchkins,2068,Munchkins,,,,
Ozma,2068,Royal Ozma,,,,
Ozma,2069,Royal Ozma,,,,
Gillikins,2069,Gillikins,,,,
Ozma,2071,Royal Ozma,,,,
Scarecrow,2071,Scarecrow of Oz,,,,
Tin Woodman,2071,Emperor of the Winkies,,,,
Dorothy,2072,Dorothy the Lamb,,,,
Oz,2072,Oz,,,,
Ozma,2073,Royal Ozma,,,,
Jinjur,2074,General Jinjur,,,,
Jinjur,2075,General Jinjur,,,,
Dorothy,2076,Dorothy the Lamb,,,,
Glinda the Sorceress,2076,Glinda the Sorceress,,,,
Jinjur,2077,General Jinjur,,,,
Ozma,2077,Royal Ozma,,,,
Ozma,2078,Royal Ozma,,,,
Jinjur,2079,General Jinjur,,,,
Dorothy,2082,Dorothy the Lamb,,,,
Ozma,2084,Royal Ozma,,,,
Ozma,2090,Royal Ozma,,,,
Oz,2091,Oz,,,,
Jack Pumpkinhead,2091,Jack Pumpkinhead,,,,
Ozma,2091,Royal Ozma,,,,
Oz,2091,Oz,,,,
Tin Woodman,2092,Emperor of the Winkies,,,,
Scarecrow,2092,Scarecrow of Oz,,,,
Dorothy,2093,Dorothy the Lamb,,,,
Tiktok,2093,Tiktok,,,,
Ozma,2094,Royal Ozma,,,,
Dorothy,2094,Dorothy the Lamb,,,,
Billina,2094,Billina,,,,
Lion,2096,Cowardly Lion,,,,
Tiger,2096,Hungry Tiger,,,,
Jellia Jamb,2097,Jellia Jamb,,,,
Scarecrow,2097,Scarecrow of Oz,,,,
Ozma,2098,Royal Ozma,,,,
Tin Woodman,2103,Emperor of the Winkies,,,,
Ozma,2104,Royal Ozma,,,,
Omby Amby,2106,Omby Amby,,,,
Omby Amby,2107,Omby Amby,,,,
Ozma,2110,Royal Ozma,,,,
Jellia Jamb,2112,Jellia Jamb,,,,
Tiger,2115,Hungry Tiger,,,,
Dorothy,2117,Dorothy the Lamb,,,,
Ozma,2117,Royal Ozma,,,,
Dorothy,2118,Dorothy the Lamb,,,,
Ozma,2119,Royal Ozma,,,,
Ozma,2122,Royal Ozma,,,,
Dorothy,2124,Dorothy the Lamb,,,,
Dorothy,2130,Dorothy the Lamb,,,,
Toto,2130,Toto,,,,
Speckles,2130,Speckles,,,,
Dorothy,2131,Dorothy the Lamb,,,,
Uncle Henry,2132,Uncle Henry,,,,
Uncle Henry,2133,Uncle Henry,,,,
Dorothy,2135,Dorothy the Lamb,,,,
Uncle Henry,2135,Uncle Henry,,,,
Ozma,2136,Royal Ozma,,,,
Ozma,2137,Royal Ozma,,,,
Dorothy,2138,Dorothy the Lamb,,,,
Ozma,2140,Royal Ozma,,,,
Sawhorse,2140,Sawhorse,,,,
Glinda,2141,Glinda the Sorceress,,,,
Dorothy,2141,Dorothy the Lamb,,,,
Henry,2143,Uncle Henry,,,,
Glinda,2144,Glinda the Sorceress,,,,
Dorothy,2145,Dorothy the Lamb,,,,
Oz,2151,Oz,,,,
Dorothy,2153,Dorothy the Lamb,,,,
Ozma,2153,Royal Ozma,,,,
Uncle Henry,2154,Uncle Henry,,,,
Glinda,2155,Glinda the Sorceress,,,,
Ozma,2156,Royal Ozma,,,,
Dorothy,2156,Dorothy the Lamb,,,,
Dorothy,2157,Dorothy the Lamb,,,,
Ozma,2157,Royal Ozma,,,,
Nome King,2157,Roquat of the Rocks,,,,
Dorothy,2158,Dorothy the Lamb,,,,
Tiktok,2159,Tiktok,,,,
Dorothy,2159,Dorothy the Lamb,,,,
Ozma,2160,Royal Ozma,,,,
Billina,2161,Billina,,,,
Dorothy,2161,Dorothy the Lamb,,,,
Dorothy,2163,Dorothy the Lamb,,,,
Uncle Henry,2164,Uncle Henry,,,,
Dorothy,2164,Dorothy the Lamb,,,,
Billina,2164,Billina,,,,
Dorothy,2165,Dorothy the Lamb,,,,
Dorothy,2166,Dorothy the Lamb,,,,
Ozma,2166,Royal Ozma,,,,
Nome King,2166,Roquat of the Rocks,,,,
Uncle Henry,2166,Uncle Henry,,,,
Scarecrow,2167,Scarecrow of Oz,,,,
Tiktok,2167,Tiktok,,,,
Uncle Henry,2167,Uncle Henry,,,,
Dorothy,2170,Dorothy the Lamb,,,,
Uncle Henry,2171,Uncle Henry,,,,
Uncle Henry,2172,Uncle Henry,,,,