name,sentence_id,new_name,
Cap'n Bill,1,Bill Weedles,
Trot,1,Trot,
Cap'n Bill,2,Bill Weedles,
Bill,9,Billina,
Cap'n Bill,10,Bill Weedles,
Bill,15,Billina,
Bill,19,Billina,
Trot,19,Trot,
Trot,19,Trot,
Cap'n Bill,20,Bill Weedles,
Trot,21,Trot,
Cap'n Bill,22,Bill Weedles,
Cap'n Bill,23,Bill Weedles,
Trot,23,Trot,
Trot,26,Trot,
Mebbe,29,Mebbe,
Trot,36,Trot,
Cap'n Bill,42,Bill Weedles,
Trot,44,Trot,
Bill,45,Billina,
Trot,46,Trot,
Bill,47,Billina,
Cap'n Bill,50,Bill Weedles,
Trot,50,Trot,
Trot,54,Trot,
Trot,58,Trot,
Trot,68,Trot,
Cap'n Bill,68,Bill Weedles,
Bill,71,Billina,
Trot,73,Trot,
Cap'n Bill,75,Bill Weedles,
Trot,75,Trot,
Bill,79,Billina,
Trot,79,Trot,
Trot,82,Trot,
Trot,84,Trot,
Cap'n Bill,85,Bill Weedles,
Trot,86,Trot,
Bill,91,Billina,
Trot,95,Trot,
Bill,97,Billina,
Cap'n Bill,99,Bill Weedles,
Davy Jones,102,Davy Jones,
Cap'n,104,Cap'n,
Trot,114,Trot,
Bill,116,Billina,
Trot,119,Trot,
Trot,120,Trot,
Trot,122,Trot,
Trot,125,Trot,
Cap'n Bill,126,Bill Weedles,
Cap'n Bill,128,Bill Weedles,
Trot,130,Trot,
Cap'n Bill,131,Bill Weedles,
Cap'n Bill,138,Bill Weedles,
Cap'n Bill,142,Bill Weedles,
Trot,144,Trot,
Trot,149,Trot,
Cap'n Bill,151,Bill Weedles,
Trot,154,Trot,
Cap'n,158,Cap'n,
Cap'n Bill,159,Bill Weedles,
Bill,162,Billina,
Trot,163,Trot,
Cap'n Bill,166,Bill Weedles,
Cap'n Bill,170,Bill Weedles,
S'pose,171,S'pose,
Cap'n,171,Cap'n,
Trot,172,Trot,
Trot,173,Trot,
Trot,181,Trot,
Trot,185,Trot,
Trot,187,Trot,
Cap'n Bill,193,Bill Weedles,
Trot,196,Trot,
Trot,202,Trot,
Cap'n,210,Cap'n,
Bill,211,Billina,
Trot,215,Trot,
Cap'n Bill,219,Bill Weedles,
Flipper,225,Flipper,
Cap'n Bill,234,Bill Weedles,
Ork,234,Orks,
Ork,235,Orks,
Bill,239,Billina,
Ork,239,Orks,
Trot,241,Trot,
Ork,242,Orks,
Cap'n Bill,244,Bill Weedles,
Ork,245,Orks,
Trot,248,Trot,
Cap'n Bill,248,Bill Weedles,
Ork,250,Orks,
Trot,251,Trot,
Ork,253,Orks,
Cap'n Bill,256,Bill Weedles,
Ork,257,Orks,
Trot,258,Trot,
Ork,260,Orks,
Cap'n Bill,260,Bill Weedles,
Ork,260,Orks,
Trot,263,Trot,
Bill,265,Billina,
Trot,267,Trot,
Ork,267,Orks,
Cap'n Bill,271,Bill Weedles,
Trot,272,Trot,
Ork,274,Orks,
Cap'n,275,Cap'n,
Bill,276,Billina,
Ork,281,Orks,
Ork,282,Orks,
Trot,283,Trot,
Ork,284,Orks,
Cap'n Bill,287,Bill Weedles,
Ork,287,Orks,
Ork,288,Orks,
Ork,292,Orks,
Cap'n Bill,293,Bill Weedles,
Ork,295,Orks,
Cap'n Bill,296,Bill Weedles,
Ork,296,Orks,
Trot,299,Trot,
Cap'n Bill,301,Bill Weedles,
Ork,303,Orks,
Trot,304,Trot,
Cap'n Bill,304,Bill Weedles,
Ork,305,Orks,
Trot,307,Trot,
Cap'n Bill,314,Bill Weedles,
Ork,317,Orks,
Ork,322,Orks,
Cap'n Bill,324,Bill Weedles,
Cap'n Bill,326,Bill Weedles,
Ork,327,Orks,
Ork,327,Orks,
Cap'n Bill,329,Bill Weedles,
Ork,330,Orks,
Cap'n Bill,331,Bill Weedles,
Ork,332,Orks,
Cap'n Bill,333,Bill Weedles,
Ork,337,Orks,
Ork,340,Orks,
Ork,341,Orks,
Trot,341,Trot,
Cap'n,341,Cap'n,
Bill,342,Billina,
Ork,343,Orks,
Cap'n Bill,344,Bill Weedles,
Ork,345,Orks,
Trot,345,Trot,
Ork,346,Orks,
Cap'n Bill,349,Bill Weedles,
Trot,350,Trot,
Cap'n Bill,354,Bill Weedles,
Trot,358,Trot,
Ork,362,Orks,
Trot,364,Trot,
Cap'n,364,Cap'n,
Bill,365,Billina,
Ork,366,Orks,
Ork,367,Orks,
Bill,369,Billina,
Ork,369,Orks,
Trot,370,Trot,
Ork,372,Orks,
Trot,374,Trot,
Ork,375,Orks,
Cap'n Bill,377,Bill Weedles,
Ork,382,Orks,
Ork,385,Orks,
Trot,390,Trot,
Cap'n Bill,395,Bill Weedles,
Cap'n Bill,397,Bill Weedles,
Ork,399,Orks,
Cap'n Bill,401,Bill Weedles,
Ork,403,Orks,
Cap'n Bill,405,Bill Weedles,
Cap'n Bill,410,Bill Weedles,
Cap'n,411,Cap'n,
Bill,412,Billina,
Ork,413,Orks,
Cap'n Bill,413,Bill Weedles,
Ork,414,Orks,
Bill,417,Billina,
Ork,421,Orks,
Cap'n,425,Cap'n,
Ork,426,Orks,
Cap'n Bill,428,Bill Weedles,
Cap'n Bill,431,Bill Weedles,
Trot,432,Trot,
Ork,435,Orks,
Trot,438,Trot,
Ork,441,Orks,
Cap'n Bill,444,Bill Weedles,
Ork,445,Orks,
Cap'n Bill,448,Bill Weedles,
Ork,449,Orks,
Trot,451,Trot,
Cap'n Bill,452,Bill Weedles,
Ork,453,Orks,
Cap'n Bill,455,Bill Weedles,
Ork,455,Orks,
Bill,458,Billina,
Ork,458,Orks,
Ork,460,Orks,
Cap'n Bill,461,Bill Weedles,
Ork,462,Orks,
Trot,462,Trot,
Ork,463,Orks,
Trot,466,Trot,
Ork,466,Orks,
Bill,468,Billina,
Trot,468,Trot,
Ork,472,Orks,
Ork,475,Orks,
Trot,477,Trot,
Cap'n Bill,477,Bill Weedles,
Cap'n,480,Cap'n,
Bill,481,Billina,
Ork,485,Orks,
Cap'n Bill,490,Bill Weedles,
Bill,493,Billina,
Trot,495,Trot,
Bill,497,Billina,
Trot,502,Trot,
Cap'n Bill,503,Bill Weedles,
Bill,508,Billina,
Trot,508,Trot,
Ork,508,Orks,
Trot,510,Trot,
Cap'n Bill,511,Bill Weedles,
Trot,511,Trot,
Ork,514,Orks,
Bill,515,Billina,
Cap'n Bill,516,Bill Weedles,
Cap'n Bill,524,Bill Weedles,
Cap'n Bill,528,Bill Weedles,
Trot,532,Trot,
Cap'n Bill,532,Bill Weedles,
Cap'n Bill,534,Bill Weedles,
Trot,542,Trot,
Pessim,544,Pessim,
Pessim,549,Pessim,
Cap'n Bill,552,Bill Weedles,
Trot,555,Trot,
Pessim,562,Pessim,
Cap'n Bill,563,Bill Weedles,
Pessim,566,Pessim,
Cap'n Bill,567,Bill Weedles,
Pessim,571,Pessim,
Cap'n Bill,572,Bill Weedles,
Pessim,574,Pessim,
Cap'n,575,Cap'n,
Bill,576,Billina,
Pessim,576,Pessim,
Pessim,578,Pessim,
Cap'n Bill,581,Bill Weedles,
Trot,581,Trot,
Cap'n Bill,584,Bill Weedles,
Trot,585,Trot,
Ork,587,Orks,
Ork,589,Orks,
Trot,590,Trot,
Pessim,591,Pessim,
Ork,591,Orks,
Cap'n,599,Cap'n,
Bill,600,Billina,
Trot,600,Trot,
Ork,600,Orks,
Pessim,600,Pessim,
Trot,607,Trot,
Pessim,608,Pessim,
Cap'n Bill,616,Bill Weedles,
Pessim,617,Pessim,
Ork,619,Orks,
Ork,631,Orks,
Pessim,632,Pessim,
Ork,634,Orks,
Pessim,635,Pessim,
Ork,635,Orks,
Trot,637,Trot,
Ork,637,Orks,
Pessim,639,Pessim,
Cap'n Bill,642,Bill Weedles,
Ork,643,Orks,
Trot,643,Trot,
Cap'n Bill,644,Bill Weedles,
Ork,644,Orks,
Ork,646,Orks,
Pessim,653,Pessim,
Pessim,656,Pessim,
Ork,657,Orks,
Ork,658,Orks,
Pessim,659,Pessim,
Cap'n Bill,660,Bill Weedles,
Ork,664,Orks,
Trot,664,Trot,
Cap'n Bill,667,Bill Weedles,
Trot,667,Trot,
Ork,667,Orks,
Pessim,668,Pessim,
Bill,672,Billina,
Trot,672,Trot,
Pessim,673,Pessim,
Pessim,677,Pessim,
Trot,679,Trot,
Pessim,680,Pessim,
Ork,681,Orks,
Bill,684,Billina,
Cap'n,685,Cap'n,
Bill,686,Billina,
Ork,687,Orks,
Trot,688,Trot,
Ork,688,Orks,
Cap'n,690,Cap'n,
Bill,691,Billina,
Ork,692,Orks,
Trot,693,Trot,
Cap'n,693,Cap'n,
Bill,694,Billina,
Ork,696,Orks,
Ork,697,Orks,
Trot,706,Trot,
Ork,707,Orks,
Trot,709,Trot,
Cap'n Bill,710,Bill Weedles,
Ork,711,Orks,
Cap'n,712,Cap'n,
Bill,713,Billina,
Trot,714,Trot,
Cap'n,715,Cap'n,
Ork,717,Orks,
Pessim,718,Pessim,
Ork,719,Orks,
Bill,721,Billina,
Ork,724,Orks,
Cap'n Bill,726,Bill Weedles,
Pessim,726,Pessim,
Ork,727,Orks,
Pessim,728,Pessim,
Cap'n Bill,729,Bill Weedles,
Pessim,731,Pessim,
Trot,734,Trot,
Cap'n,734,Cap'n,
Bill,735,Billina,
Trot,736,Trot,
Cap'n Bill,737,Bill Weedles,
Trot,738,Trot,
Bill,739,Billina,
Trot,739,Trot,
Pessim,739,Pessim,
Ork,740,Orks,
Cap'n Bill,741,Bill Weedles,
Ork,745,Orks,
Pessim,747,Pessim,
Ork,749,Orks,
Pessim,749,Pessim,
Trot,752,Trot,
Ork,753,Orks,
Cap'n Bill,755,Bill Weedles,
Cap'n,756,Cap'n,
Ork,760,Orks,
Cap'n,761,Cap'n,
Bill,762,Billina,
Trot,763,Trot,
Ork,763,Orks,
Cap'n Bill,766,Bill Weedles,
Trot,766,Trot,
Ork,767,Orks,
Bill,769,Billina,
Trot,769,Trot,
Ork,769,Orks,
Bill,774,Billina,
Ork,776,Orks,
Trot,777,Trot,
Ork,778,Orks,
Cap'n Bill,781,Bill Weedles,
Ork,783,Orks,
Trot,785,Trot,
Cap'n Bill,785,Bill Weedles,
Ork,785,Orks,
Ork,786,Orks,
Ork,787,Orks,
Cap'n Bill,790,Bill Weedles,
Trot,795,Trot,
Ork,796,Orks,
Ork,798,Orks,
Bill,801,Billina,
Cap'n Bill,804,Bill Weedles,
Trot,807,Trot,
Cap'n Bill,808,Bill Weedles,
Cap'n Bill,810,Bill Weedles,
Trot,810,Trot,
Cap'n Bill,812,Bill Weedles,
Ork,812,Orks,
Trot,813,Trot,
Cap'n,814,Cap'n,
Ork,821,Orks,
Trot,825,Trot,
Ork,826,Orks,
Trot,827,Trot,
Ork,828,Orks,
Trot,831,Trot,
Cap'n Bill,831,Bill Weedles,
Trot,836,Trot,
Cap'n Bill,837,Bill Weedles,
Ork,839,Orks,
Trot,842,Trot,
Cap'n Bill,843,Bill Weedles,
Trot,844,Trot,
Bumpy Man,848,Mountain Ear,
Trot,851,Trot,
Bumpy Man,852,Mountain Ear,
Trot,858,Trot,
Bumpy Man,860,Mountain Ear,
Cap'n Bill,861,Bill Weedles,
Bumpy Man,862,Mountain Ear,
Cap'n Bill,863,Bill Weedles,
Cap'n Bill,866,Bill Weedles,
Bumpy Man,868,Mountain Ear,
Bumpy Man,871,Mountain Ear,
Ork,872,Orks,
Ork,886,Orks,
Cap'n Bill,886,Bill Weedles,
Trot,886,Trot,
Bumpy Man,887,Mountain Ear,
Bill,889,Billina,
Trot,889,Trot,
Pooh,905,Pooh,
Bumpy Man,909,Mountain Ear,
Cap'n,910,Cap'n,
Bill,911,Billina,
Trot,913,Trot,
Cap'n,915,Cap'n,
Trot,918,Trot,
Cap'n,918,Cap'n,
Bill,919,Billina,
Ork,919,Orks,
Cap'n,931,Cap'n,
Bill,932,Billina,
Ork,932,Orks,
Trot,935,Trot,
Ork,936,Orks,
Bumpy Man,937,Mountain Ear,
Cap'n Bill,939,Bill Weedles,
Trot,944,Trot,
Bumpy Man,954,Mountain Ear,
Trot,968,Trot,
Bill,970,Billina,
Bill,975,Billina,
Ork,976,Orks,
Trot,980,Trot,
Cap'n Bill,984,Bill Weedles,
Bumpy Man,987,Mountain Ear,
Trot,993,Trot,
Cap'n Bill,993,Bill Weedles,
Ork,994,Orks,
Button-Bright,995,Button-Bright,
Bright,995,Bright,
Trot,995,Trot,
Button-Bright,996,Button-Bright,
Bright,996,Bright,
Ork,998,Orks,
Button-Bright,999,Button-Bright,
Bright,999,Bright,
Ork,1001,Orks,
Button-Bright,1002,Button-Bright,
Bright,1002,Bright,
Mountain Ear,1008,Mountain Ear,
Trot,1010,Trot,
Bumpy Man,1012,Mountain Ear,
Button-Bright,1013,Button-Bright,
Bright,1013,Bright,
Button-Bright,1019,Button-Bright,
Bright,1019,Bright,
Ork,1023,Orks,
Trot,1025,Trot,
Ork,1025,Orks,
Button-Bright,1026,Button-Bright,
Bright,1026,Bright,
Bill,1030,Billina,
Bill,1034,Billina,
Cap'n,1038,Cap'n,
Bill,1039,Billina,
Button-Bright,1041,Button-Bright,
Bright,1041,Bright,
Trot,1041,Trot,
Trot,1042,Trot,
Button-Bright,1043,Button-Bright,
Bright,1043,Bright,
Cap'n,1044,Cap'n,
Bill,1045,Billina,
Bumpy Man,1047,Mountain Ear,
Ork,1053,Orks,
Button-Bright,1053,Button-Bright,
Bright,1053,Bright,
Ork,1055,Orks,
Button-Bright,1056,Button-Bright,
Bright,1056,Bright,
Ork,1058,Orks,
Ork,1060,Orks,
Button-Bright,1061,Button-Bright,
Bright,1061,Bright,
Ork,1063,Orks,
Cap'n Bill,1065,Bill Weedles,
Ork,1065,Orks,
Cap'n Bill,1070,Bill Weedles,
Ork,1071,Orks,
Ork,1073,Orks,
Cap'n Bill,1076,Bill Weedles,
Trot,1077,Trot,
Bill,1079,Billina,
Cap'n,1087,Cap'n,
Bumpy Man,1089,Mountain Ear,
Cap'n Bill,1090,Bill Weedles,
Button-Bright,1096,Button-Bright,
Bright,1096,Bright,
Cap'n Bill,1101,Bill Weedles,
Cap'n Bill,1106,Bill Weedles,
Cap'n Bill,1109,Bill Weedles,
Trot,1112,Trot,
Cap'n,1113,Cap'n,
Bill,1114,Billina,
Trot,1117,Trot,
Bill,1120,Billina,
Trot,1123,Trot,
Cap'n Bill,1124,Bill Weedles,
Cap'n Bill,1127,Bill Weedles,
Button-Bright,1128,Button-Bright,
Bright,1128,Bright,
Cap'n Bill,1130,Bill Weedles,
Ork,1131,Orks,
Cap'n Bill,1133,Bill Weedles,
Ork,1133,Orks,
Ork,1136,Orks,
Cap'n Bill,1141,Bill Weedles,
Button-Bright,1143,Button-Bright,
Bright,1143,Bright,
Ork,1145,Orks,
Ork,1146,Orks,
Bill,1150,Billina,
Ork,1150,Orks,
Trot,1150,Trot,
Button-Bright,1150,Button-Bright,
Bright,1150,Bright,
Ork,1151,Orks,
Cap'n,1152,Cap'n,
Bill,1153,Billina,
Trot,1157,Trot,
Ork,1158,Orks,
Ork,1159,Orks,
Trot,1161,Trot,
Ork,1163,Orks,
Ork,1166,Orks,
Cap'n Bill,1167,Bill Weedles,
Trot,1167,Trot,
Trot,1169,Trot,
Button-Bright,1171,Button-Bright,
Bright,1171,Bright,
Ork,1175,Orks,
Ork,1180,Orks,
Cap'n Bill,1182,Bill Weedles,
Trot,1182,Trot,
Button-Bright,1182,Button-Bright,
Bright,1182,Bright,
Trot,1188,Trot,
Cap'n,1188,Cap'n,
Bill,1189,Billina,
Jinxland,1191,Jinxland,
Cap'n Bill,1192,Bill Weedles,
Jinxland,1193,Jinxland,
Trot,1194,Trot,
Ozma of Oz,1197,Royal Ozma,
Button-Bright,1198,Button-Bright,
Bright,1198,Bright,
Trot,1199,Trot,
Button-Bright,1200,Button-Bright,
Bright,1200,Bright,
Cap'n Bill,1204,Bill Weedles,
Trot,1207,Trot,
Button-Bright,1210,Button-Bright,
Bright,1210,Bright,
Cap'n,1211,Cap'n,
Bill,1212,Billina,
Trot,1213,Trot,
Button-Bright,1218,Button-Bright,
Bright,1218,Bright,
Cap'n Bill,1219,Bill Weedles,
Jinxland,1219,Jinxland,
King Krewl,1221,King Krewl,
Krewl,1229,King Krewl,
Cap'n,1230,Cap'n,
Trot,1230,Trot,
Krewl,1231,King Krewl,
Ozma,1234,Royal Ozma,
Button-Bright,1234,Button-Bright,
Bright,1234,Bright,
Ozma,1235,Royal Ozma,
Trot,1235,Trot,
Ozma,1236,Royal Ozma,
Button-Bright,1237,Button-Bright,
Bright,1237,Bright,
Cap'n Bill,1241,Bill Weedles,
Button-Bright,1243,Button-Bright,
Bright,1243,Bright,
Trot,1244,Trot,
Cap'n,1245,Cap'n,
Dorothy,1246,Dorothy the Lamb,
Scarecrow,1246,Scarecrow of Oz,
Tin Woodman,1246,Emperor of the Winkies,
Tik,1246,Tik,
Tik-Tok,1246,Tik-Tok,
Ozma,1246,Royal Ozma,
Button-Bright,1247,Button-Bright,
Bright,1247,Bright,
Cap'n Bill,1250,Bill Weedles,
Ozma,1251,Royal Ozma,
Dorothy,1251,Dorothy the Lamb,
Button-Bright,1256,Button-Bright,
Bright,1256,Bright,
Button-Bright,1259,Button-Bright,
Bright,1259,Bright,
Trot,1265,Trot,
Cap'n Bill,1265,Bill Weedles,
Pon,1270,Pon Summons,
Trot,1272,Trot,
Gloria,1274,Gloria,
Button-Bright,1276,Button-Bright,
Bright,1276,Bright,
Gloria,1277,Gloria,
Cap'n Bill,1277,Bill Weedles,
Krewl,1278,King Krewl,
Gloria,1281,Gloria,
Trot,1289,Trot,
Pon,1290,Pon Summons,
Gloria,1291,Gloria,
Googly-Goo,1292,Googly-Goo,
Gloria,1292,Gloria,
Googly-Goo,1293,Googly-Goo,
Goo,1293,Goo,
King Krewl,1294,King Krewl,
Gloria,1295,Gloria,
Pon,1298,Pon Summons,
Cap'n Bill,1299,Bill Weedles,
Pon,1299,Pon Summons,
Button-Bright,1302,Button-Bright,
Bright,1302,Bright,
Pon,1304,Pon Summons,
Krewl,1305,King Krewl,
Cap'n Bill,1307,Bill Weedles,
Krewl,1308,King Krewl,
King Phearse,1309,King Phearse,
Krewl,1309,King Krewl,
Krewl,1310,King Krewl,
Krewl,1311,King Krewl,
Krewl,1313,King Krewl,
Krewl,1315,King Krewl,
Phearse,1315,King Phearse,
Trot,1316,Trot,
Pon,1317,Pon Summons,
Gloria,1317,Gloria,
Pon,1318,Pon Summons,
Kynd,1319,Kynd,
Gloria,1319,Gloria,
Kynd,1320,Kynd,
Kynd,1321,Kynd,
Trot,1322,Trot,
Gloria,1322,Gloria,
Pon,1323,Pon Summons,
Krewl,1324,King Krewl,
Cap'n Bill,1325,Bill Weedles,
Krewl,1326,King Krewl,
Pon,1327,Pon Summons,
Button-Bright,1328,Button-Bright,
Bright,1328,Bright,
Pon,1329,Pon Summons,
Gloria,1331,Gloria,
Cap'n Bill,1332,Bill Weedles,
Goo,1335,Goo,
Bill,1339,Billina,
Krewl,1340,King Krewl,
Cap'n,1341,Cap'n,
Bill,1342,Billina,
Trot,1348,Trot,
Cap'n Bill,1351,Bill Weedles,
Krewl,1361,King Krewl,
Cap'n Bill,1361,Bill Weedles,
Jinxland,1361,Jinxland,
Cap'n,1368,Cap'n,
Bill,1369,Billina,
Cap'n Bill,1376,Bill Weedles,
Cap'n Bill,1378,Bill Weedles,
Cap'n Bill,1381,Bill Weedles,
Cap'n Bill,1385,Bill Weedles,
Krewl,1388,King Krewl,
Trot,1388,Trot,
Googly-Goo,1395,Googly-Goo,
Goo,1395,Goo,
Goo,1396,Goo,
Cap'n Bill,1396,Bill Weedles,
Button-Bright,1396,Button-Bright,
Bright,1396,Bright,
Sire,1399,Sire,
Googly-Goo,1403,Googly-Goo,
Goo,1403,Goo,
Googly-Goo,1406,Googly-Goo,
Goo,1406,Goo,
Gloria,1407,Gloria,
Pon,1407,Pon Summons,
Pon,1408,Pon Summons,
Goo,1412,Goo,
Pon,1415,Pon Summons,
Gloria,1416,Gloria,
Pon,1416,Pon Summons,
Googly-Goo,1417,Googly-Goo,
Goo,1417,Goo,
Gloria,1418,Gloria,
Sire,1419,Sire,
Cap'n Bill,1421,Bill Weedles,
Trot,1421,Trot,
Button-Bright,1421,Button-Bright,
Bright,1421,Bright,
Googly-Goo,1422,Googly-Goo,
Goo,1422,Goo,
Trot,1422,Trot,
Cap'n Bill,1423,Bill Weedles,
Googly-Goo,1425,Googly-Goo,
Button-Bright,1426,Button-Bright,
Bright,1426,Bright,
Goo,1429,Goo,
Cap'n Bill,1429,Bill Weedles,
Bill,1434,Billina,
Trot,1434,Trot,
Button-Bright,1435,Button-Bright,
Bright,1435,Bright,
Googly-Goo,1437,Googly-Goo,
Goo,1437,Goo,
Gloria,1437,Gloria,
Googly-Goo,1439,Googly-Goo,
Goo,1439,Goo,
Goo,1448,Goo,
Gloria,1450,Gloria,
Gloria,1451,Gloria,
Googly-Goo,1452,Googly-Goo,
Goo,1452,Goo,
Pon,1453,Pon Summons,
Pon,1454,Pon Summons,
Gloria,1455,Gloria,
Googly-Goo,1455,Googly-Goo,
Goo,1455,Goo,
Googly-Goo,1460,Googly-Goo,
Goo,1460,Goo,
Trot,1463,Trot,
Gloria,1463,Gloria,
Gloria,1464,Gloria,
Googly-Goo,1465,Googly-Goo,
Goo,1465,Goo,
Trot,1465,Trot,
Trot,1467,Trot,
Pon,1471,Pon Summons,
Pon,1472,Pon Summons,
Trot,1472,Trot,
Gloria,1474,Gloria,
Pon,1475,Pon Summons,
Googly-Goo,1476,Googly-Goo,
Goo,1476,Goo,
Trot,1477,Trot,
Googly-Goo,1478,Googly-Goo,
Gloria,1481,Gloria,
Gloria,1484,Gloria,
Cap'n Bill,1485,Bill Weedles,
Ork,1485,Orks,
Pessim,1485,Pessim,
Googly-Goo,1486,Googly-Goo,
Goo,1486,Goo,
Jinxland,1488,Jinxland,
Blinkie,1488,Blinkie,
Krewl,1490,King Krewl,
Blinkie,1491,Blinkie,
Blinkie,1492,Blinkie,
Googly-Goo,1493,Googly-Goo,
Goo,1493,Goo,
Gloria,1494,Gloria,
Wicked Witch,1495,Wicked Witch,
Gloria,1502,Gloria,
Pon,1502,Pon Summons,
Googly-Goo,1503,Googly-Goo,
Goo,1503,Goo,
King,1503,King,
Wicked Witch,1504,Wicked Witch,
Gloria,1505,Gloria,
Blinkie,1505,Blinkie,
Krewl,1506,King Krewl,
Googly-Goo,1511,Googly-Goo,
Goo,1511,Goo,
Blinkie,1511,Blinkie,
Cap'n Bill,1511,Bill Weedles,
Wicked Witch,1513,Wicked Witch,
Cap'n Bill,1513,Bill Weedles,
Blinkie,1514,Blinkie,
King Krewl,1515,King Krewl,
Gloria,1519,Gloria,
Wicked Witch,1520,Wicked Witch,
Blinkie,1526,Blinkie,
Cap'n,1526,Cap'n,
Bill,1527,Billina,
Blinkie,1530,Blinkie,
Wicked Witch,1535,Wicked Witch,
Trot,1541,Trot,
Gloria,1541,Gloria,
Button-Bright,1541,Button-Bright,
Bright,1541,Bright,
Bill,1543,Billina,
King,1543,King,
Trot,1546,Trot,
Button-Bright,1546,Button-Bright,
Bright,1546,Bright,
Cap'n Bill,1546,Bill Weedles,
Trot,1549,Trot,
Trot,1559,Trot,
Cap'n Bill,1559,Bill Weedles,
Button-Bright,1561,Button-Bright,
Bright,1561,Bright,
Trot,1562,Trot,
Cap'n,1565,Cap'n,
Bill,1566,Billina,
Button-Bright,1572,Button-Bright,
Bright,1572,Bright,
Cap'n Bill,1574,Bill Weedles,
Trot,1576,Trot,
Trot,1580,Trot,
Button-Bright,1581,Button-Bright,
Bright,1581,Bright,
Button-Bright,1583,Button-Bright,
Bright,1583,Bright,
Cap'n Bill,1587,Bill Weedles,
Pon,1588,Pon Summons,
Trot,1589,Trot,
Pon,1589,Pon Summons,
Cap'n Bill,1590,Bill Weedles,
Pon,1591,Pon Summons,
Krewl,1592,King Krewl,
Blinkie,1592,Blinkie,
Wicked Witch,1592,Wicked Witch,
Googly-Goo,1593,Googly-Goo,
Goo,1593,Goo,
Gloria,1593,Gloria,
Cap'n Bill,1594,Bill Weedles,
Trot,1595,Trot,
Blinkie,1596,Blinkie,
Pon,1602,Pon Summons,
Trot,1603,Trot,
Button-Bright,1603,Button-Bright,
Bright,1603,Bright,
Trot,1605,Trot,
Pon,1605,Pon Summons,
Button-Bright,1606,Button-Bright,
Bright,1606,Bright,
Glinda,1610,Glinda the Sorceress,
Ozma,1611,Royal Ozma,
Glinda,1612,Glinda the Sorceress,
Glinda,1612,Glinda the Sorceress,
Ozma,1612,Royal Ozma,
Oz,1612,Oz,
Glinda,1617,Glinda the Sorceress,
Glinda,1619,Glinda the Sorceress,
Ozma,1620,Royal Ozma,
Glinda,1621,Glinda the Sorceress,
Glinda,1622,Glinda the Sorceress,
Glinda,1624,Glinda the Sorceress,
Scarecrow,1624,Scarecrow of Oz,
Scarecrow,1627,Scarecrow of Oz,
Scarecrow,1628,Scarecrow of Oz,
Scarecrow,1628,Scarecrow of Oz,
Scarecrow,1630,Scarecrow of Oz,
Glinda,1630,Glinda the Sorceress,
Sorceress,1630,Royal Sorceress,
Glinda,1632,Glinda the Sorceress,
Scarecrow,1635,Scarecrow of Oz,
Jinxland,1638,Jinxland,
Glinda,1639,Glinda the Sorceress,
Oz,1639,Oz,
Scarecrow,1640,Scarecrow of Oz,
King Krewl,1641,King Krewl,
Scarecrow,1644,Scarecrow of Oz,
Blinkie,1646,Blinkie,
Jinxland,1646,Jinxland,
Gloria,1646,Gloria,
Scarecrow,1647,Scarecrow of Oz,
Glinda,1648,Glinda the Sorceress,
Trot,1649,Trot,
Button-Bright,1649,Button-Bright,
Bright,1649,Bright,
Pon,1649,Pon Summons,
Sorceress,1650,Royal Sorceress,
Scarecrow,1652,Scarecrow of Oz,
Glinda,1654,Glinda the Sorceress,
Button-Bright,1655,Button-Bright,
Bright,1655,Bright,
Cap'n Bill,1655,Bill Weedles,
Scarecrow,1656,Scarecrow of Oz,
Button-Bright,1657,Button-Bright,
Bright,1657,Bright,
Glinda,1659,Glinda the Sorceress,
Scarecrow,1660,Scarecrow of Oz,
Sorceress,1663,Royal Sorceress,
Scarecrow,1664,Scarecrow of Oz,
Scarecrow,1667,Scarecrow of Oz,
Glinda,1668,Glinda the Sorceress,
Scarecrow,1669,Scarecrow of Oz,
Scarecrow,1671,Scarecrow of Oz,
Scarecrow,1673,Scarecrow of Oz,
Scarecrow,1675,Scarecrow of Oz,
Cap'n Bill,1683,Bill Weedles,
Cap'n Bill,1687,Bill Weedles,
Trot,1691,Trot,
Cap'n Bill,1691,Bill Weedles,
Cap'n Bill,1693,Bill Weedles,
Trot,1701,Trot,
Pessim,1703,Pessim,
Pessim,1708,Pessim,
Cap'n Bill,1711,Bill Weedles,
Trot,1714,Trot,
Pessim,1721,Pessim,
Cap'n Bill,1722,Bill Weedles,
Pessim,1725,Pessim,
Cap'n Bill,1726,Bill Weedles,
Pessim,1730,Pessim,
Cap'n Bill,1731,Bill Weedles,
Pessim,1733,Pessim,
Cap'n,1734,Cap'n,
Bill,1735,Billina,
Pessim,1735,Pessim,
Pessim,1737,Pessim,
Cap'n Bill,1740,Bill Weedles,
Trot,1740,Trot,
Cap'n Bill,1743,Bill Weedles,
Trot,1744,Trot,
Ork,1746,Orks,
Ork,1748,Orks,
Trot,1749,Trot,
Pessim,1750,Pessim,
Ork,1750,Orks,
Cap'n,1758,Cap'n,
Bill,1759,Billina,
Trot,1759,Trot,
Ork,1759,Orks,
Pessim,1759,Pessim,
Trot,1766,Trot,
Pessim,1767,Pessim,
Cap'n Bill,1775,Bill Weedles,
Pessim,1776,Pessim,
Ork,1778,Orks,
Ork,1790,Orks,
Pessim,1791,Pessim,
Ork,1793,Orks,
Pessim,1794,Pessim,
Ork,1794,Orks,
Trot,1796,Trot,
Ork,1796,Orks,
Pessim,1798,Pessim,
Cap'n Bill,1801,Bill Weedles,
Ork,1802,Orks,
Trot,1802,Trot,
Cap'n Bill,1803,Bill Weedles,
Ork,1803,Orks,
Ork,1805,Orks,
Pessim,1812,Pessim,
Pessim,1815,Pessim,
Ork,1816,Orks,
Ork,1817,Orks,
Pessim,1818,Pessim,
Cap'n Bill,1819,Bill Weedles,
Ork,1823,Orks,
Trot,1823,Trot,
Cap'n Bill,1826,Bill Weedles,
Trot,1826,Trot,
Ork,1826,Orks,
Pessim,1827,Pessim,
Bill,1831,Billina,
Trot,1831,Trot,
Pessim,1832,Pessim,
Pessim,1836,Pessim,
Trot,1838,Trot,
Pessim,1839,Pessim,
Ork,1840,Orks,
Bill,1843,Billina,
Cap'n,1844,Cap'n,
Bill,1845,Billina,
Ork,1846,Orks,
Trot,1847,Trot,
Ork,1847,Orks,
Cap'n,1849,Cap'n,
Bill,1850,Billina,
Ork,1851,Orks,
Trot,1852,Trot,
Cap'n,1852,Cap'n,
Bill,1853,Billina,
Ork,1855,Orks,
Ork,1856,Orks,
Trot,1865,Trot,
Ork,1866,Orks,
Trot,1868,Trot,
Cap'n Bill,1869,Bill Weedles,
Ork,1870,Orks,
Cap'n,1871,Cap'n,
Bill,1872,Billina,
Trot,1873,Trot,
Cap'n,1874,Cap'n,
Ork,1876,Orks,
Pessim,1877,Pessim,
Ork,1878,Orks,
Bill,1880,Billina,
Ork,1883,Orks,
Cap'n Bill,1885,Bill Weedles,
Pessim,1885,Pessim,
Ork,1886,Orks,
Pessim,1887,Pessim,
Cap'n Bill,1888,Bill Weedles,
Pessim,1890,Pessim,
Trot,1893,Trot,
Cap'n,1893,Cap'n,
Bill,1894,Billina,
Trot,1895,Trot,
Cap'n Bill,1896,Bill Weedles,
Trot,1897,Trot,
Bill,1898,Billina,
Trot,1898,Trot,
Pessim,1898,Pessim,
Ork,1899,Orks,
Cap'n Bill,1900,Bill Weedles,
Ork,1904,Orks,
Pessim,1906,Pessim,
Ork,1908,Orks,
Pessim,1908,Pessim,
Trot,1911,Trot,
Ork,1912,Orks,
Cap'n Bill,1914,Bill Weedles,
Cap'n,1915,Cap'n,
Ork,1919,Orks,
Cap'n,1920,Cap'n,
Bill,1921,Billina,
Trot,1922,Trot,
Ork,1922,Orks,
Cap'n Bill,1925,Bill Weedles,
Trot,1925,Trot,
Ork,1926,Orks,
Bill,1928,Billina,
Trot,1928,Trot,
Ork,1928,Orks,
Bill,1933,Billina,
Ork,1935,Orks,
Trot,1936,Trot,
Ork,1937,Orks,
Cap'n Bill,1940,Bill Weedles,
Ork,1942,Orks,
Trot,1944,Trot,
Cap'n Bill,1944,Bill Weedles,
Ork,1944,Orks,
Ork,1945,Orks,
Ork,1946,Orks,
Cap'n Bill,1949,Bill Weedles,
Trot,1954,Trot,
Ork,1955,Orks,
Ork,1957,Orks,
Bill,1960,Billina,
Cap'n Bill,1963,Bill Weedles,
Trot,1966,Trot,
Cap'n Bill,1967,Bill Weedles,
Cap'n Bill,1969,Bill Weedles,
Trot,1969,Trot,
Cap'n Bill,1971,Bill Weedles,
Ork,1971,Orks,
Trot,1972,Trot,
Cap'n,1973,Cap'n,
Ork,1980,Orks,
Trot,1984,Trot,
Ork,1985,Orks,
Trot,1986,Trot,
Ork,1987,Orks,
Trot,1990,Trot,
Cap'n Bill,1990,Bill Weedles,
Trot,1995,Trot,
Cap'n Bill,1996,Bill Weedles,
Ork,1998,Orks,
Trot,2001,Trot,
Cap'n Bill,2002,Bill Weedles,
Trot,2003,Trot,
Bumpy Man,2007,Mountain Ear,
Trot,2010,Trot,
Bumpy Man,2011,Mountain Ear,
Trot,2017,Trot,
Bumpy Man,2019,Mountain Ear,
Cap'n Bill,2020,Bill Weedles,
Bumpy Man,2021,Mountain Ear,
Cap'n Bill,2022,Bill Weedles,
Cap'n Bill,2025,Bill Weedles,
Bumpy Man,2027,Mountain Ear,
Bumpy Man,2030,Mountain Ear,
Ork,2031,Orks,
Ork,2045,Orks,
Cap'n Bill,2045,Bill Weedles,
Trot,2045,Trot,
Bumpy Man,2046,Mountain Ear,
Bill,2048,Billina,
Trot,2048,Trot,
Pooh,2064,Pooh,
Bumpy Man,2068,Mountain Ear,
Cap'n,2069,Cap'n,
Bill,2070,Billina,
Trot,2072,Trot,
Cap'n,2074,Cap'n,
Mountain Ear,2076,Mountain Ear,
Trot,2077,Trot,
Cap'n,2077,Cap'n,
Bill,2078,Billina,
Ork,2078,Orks,
Cap'n,2090,Cap'n,
Bill,2091,Billina,
Ork,2091,Orks,
Trot,2094,Trot,
Ork,2095,Orks,
Bumpy Man,2096,Mountain Ear,
Cap'n Bill,2098,Bill Weedles,
Trot,2103,Trot,
Bumpy Man,2113,Mountain Ear,
Trot,2127,Trot,
Bill,2129,Billina,
Bill,2134,Billina,
Ork,2135,Orks,
Trot,2139,Trot,
Cap'n Bill,2143,Bill Weedles,
Bumpy Man,2146,Mountain Ear,
Trot,2152,Trot,
Cap'n Bill,2152,Bill Weedles,
Ork,2153,Orks,
Button-Bright,2154,Button-Bright,
Bright,2154,Bright,
Trot,2154,Trot,
Button-Bright,2155,Button-Bright,
Bright,2155,Bright,
Ork,2157,Orks,
Button-Bright,2158,Button-Bright,
Bright,2158,Bright,
Ork,2160,Orks,
Button-Bright,2161,Button-Bright,
Bright,2161,Bright,
Mountain Ear,2167,Mountain Ear,
Trot,2169,Trot,
Bumpy Man,2171,Mountain Ear,
Button-Bright,2172,Button-Bright,
Bright,2172,Bright,
Button-Bright,2178,Button-Bright,
Bright,2178,Bright,
Ork,2182,Orks,
Trot,2184,Trot,
Ork,2184,Orks,
Button-Bright,2185,Button-Bright,
Bright,2185,Bright,
Bill,2189,Billina,
Bill,2193,Billina,
Cap'n,2197,Cap'n,
Bill,2198,Billina,
Button-Bright,2200,Button-Bright,
Bright,2200,Bright,
Trot,2200,Trot,
Trot,2201,Trot,
Button-Bright,2202,Button-Bright,
Bright,2202,Bright,
Cap'n,2203,Cap'n,
Bill,2204,Billina,
Bumpy Man,2206,Mountain Ear,
Ork,2212,Orks,
Button-Bright,2212,Button-Bright,
Bright,2212,Bright,
Ork,2214,Orks,
Button-Bright,2215,Button-Bright,
Bright,2215,Bright,
Ork,2217,Orks,
Ork,2219,Orks,
Button-Bright,2220,Button-Bright,
Bright,2220,Bright,
Ork,2222,Orks,
Cap'n Bill,2224,Bill Weedles,
Ork,2224,Orks,
Cap'n Bill,2229,Bill Weedles,
Ork,2230,Orks,
Ork,2232,Orks,
Cap'n Bill,2235,Bill Weedles,
Trot,2236,Trot,
Bill,2238,Billina,
Cap'n,2246,Cap'n,
Bumpy Man,2248,Mountain Ear,
Cap'n Bill,2249,Bill Weedles,
Button-Bright,2255,Button-Bright,
Bright,2255,Bright,
Cap'n Bill,2260,Bill Weedles,
Cap'n Bill,2265,Bill Weedles,
Cap'n Bill,2268,Bill Weedles,
Trot,2271,Trot,
Cap'n,2272,Cap'n,
Bill,2273,Billina,
Trot,2276,Trot,
Bill,2279,Billina,
Trot,2282,Trot,
Cap'n Bill,2283,Bill Weedles,
Cap'n Bill,2286,Bill Weedles,
Button-Bright,2287,Button-Bright,
Bright,2287,Bright,
Cap'n Bill,2289,Bill Weedles,
Ork,2290,Orks,
Cap'n Bill,2292,Bill Weedles,
Ork,2292,Orks,
Ork,2295,Orks,
Cap'n Bill,2300,Bill Weedles,
Button-Bright,2302,Button-Bright,
Bright,2302,Bright,
Ork,2304,Orks,
Ork,2305,Orks,
Bill,2309,Billina,
Ork,2309,Orks,
Trot,2309,Trot,
Button-Bright,2309,Button-Bright,
Bright,2309,Bright,
Ork,2310,Orks,
Cap'n,2311,Cap'n,
Bill,2312,Billina,
Trot,2316,Trot,
Ork,2317,Orks,
Ork,2318,Orks,
Trot,2320,Trot,
Ork,2322,Orks,
Ork,2325,Orks,
Cap'n Bill,2326,Bill Weedles,
Trot,2326,Trot,
Trot,2328,Trot,
Button-Bright,2330,Button-Bright,
Bright,2330,Bright,
Ork,2334,Orks,
Ork,2339,Orks,
Cap'n Bill,2341,Bill Weedles,
Trot,2341,Trot,
Button-Bright,2341,Button-Bright,
Bright,2341,Bright,
Trot,2347,Trot,
Cap'n,2347,Cap'n,
Bill,2348,Billina,
Jinxland,2350,Jinxland,
Cap'n Bill,2351,Bill Weedles,
Jinxland,2352,Jinxland,
Trot,2353,Trot,
Ozma of Oz,2356,Royal Ozma,
Button-Bright,2357,Button-Bright,
Bright,2357,Bright,
Trot,2358,Trot,
Button-Bright,2359,Button-Bright,
Bright,2359,Bright,
Cap'n Bill,2363,Bill Weedles,
Trot,2366,Trot,
Button-Bright,2369,Button-Bright,
Bright,2369,Bright,
Cap'n,2370,Cap'n,
Bill,2371,Billina,
Trot,2372,Trot,
Button-Bright,2377,Button-Bright,
Bright,2377,Bright,
Cap'n Bill,2378,Bill Weedles,
Jinxland,2378,Jinxland,
King Krewl,2380,King Krewl,
Krewl,2388,King Krewl,
Cap'n,2389,Cap'n,
Trot,2389,Trot,
Krewl,2390,King Krewl,
Ozma,2393,Royal Ozma,
Button-Bright,2393,Button-Bright,
Bright,2393,Bright,
Ozma,2394,Royal Ozma,
Trot,2394,Trot,
Ozma,2395,Royal Ozma,
Button-Bright,2396,Button-Bright,
Bright,2396,Bright,
Cap'n Bill,2400,Bill Weedles,
Button-Bright,2402,Button-Bright,
Bright,2402,Bright,
Trot,2403,Trot,
Cap'n,2404,Cap'n,
Dorothy,2405,Dorothy the Lamb,
Scarecrow,2405,Scarecrow of Oz,
Tin Woodman,2405,Emperor of the Winkies,
Tik,2405,Tik,
Tik-Tok,2405,Tik-Tok,
Ozma,2405,Royal Ozma,
Button-Bright,2406,Button-Bright,
Bright,2406,Bright,
Cap'n Bill,2409,Bill Weedles,
Ozma,2410,Royal Ozma,
Dorothy,2410,Dorothy the Lamb,
Button-Bright,2415,Button-Bright,
Bright,2415,Bright,
Button-Bright,2418,Button-Bright,
Bright,2418,Bright,
Trot,2424,Trot,
Cap'n Bill,2424,Bill Weedles,
Pon,2429,Pon Summons,
Trot,2431,Trot,
Gloria,2433,Gloria,
Button-Bright,2435,Button-Bright,
Bright,2435,Bright,
Gloria,2436,Gloria,
Cap'n Bill,2436,Bill Weedles,
Krewl,2437,King Krewl,
Gloria,2440,Gloria,
Trot,2448,Trot,
Pon,2449,Pon Summons,
Gloria,2450,Gloria,
Googly-Goo,2451,Googly-Goo,
Goo,2451,Goo,
Gloria,2451,Gloria,
Googly-Goo,2452,Googly-Goo,
Goo,2452,Goo,
King Krewl,2453,King Krewl,
Gloria,2454,Gloria,
Pon,2457,Pon Summons,
Cap'n Bill,2458,Bill Weedles,
Pon,2458,Pon Summons,
Button-Bright,2461,Button-Bright,
Bright,2461,Bright,
Pon,2463,Pon Summons,
Krewl,2464,King Krewl,
Cap'n Bill,2466,Bill Weedles,
Krewl,2467,King Krewl,
King Phearse,2468,King Phearse,
Krewl,2468,King Krewl,
Krewl,2469,King Krewl,
Krewl,2470,King Krewl,
Krewl,2472,King Krewl,
Krewl,2474,King Krewl,
Phearse,2474,King Phearse,
Trot,2475,Trot,
Pon,2476,Pon Summons,
Gloria,2476,Gloria,
Pon,2477,Pon Summons,
Kynd,2478,Kynd,
Gloria,2478,Gloria,
Kynd,2479,Kynd,
Kynd,2480,Kynd,
Trot,2481,Trot,
Gloria,2481,Gloria,
Pon,2482,Pon Summons,
Krewl,2483,King Krewl,
Cap'n Bill,2484,Bill Weedles,
Krewl,2485,King Krewl,
Pon,2486,Pon Summons,
Button-Bright,2487,Button-Bright,
Bright,2487,Bright,
Pon,2488,Pon Summons,
Gloria,2490,Gloria,
Cap'n Bill,2491,Bill Weedles,
Goo,2494,Goo,
Bill,2498,Billina,
Krewl,2499,King Krewl,
Cap'n,2500,Cap'n,
Bill,2501,Billina,
Trot,2507,Trot,
Cap'n Bill,2510,Bill Weedles,
Krewl,2520,King Krewl,
Cap'n Bill,2520,Bill Weedles,
Jinxland,2520,Jinxland,
Sire,2522,Sire,
Cap'n,2527,Cap'n,
Bill,2528,Billina,
Cap'n Bill,2535,Bill Weedles,
Cap'n Bill,2537,Bill Weedles,
Cap'n Bill,2540,Bill Weedles,
Cap'n Bill,2544,Bill Weedles,
Krewl,2547,King Krewl,
Trot,2547,Trot,
Googly-Goo,2554,Googly-Goo,
Goo,2554,Goo,
Goo,2555,Goo,
Cap'n Bill,2555,Bill Weedles,
Button-Bright,2555,Button-Bright,
Bright,2555,Bright,
Sire,2558,Sire,
Googly-Goo,2562,Googly-Goo,
Goo,2562,Goo,
Googly-Goo,2565,Googly-Goo,
Goo,2565,Goo,
Gloria,2566,Gloria,
Pon,2566,Pon Summons,
Pon,2567,Pon Summons,
Goo,2571,Goo,
Pon,2574,Pon Summons,
Gloria,2575,Gloria,
Pon,2575,Pon Summons,
Googly-Goo,2576,Googly-Goo,
Goo,2576,Goo,
Gloria,2577,Gloria,
Sire,2578,Sire,
Cap'n Bill,2580,Bill Weedles,
Trot,2580,Trot,
Button-Bright,2580,Button-Bright,
Bright,2580,Bright,
Googly-Goo,2581,Googly-Goo,
Goo,2581,Goo,
Trot,2581,Trot,
Cap'n Bill,2582,Bill Weedles,
Googly-Goo,2584,Googly-Goo,
Button-Bright,2585,Button-Bright,
Bright,2585,Bright,
Goo,2588,Goo,
Cap'n Bill,2588,Bill Weedles,
Bill,2593,Billina,
Trot,2593,Trot,
Button-Bright,2594,Button-Bright,
Bright,2594,Bright,
Googly-Goo,2596,Googly-Goo,
Goo,2596,Goo,
Gloria,2596,Gloria,
Googly-Goo,2598,Googly-Goo,
Goo,2598,Goo,
Wicked Witch,2605,Wicked Witch,
Goo,2607,Goo,
Wicked Witch,2608,Wicked Witch,
Gloria,2609,Gloria,
Gloria,2610,Gloria,
Googly-Goo,2611,Googly-Goo,
Goo,2611,Goo,
Pon,2612,Pon Summons,
Pon,2613,Pon Summons,
Gloria,2614,Gloria,
Googly-Goo,2614,Googly-Goo,
Goo,2614,Goo,
Googly-Goo,2619,Googly-Goo,
Goo,2619,Goo,
Wicked Witch,2620,Wicked Witch,
Trot,2622,Trot,
Gloria,2622,Gloria,
Gloria,2623,Gloria,
Googly-Goo,2624,Googly-Goo,
Goo,2624,Goo,
Trot,2624,Trot,
Trot,2626,Trot,
Pon,2630,Pon Summons,
Pon,2631,Pon Summons,
Trot,2631,Trot,
Gloria,2633,Gloria,
Pon,2634,Pon Summons,
Googly-Goo,2635,Googly-Goo,
Goo,2635,Goo,
Trot,2636,Trot,
Googly-Goo,2637,Googly-Goo,
Gloria,2640,Gloria,
Gloria,2643,Gloria,
Cap'n Bill,2644,Bill Weedles,
Ork,2644,Orks,
Pessim,2644,Pessim,
Googly-Goo,2645,Googly-Goo,
Goo,2645,Goo,
Jinxland,2647,Jinxland,
Blinkie,2647,Blinkie,
Krewl,2649,King Krewl,
Blinkie,2650,Blinkie,
Blinkie,2651,Blinkie,
Googly-Goo,2652,Googly-Goo,
Goo,2652,Goo,
Gloria,2653,Gloria,
Wicked Witch,2654,Wicked Witch,
Gloria,2661,Gloria,
Pon,2661,Pon Summons,
Googly-Goo,2662,Googly-Goo,
Goo,2662,Goo,
King,2662,King,
Wicked Witch,2663,Wicked Witch,
Gloria,2664,Gloria,
Blinkie,2664,Blinkie,
Krewl,2665,King Krewl,
Googly-Goo,2670,Googly-Goo,
Goo,2670,Goo,
Blinkie,2670,Blinkie,
Cap'n Bill,2670,Bill Weedles,
Wicked Witch,2672,Wicked Witch,
Cap'n Bill,2672,Bill Weedles,
Blinkie,2673,Blinkie,
King Krewl,2674,King Krewl,
Gloria,2678,Gloria,
Wicked Witch,2679,Wicked Witch,
Blinkie,2685,Blinkie,
Cap'n,2685,Cap'n,
Bill,2686,Billina,
Blinkie,2689,Blinkie,
Wicked Witch,2694,Wicked Witch,
Trot,2700,Trot,
Gloria,2700,Gloria,
Button-Bright,2700,Button-Bright,
Bright,2700,Bright,
Bill,2702,Billina,
King,2702,King,
Trot,2705,Trot,
Button-Bright,2705,Button-Bright,
Bright,2705,Bright,
Cap'n Bill,2705,Bill Weedles,
Trot,2708,Trot,
Trot,2718,Trot,
Cap'n Bill,2718,Bill Weedles,
Button-Bright,2720,Button-Bright,
Bright,2720,Bright,
Trot,2721,Trot,
Cap'n,2724,Cap'n,
Bill,2725,Billina,
Button-Bright,2731,Button-Bright,
Bright,2731,Bright,
Cap'n Bill,2733,Bill Weedles,
Trot,2735,Trot,
Trot,2739,Trot,
Button-Bright,2740,Button-Bright,
Bright,2740,Bright,
Button-Bright,2742,Button-Bright,
Bright,2742,Bright,
Cap'n Bill,2746,Bill Weedles,
Pon,2747,Pon Summons,
Trot,2748,Trot,
Pon,2748,Pon Summons,
Cap'n Bill,2749,Bill Weedles,
Pon,2750,Pon Summons,
Krewl,2751,King Krewl,
Blinkie,2751,Blinkie,
Wicked Witch,2751,Wicked Witch,
Googly-Goo,2752,Googly-Goo,
Goo,2752,Goo,
Gloria,2752,Gloria,
Cap'n Bill,2753,Bill Weedles,
Trot,2754,Trot,
Blinkie,2755,Blinkie,
Pon,2761,Pon Summons,
Trot,2762,Trot,
Button-Bright,2762,Button-Bright,
Bright,2762,Bright,
Trot,2764,Trot,
Pon,2764,Pon Summons,
Button-Bright,2765,Button-Bright,
Bright,2765,Bright,
Glinda,2769,Glinda the Sorceress,
Ozma,2770,Royal Ozma,
Glinda,2771,Glinda the Sorceress,
Glinda,2771,Glinda the Sorceress,
Ozma,2771,Royal Ozma,
Oz,2771,Oz,
Glinda,2776,Glinda the Sorceress,
Glinda,2778,Glinda the Sorceress,
Ozma,2779,Royal Ozma,
Glinda,2780,Glinda the Sorceress,
Glinda,2781,Glinda the Sorceress,
Glinda,2783,Glinda the Sorceress,
Scarecrow,2783,Scarecrow of Oz,
Scarecrow,2786,Scarecrow of Oz,
Scarecrow,2787,Scarecrow of Oz,
Scarecrow,2787,Scarecrow of Oz,
Scarecrow,2789,Scarecrow of Oz,
Glinda,2789,Glinda the Sorceress,
Sorceress,2789,Royal Sorceress,
Glinda,2791,Glinda the Sorceress,
Scarecrow,2794,Scarecrow of Oz,
Jinxland,2797,Jinxland,
Glinda,2798,Glinda the Sorceress,
Oz,2798,Oz,
Scarecrow,2799,Scarecrow of Oz,
King Krewl,2800,King Krewl,
Scarecrow,2803,Scarecrow of Oz,
Blinkie,2805,Blinkie,
Jinxland,2805,Jinxland,
Gloria,2805,Gloria,
Scarecrow,2806,Scarecrow of Oz,
Glinda,2807,Glinda the Sorceress,
Trot,2808,Trot,
Button-Bright,2808,Button-Bright,
Bright,2808,Bright,
Pon,2808,Pon Summons,
Sorceress,2809,Royal Sorceress,
Scarecrow,2811,Scarecrow of Oz,
Glinda,2813,Glinda the Sorceress,
Button-Bright,2814,Button-Bright,
Bright,2814,Bright,
Cap'n Bill,2814,Bill Weedles,
Scarecrow,2815,Scarecrow of Oz,
Button-Bright,2816,Button-Bright,
Bright,2816,Bright,
Glinda,2818,Glinda the Sorceress,
Scarecrow,2819,Scarecrow of Oz,
Sorceress,2822,Royal Sorceress,
Scarecrow,2823,Scarecrow of Oz,
Scarecrow,2826,Scarecrow of Oz,
Glinda,2827,Glinda the Sorceress,
Scarecrow,2828,Scarecrow of Oz,
Scarecrow,2830,Scarecrow of Oz,
Scarecrow,2832,Scarecrow of Oz,
Scarecrow,2834,Scarecrow of Oz,
Pon,2839,Pon Summons,
Button-Bright,2839,Button-Bright,
Bright,2839,Bright,
Button-Bright,2845,Button-Bright,
Bright,2845,Bright,
Pon,2845,Pon Summons,
Button-Bright,2849,Button-Bright,
Bright,2849,Bright,
Pon,2851,Pon Summons,
Pon,2852,Pon Summons,
Gloria,2852,Gloria,
Krewl,2854,King Krewl,
Trot,2855,Trot,
Wicked Witch,2856,Wicked Witch,
Pon,2856,Pon Summons,
Gloria,2857,Gloria,
Blinkie,2861,Blinkie,
Gloria,2863,Gloria,
Pon,2863,Pon Summons,
Blinkie,2864,Blinkie,
Gloria,2865,Gloria,
Blinkie,2866,Blinkie,
Gloria,2867,Gloria,
Pon,2868,Pon Summons,
Gloria,2868,Gloria,
Trot,2869,Trot,
Pon,2869,Pon Summons,
Gloria,2873,Gloria,
Trot,2874,Trot,
Pon,2877,Pon Summons,
Trot,2877,Trot,
Gloria,2878,Gloria,
Wicked Witch,2878,Wicked Witch,
Goo,2878,Goo,
Krewl,2884,King Krewl,
Trot,2884,Trot,
Pon,2884,Pon Summons,
Gloria,2885,Gloria,
Blinkie,2885,Blinkie,
Trot,2886,Trot,
Pon,2886,Pon Summons,
Blinkie,2886,Blinkie,
Blinkie,2888,Blinkie,
Blinkie,2890,Blinkie,
Gloria,2890,Gloria,
Trot,2895,Trot,
Blinkie,2896,Blinkie,
Wicked Witch,2898,Wicked Witch,
Blinkie,2901,Blinkie,
Gloria,2902,Gloria,
Gloria,2904,Gloria,
Gloria,2909,Gloria,
Blinkie,2910,Blinkie,
Blinkie,2911,Blinkie,
Trot,2912,Trot,
Gloria,2913,Gloria,
Trot,2916,Trot,
Pon,2916,Pon Summons,
Gloria,2917,Gloria,
Pon,2919,Pon Summons,
Trot,2919,Trot,
Blinkie,2921,Blinkie,
Wicked Witch,2922,Wicked Witch,
Blinkie,2923,Blinkie,
Pon,2923,Pon Summons,
Trot,2923,Trot,
Pon,2924,Pon Summons,
Trot,2924,Trot,
Pon,2926,Pon Summons,
Gloria,2927,Gloria,
Pon,2928,Pon Summons,
Gloria,2929,Gloria,
Trot,2932,Trot,
Gloria,2933,Gloria,
Pon,2934,Pon Summons,
Blinkie,2935,Blinkie,
Wicked Witch,2936,Wicked Witch,
Pon,2937,Pon Summons,
Trot,2937,Trot,
Gloria,2937,Gloria,
Pon,2939,Pon Summons,
Gloria,2940,Gloria,
Trot,2943,Trot,
Pon,2943,Pon Summons,
Gloria,2943,Gloria,
Gloria,2946,Gloria,
Trot,2947,Trot,
Gloria,2948,Gloria,
Gloria,2952,Gloria,
Trot,2954,Trot,
Pon,2955,Pon Summons,
Trot,2957,Trot,
Gloria,2958,Gloria,
Pon,2959,Pon Summons,
Trot,2960,Trot,
Button-Bright,2962,Button-Bright,
Bright,2962,Bright,
Pon,2963,Pon Summons,
Gloria,2964,Gloria,
Trot,2965,Trot,
Pon,2965,Pon Summons,
Googly-Goo,2968,Googly-Goo,
Goo,2968,Goo,
Googly-Goo,2973,Googly-Goo,
Goo,2973,Goo,
Pon,2978,Pon Summons,
Goo,2979,Goo,
Gloria,2980,Gloria,
Goo,2984,Goo,
Blinkie,2987,Blinkie,
Googly-Goo,2987,Googly-Goo,
Goo,2987,Goo,
Pon,2989,Pon Summons,
Cap'n Bill,2989,Bill Weedles,
Button-Bright,2989,Button-Bright,
Bright,2989,Bright,
Pon,2991,Pon Summons,
Pon,2993,Pon Summons,
Scarecrow,2996,Scarecrow of Oz,
Pon,2996,Pon Summons,
Trot,2996,Trot,
Pon,2997,Pon Summons,
Trot,2999,Trot,
Scarecrow,3000,Scarecrow of Oz,
Pon,3001,Pon Summons,
Jinxland,3003,Jinxland,
Cap'n Bill,3003,Bill Weedles,
Button-Bright,3003,Button-Bright,
Bright,3003,Bright,
Scarecrow,3005,Scarecrow of Oz,
Trot,3008,Trot,
Scarecrow,3008,Scarecrow of Oz,
Pon,3011,Pon Summons,
Pon,3014,Pon Summons,
Scarecrow,3015,Scarecrow of Oz,
Scarecrow,3016,Scarecrow of Oz,
Trot,3016,Trot,
Pon,3017,Pon Summons,
Oz,3017,Oz,
Scarecrow,3018,Scarecrow of Oz,
Cap'n Bill,3018,Bill Weedles,
Trot,3021,Trot,
Pon,3021,Pon Summons,
Blinkie,3023,Blinkie,
Wicked Witch,3023,Wicked Witch,
Pon,3024,Pon Summons,
Trot,3024,Trot,
Scarecrow,3025,Scarecrow of Oz,
Blinkie,3026,Blinkie,
Scarecrow,3027,Scarecrow of Oz,
Scarecrow,3030,Scarecrow of Oz,
Blinkie,3031,Blinkie,
Pon,3032,Pon Summons,
Trot,3032,Trot,
Scarecrow,3033,Scarecrow of Oz,
Scarecrow,3034,Scarecrow of Oz,
Scarecrow,3036,Scarecrow of Oz,
Scarecrow,3041,Scarecrow of Oz,
Pon,3041,Pon Summons,
Trot,3041,Trot,
Trot,3043,Trot,
Pon,3043,Pon Summons,
Scarecrow,3044,Scarecrow of Oz,
Gloria,3045,Gloria,
Scarecrow,3045,Scarecrow of Oz,
Scarecrow,3046,Scarecrow of Oz,
Pon,3046,Pon Summons,
Bill,3048,Billina,
Gloria,3049,Gloria,
Pon,3049,Pon Summons,
Wicked Witch,3049,Wicked Witch,
Scarecrow,3050,Scarecrow of Oz,
Scarecrow,3054,Scarecrow of Oz,
Trot,3054,Trot,
Pon,3054,Pon Summons,
Blinkie,3054,Blinkie,
Trot,3056,Trot,
Scarecrow,3056,Scarecrow of Oz,
Pon,3057,Pon Summons,
Gloria,3057,Gloria,
Scarecrow,3058,Scarecrow of Oz,
Scarecrow,3059,Scarecrow of Oz,
Cap'n Bill,3062,Bill Weedles,
Wicked Witch,3063,Wicked Witch,
Trot,3064,Trot,
Cap'n Bill,3066,Bill Weedles,
Cap'n Bill,3073,Bill Weedles,
Scarecrow,3074,Scarecrow of Oz,
Glinda,3075,Glinda the Sorceress,
Glinda,3076,Glinda the Sorceress,
Cap'n Bill,3076,Bill Weedles,
Scarecrow,3077,Scarecrow of Oz,
Glinda,3077,Glinda the Sorceress,
Royal Sorceress,3078,Royal Sorceress,
Wicked Witch,3078,Wicked Witch,
Pon Summons,3079,Pon Summons,
Gloria,3079,Gloria,
Scarecrow,3081,Scarecrow of Oz,
Glinda,3081,Glinda the Sorceress,
Button-Bright,3082,Button-Bright,
Bright,3082,Bright,
Gloria,3083,Gloria,
Trot,3083,Trot,
Scarecrow,3084,Scarecrow of Oz,
Krewl,3084,King Krewl,
Pon,3085,Pon Summons,
I--,3086,I--,
Scarecrow,3086,Scarecrow of Oz,
Gloria,3087,Gloria,
Jinxland,3087,Jinxland,
Krewl,3089,King Krewl,
Scarecrow,3091,Scarecrow of Oz,
Trot,3093,Trot,
Trot,3097,Trot,
Trot,3100,Trot,
Trot,3100,Trot,
Pon,3101,Pon Summons,
Gloria,3101,Gloria,
Scarecrow,3102,Scarecrow of Oz,
Trot,3103,Trot,
Krewl,3106,King Krewl,
Gloria,3106,Gloria,
Jinxland,3106,Jinxland,
Scarecrow,3108,Scarecrow of Oz,
Krewl,3110,King Krewl,
Pon,3112,Pon Summons,
Scarecrow,3113,Scarecrow of Oz,
Pon,3115,Pon Summons,
Pon,3116,Pon Summons,
Scarecrow,3118,Scarecrow of Oz,
Pon,3119,Pon Summons,
Pon,3120,Pon Summons,
Scarecrow,3120,Scarecrow of Oz,
Krewl,3121,King Krewl,
Pon,3121,Pon Summons,
Pon,3124,Pon Summons,
Pon,3125,Pon Summons,
Gloria,3125,Gloria,
Googly-Goo,3125,Googly-Goo,
Goo,3125,Goo,
Gloria,3126,Gloria,
Pon,3127,Pon Summons,
Pon,3130,Pon Summons,
Pon,3134,Pon Summons,
Scarecrow,3135,Scarecrow of Oz,
Krewl,3136,King Krewl,
Pon,3137,Pon Summons,
Pon,3138,Pon Summons,
Scarecrow,3140,Scarecrow of Oz,
Pon,3141,Pon Summons,
Pon,3142,Pon Summons,
Gloria,3142,Gloria,
Scarecrow,3143,Scarecrow of Oz,
Trot,3146,Trot,
Krewl,3149,King Krewl,
Trot,3150,Trot,
Pon,3153,Pon Summons,
Scarecrow,3154,Scarecrow of Oz,
Pon,3158,Pon Summons,
Scarecrow,3158,Scarecrow of Oz,
Button-Bright,3159,Button-Bright,
Bright,3159,Bright,
Scarecrow,3160,Scarecrow of Oz,
Button-Bright,3163,Button-Bright,
Bright,3163,Bright,
Trot,3164,Trot,
Cap'n Bill,3164,Bill Weedles,
Button-Bright,3169,Button-Bright,
Bright,3169,Bright,
Button-Bright,3174,Button-Bright,
Bright,3174,Bright,
Fussy,3174,Fussy,
Pon,3176,Pon Summons,
Pon,3178,Pon Summons,
Ork,3179,Orks,
Button-Bright,3180,Button-Bright,
Bright,3180,Bright,
Cap'n Bill,3188,Bill Weedles,
Button-Bright,3188,Button-Bright,
Bright,3188,Bright,
Ork,3188,Orks,
Trot,3188,Trot,
Cap'n Bill,3188,Bill Weedles,
Pon,3188,Pon Summons,
Gloria,3188,Gloria,
Trot,3188,Trot,
Button-Bright,3188,Button-Bright,
Bright,3188,Bright,
Ork,3189,Orks,
Button-Bright,3191,Button-Bright,
Bright,3191,Bright,
Ork,3193,Orks,
Button-Bright,3198,Button-Bright,
Bright,3198,Bright,
Ork,3199,Orks,
Ork,3201,Orks,
Button-Bright,3202,Button-Bright,
Bright,3202,Bright,
Pon,3202,Pon Summons,
Trot,3202,Trot,
Gloria,3203,Gloria,
Ork,3203,Orks,
Cap'n Bill,3203,Bill Weedles,
Cap'n Bill,3205,Bill Weedles,
Trot,3205,Trot,
Ork,3208,Orks,
Cap'n Bill,3209,Bill Weedles,
Ork,3211,Orks,
Wicked Witch,3211,Wicked Witch,
Cap'n Bill,3212,Bill Weedles,
Ork,3213,Orks,
Button-Bright,3213,Button-Bright,
Bright,3213,Bright,
Gloria,3213,Gloria,
Scarecrow,3213,Scarecrow of Oz,
Ork,3214,Orks,
Scarecrow,3214,Scarecrow of Oz,
Krewl,3214,King Krewl,
Scarecrow,3215,Scarecrow of Oz,
Trot,3217,Trot,
Button-Bright,3222,Button-Bright,
Bright,3222,Bright,
Ork,3222,Orks,
Ork,3224,Orks,
Button-Bright,3225,Button-Bright,
Bright,3225,Bright,
Ork,3225,Orks,
Scarecrow,3226,Scarecrow of Oz,
Scarecrow,3226,Scarecrow of Oz,
Krewl,3226,King Krewl,
Gloria,3227,Gloria,
Jinxland,3227,Jinxland,
Ozma,3235,Royal Ozma,
Krewl,3236,King Krewl,
Scarecrow,3236,Scarecrow of Oz,
Scarecrow,3239,Scarecrow of Oz,
Scarecrow,3240,Scarecrow of Oz,
Gloria,3242,Gloria,
Krewl,3244,King Krewl,
Scarecrow,3244,Scarecrow of Oz,
Pon,3245,Pon Summons,
Scarecrow,3246,Scarecrow of Oz,
Goo,3247,Goo,
Scarecrow,3247,Scarecrow of Oz,
Scarecrow,3249,Scarecrow of Oz,
Googly-Goo,3252,Googly-Goo,
Goo,3252,Goo,
Scarecrow,3254,Scarecrow of Oz,
Googly-Goo,3255,Googly-Goo,
Goo,3255,Goo,
Scarecrow,3261,Scarecrow of Oz,
Scarecrow,3263,Scarecrow of Oz,
Dorothy,3266,Dorothy the Lamb,
Royal Ozma,3266,Royal Ozma,
Scarecrow,3266,Scarecrow of Oz,
Scarecrow,3270,Scarecrow of Oz,
Googly-Goo,3271,Googly-Goo,
Goo,3271,Goo,
Scarecrow,3272,Scarecrow of Oz,
Scarecrow,3275,Scarecrow of Oz,
Krewl,3277,King Krewl,
Ork,3277,Orks,
Goo,3278,Goo,
Scarecrow,3280,Scarecrow of Oz,
Krewl,3280,King Krewl,
Ork,3281,Orks,
Scarecrow,3281,Scarecrow of Oz,
Ork,3284,Orks,
Krewl,3284,King Krewl,
Scarecrow,3284,Scarecrow of Oz,
Scarecrow,3285,Scarecrow of Oz,
Krewl,3287,King Krewl,
Scarecrow,3287,Scarecrow of Oz,
Goo,3288,Goo,
Krewl,3289,King Krewl,
Scarecrow,3290,Scarecrow of Oz,
Ork,3290,Orks,
Pon,3291,Pon Summons,
Gardener,3291,Royal Gardener,
Button-Bright,3291,Button-Bright,
Bright,3291,Bright,
Button-Bright,3294,Button-Bright,
Bright,3294,Bright,
Trot,3300,Trot,
Cap'n Bill,3300,Bill Weedles,
Pon,3305,Pon Summons,
Trot,3307,Trot,
Gloria,3309,Gloria,
Button-Bright,3311,Button-Bright,
Bright,3311,Bright,
Gloria,3312,Gloria,
Cap'n Bill,3312,Bill Weedles,
Krewl,3313,King Krewl,
Gloria,3316,Gloria,
Trot,3324,Trot,
Pon,3325,Pon Summons,
Gloria,3326,Gloria,
Googly-Goo,3327,Googly-Goo,
Goo,3327,Goo,
Gloria,3327,Gloria,
Googly-Goo,3328,Googly-Goo,
Goo,3328,Goo,
King Krewl,3329,King Krewl,
Gloria,3330,Gloria,
Pon,3333,Pon Summons,
Cap'n Bill,3334,Bill Weedles,
Pon,3334,Pon Summons,
Button-Bright,3337,Button-Bright,
Bright,3337,Bright,
Pon,3339,Pon Summons,
Krewl,3340,King Krewl,
Cap'n Bill,3342,Bill Weedles,
Krewl,3343,King Krewl,
King Phearse,3344,King Phearse,
Krewl,3344,King Krewl,
Krewl,3345,King Krewl,
Krewl,3346,King Krewl,
Krewl,3348,King Krewl,
Krewl,3350,King Krewl,
Phearse,3350,King Phearse,
Trot,3351,Trot,
Pon,3352,Pon Summons,
Gloria,3352,Gloria,
Pon,3353,Pon Summons,
Kynd,3354,Kynd,
Gloria,3354,Gloria,
Kynd,3355,Kynd,
Kynd,3356,Kynd,
Trot,3357,Trot,
Gloria,3357,Gloria,
Pon,3358,Pon Summons,
Krewl,3359,King Krewl,
Cap'n Bill,3360,Bill Weedles,
Krewl,3361,King Krewl,
Pon,3362,Pon Summons,
Button-Bright,3363,Button-Bright,
Bright,3363,Bright,
Pon,3364,Pon Summons,
Gloria,3366,Gloria,
Cap'n Bill,3367,Bill Weedles,
Goo,3369,Goo,
Bill,3372,Billina,
Krewl,3373,King Krewl,
Cap'n,3374,Cap'n,
Bill,3375,Billina,
Trot,3381,Trot,
Cap'n Bill,3384,Bill Weedles,
Krewl,3394,King Krewl,
Cap'n Bill,3394,Bill Weedles,
Jinxland,3394,Jinxland,
Sire,3396,Sire,
Cap'n,3401,Cap'n,
Bill,3402,Billina,
Cap'n Bill,3409,Bill Weedles,
Cap'n Bill,3411,Bill Weedles,
Cap'n Bill,3414,Bill Weedles,
Cap'n Bill,3418,Bill Weedles,
Krewl,3421,King Krewl,
Trot,3421,Trot,
Googly-Goo,3428,Googly-Goo,
Goo,3428,Goo,
Goo,3429,Goo,
Cap'n Bill,3429,Bill Weedles,
Button-Bright,3429,Button-Bright,
Bright,3429,Bright,
Sire,3432,Sire,
Googly-Goo,3436,Googly-Goo,
Goo,3436,Goo,
Googly-Goo,3439,Googly-Goo,
Goo,3439,Goo,
Gloria,3440,Gloria,
Pon,3440,Pon Summons,
Pon,3441,Pon Summons,
Goo,3445,Goo,
Pon,3448,Pon Summons,
Gloria,3449,Gloria,
Pon,3449,Pon Summons,
Googly-Goo,3450,Googly-Goo,
Goo,3450,Goo,
Gloria,3451,Gloria,
Sire,3452,Sire,
Cap'n Bill,3454,Bill Weedles,
Trot,3454,Trot,
Button-Bright,3454,Button-Bright,
Bright,3454,Bright,
Googly-Goo,3455,Googly-Goo,
Goo,3455,Goo,
Trot,3455,Trot,
Cap'n Bill,3456,Bill Weedles,
Googly-Goo,3458,Googly-Goo,
Button-Bright,3459,Button-Bright,
Bright,3459,Bright,
Goo,3462,Goo,
Cap'n Bill,3462,Bill Weedles,
Bill,3467,Billina,
Trot,3467,Trot,
Button-Bright,3468,Button-Bright,
Bright,3468,Bright,
Googly-Goo,3470,Googly-Goo,
Goo,3470,Goo,
Gloria,3470,Gloria,
Googly-Goo,3472,Googly-Goo,
Goo,3472,Goo,
Wicked Witch,3479,Wicked Witch,
Goo,3481,Goo,
Wicked Witch,3482,Wicked Witch,
Gloria,3483,Gloria,
Gloria,3484,Gloria,
Googly-Goo,3485,Googly-Goo,
Goo,3485,Goo,
Pon,3486,Pon Summons,
Pon,3487,Pon Summons,
Gloria,3488,Gloria,
Googly-Goo,3488,Googly-Goo,
Goo,3488,Goo,
Googly-Goo,3493,Googly-Goo,
Goo,3493,Goo,
Wicked Witch,3494,Wicked Witch,
Trot,3495,Trot,
Gloria,3495,Gloria,
Gloria,3496,Gloria,
Googly-Goo,3497,Googly-Goo,
Goo,3497,Goo,
Trot,3497,Trot,
Trot,3499,Trot,
Pon,3503,Pon Summons,
Pon,3504,Pon Summons,
Trot,3504,Trot,
Gloria,3506,Gloria,
Pon,3507,Pon Summons,
Googly-Goo,3508,Googly-Goo,
Goo,3508,Goo,
Trot,3509,Trot,
Googly-Goo,3510,Googly-Goo,
Gloria,3513,Gloria,
Gloria,3516,Gloria,
Cap'n Bill,3517,Bill Weedles,
Ork,3517,Orks,
Pessim,3517,Pessim,
Googly-Goo,3518,Googly-Goo,
Goo,3518,Goo,
Jinxland,3520,Jinxland,
Blinkie,3520,Blinkie,
Krewl,3522,King Krewl,
Blinkie,3523,Blinkie,
Blinkie,3524,Blinkie,
Googly-Goo,3525,Googly-Goo,
Goo,3525,Goo,
Gloria,3526,Gloria,
Wicked Witch,3527,Wicked Witch,
Gloria,3534,Gloria,
Pon,3534,Pon Summons,
Googly-Goo,3535,Googly-Goo,
Goo,3535,Goo,
King,3535,King,
Wicked Witch,3536,Wicked Witch,
Gloria,3537,Gloria,
Blinkie,3537,Blinkie,
Krewl,3538,King Krewl,
Googly-Goo,3543,Googly-Goo,
Goo,3543,Goo,
Blinkie,3543,Blinkie,
Cap'n Bill,3543,Bill Weedles,
Wicked Witch,3545,Wicked Witch,
Cap'n Bill,3545,Bill Weedles,
Blinkie,3546,Blinkie,
King Krewl,3547,King Krewl,
Gloria,3551,Gloria,
Wicked Witch,3552,Wicked Witch,
Blinkie,3558,Blinkie,
Cap'n,3558,Cap'n,
Bill,3559,Billina,
Blinkie,3562,Blinkie,
Wicked Witch,3567,Wicked Witch,
Trot,3573,Trot,
Gloria,3573,Gloria,
Button-Bright,3573,Button-Bright,
Bright,3573,Bright,
Bill,3575,Billina,
King,3575,King,
Trot,3578,Trot,
Button-Bright,3578,Button-Bright,
Bright,3578,Bright,
Cap'n Bill,3578,Bill Weedles,
Trot,3581,Trot,
Trot,3591,Trot,
Cap'n Bill,3591,Bill Weedles,
Button-Bright,3593,Button-Bright,
Bright,3593,Bright,
Trot,3594,Trot,
Cap'n,3597,Cap'n,
Bill,3598,Billina,
Button-Bright,3604,Button-Bright,
Bright,3604,Bright,
Cap'n Bill,3606,Bill Weedles,
Trot,3608,Trot,
Trot,3612,Trot,
Button-Bright,3613,Button-Bright,
Bright,3613,Bright,
Button-Bright,3615,Button-Bright,
Bright,3615,Bright,
Cap'n Bill,3619,Bill Weedles,
Pon,3620,Pon Summons,
Trot,3621,Trot,
Pon,3621,Pon Summons,
Cap'n Bill,3622,Bill Weedles,
Pon,3623,Pon Summons,
Krewl,3624,King Krewl,
Blinkie,3624,Blinkie,
Wicked Witch,3624,Wicked Witch,
Googly-Goo,3625,Googly-Goo,
Goo,3625,Goo,
Gloria,3625,Gloria,
Cap'n Bill,3626,Bill Weedles,
Trot,3627,Trot,
Blinkie,3628,Blinkie,
Pon,3634,Pon Summons,
Trot,3635,Trot,
Button-Bright,3635,Button-Bright,
Bright,3635,Bright,
Trot,3637,Trot,
Pon,3637,Pon Summons,
Button-Bright,3638,Button-Bright,
Bright,3638,Bright,
Glinda the Good,3641,Glinda the Sorceress,
Glinda,3641,Glinda the Sorceress,
Glinda,3642,Glinda the Sorceress,
Ozma,3643,Royal Ozma,
Glinda,3644,Glinda the Sorceress,
Glinda,3644,Glinda the Sorceress,
Ozma,3644,Royal Ozma,
Oz,3644,Oz,
Glinda,3649,Glinda the Sorceress,
Glinda,3651,Glinda the Sorceress,
Ozma,3652,Royal Ozma,
Glinda,3653,Glinda the Sorceress,
Glinda,3654,Glinda the Sorceress,
Glinda,3656,Glinda the Sorceress,
Scarecrow,3656,Scarecrow of Oz,
Scarecrow,3659,Scarecrow of Oz,
Scarecrow,3660,Scarecrow of Oz,
Scarecrow,3660,Scarecrow of Oz,
Scarecrow,3662,Scarecrow of Oz,
Glinda,3662,Glinda the Sorceress,
Sorceress,3662,Royal Sorceress,
Glinda,3664,Glinda the Sorceress,
Scarecrow,3667,Scarecrow of Oz,
Jinxland,3670,Jinxland,
Glinda,3671,Glinda the Sorceress,
Oz,3671,Oz,
Scarecrow,3672,Scarecrow of Oz,
King Krewl,3673,King Krewl,
Scarecrow,3676,Scarecrow of Oz,
Blinkie,3678,Blinkie,
Jinxland,3678,Jinxland,
Gloria,3678,Gloria,
Scarecrow,3679,Scarecrow of Oz,
Glinda,3680,Glinda the Sorceress,
Trot,3681,Trot,
Button-Bright,3681,Button-Bright,
Bright,3681,Bright,
Pon,3681,Pon Summons,
Sorceress,3682,Royal Sorceress,
Scarecrow,3684,Scarecrow of Oz,
Glinda,3686,Glinda the Sorceress,
Button-Bright,3687,Button-Bright,
Bright,3687,Bright,
Cap'n Bill,3687,Bill Weedles,
Scarecrow,3688,Scarecrow of Oz,
Button-Bright,3689,Button-Bright,
Bright,3689,Bright,
Glinda,3691,Glinda the Sorceress,
Scarecrow,3692,Scarecrow of Oz,
Sorceress,3695,Royal Sorceress,
Scarecrow,3696,Scarecrow of Oz,
Scarecrow,3699,Scarecrow of Oz,
Glinda,3700,Glinda the Sorceress,
Scarecrow,3701,Scarecrow of Oz,
Scarecrow,3703,Scarecrow of Oz,
Scarecrow,3705,Scarecrow of Oz,
Scarecrow,3707,Scarecrow of Oz,
Pon,3711,Pon Summons,
Button-Bright,3711,Button-Bright,
Bright,3711,Bright,
Button-Bright,3717,Button-Bright,
Bright,3717,Bright,
Pon,3717,Pon Summons,
Button-Bright,3721,Button-Bright,
Bright,3721,Bright,
Pon,3723,Pon Summons,
Pon,3724,Pon Summons,
Gloria,3724,Gloria,
Krewl,3726,King Krewl,
Trot,3727,Trot,
Wicked Witch,3728,Wicked Witch,
Pon,3728,Pon Summons,
Gloria,3729,Gloria,
Blinkie,3733,Blinkie,
Gloria,3735,Gloria,
Pon,3735,Pon Summons,
Blinkie,3736,Blinkie,
Gloria,3737,Gloria,
Blinkie,3738,Blinkie,
Gloria,3739,Gloria,
Pon,3740,Pon Summons,
Gloria,3740,Gloria,
Trot,3741,Trot,
Pon,3741,Pon Summons,
Gloria,3745,Gloria,
Trot,3746,Trot,
Pon,3749,Pon Summons,
Trot,3749,Trot,
Gloria,3750,Gloria,
Wicked Witch,3750,Wicked Witch,
Goo,3750,Goo,
Krewl,3756,King Krewl,
Trot,3756,Trot,
Pon,3756,Pon Summons,
Gloria,3757,Gloria,
Blinkie,3757,Blinkie,
Trot,3758,Trot,
Pon,3758,Pon Summons,
Blinkie,3758,Blinkie,
Blinkie,3760,Blinkie,
Blinkie,3762,Blinkie,
Gloria,3762,Gloria,
Trot,3767,Trot,
Blinkie,3768,Blinkie,
Wicked Witch,3770,Wicked Witch,
Blinkie,3773,Blinkie,
Gloria,3774,Gloria,
Gloria,3776,Gloria,
Gloria,3781,Gloria,
Blinkie,3782,Blinkie,
Blinkie,3783,Blinkie,
Trot,3784,Trot,
Gloria,3785,Gloria,
Trot,3788,Trot,
Pon,3788,Pon Summons,
Gloria,3789,Gloria,
Pon,3791,Pon Summons,
Trot,3791,Trot,
Blinkie,3793,Blinkie,
Wicked Witch,3794,Wicked Witch,
Blinkie,3795,Blinkie,
Pon,3795,Pon Summons,
Trot,3795,Trot,
Pon,3796,Pon Summons,
Trot,3796,Trot,
Pon,3798,Pon Summons,
Gloria,3799,Gloria,
Pon,3800,Pon Summons,
Gloria,3801,Gloria,
Trot,3804,Trot,
Gloria,3805,Gloria,
Pon,3806,Pon Summons,
Blinkie,3807,Blinkie,
Wicked Witch,3808,Wicked Witch,
Pon,3809,Pon Summons,
Trot,3809,Trot,
Gloria,3809,Gloria,
Pon,3811,Pon Summons,
Gloria,3812,Gloria,
Trot,3815,Trot,
Pon,3815,Pon Summons,
Gloria,3815,Gloria,
Gloria,3818,Gloria,
Trot,3819,Trot,
Gloria,3820,Gloria,
Gloria,3824,Gloria,
Trot,3826,Trot,
Pon,3827,Pon Summons,
Trot,3829,Trot,
Gloria,3830,Gloria,
Pon,3831,Pon Summons,
Trot,3832,Trot,
Button-Bright,3834,Button-Bright,
Bright,3834,Bright,
Pon,3835,Pon Summons,
Gloria,3836,Gloria,
Trot,3837,Trot,
Pon,3837,Pon Summons,
Googly-Goo,3840,Googly-Goo,
Goo,3840,Goo,
Googly-Goo,3845,Googly-Goo,
Goo,3845,Goo,
Pon,3850,Pon Summons,
Goo,3851,Goo,
Gloria,3852,Gloria,
Goo,3856,Goo,
Blinkie,3859,Blinkie,
Googly-Goo,3859,Googly-Goo,
Goo,3859,Goo,
Pon,3860,Pon Summons,
Cap'n Bill,3860,Bill Weedles,
Button-Bright,3860,Button-Bright,
Bright,3860,Bright,
Pon,3862,Pon Summons,
Pon,3864,Pon Summons,
Scarecrow,3867,Scarecrow of Oz,
Pon,3867,Pon Summons,
Trot,3867,Trot,
Pon,3868,Pon Summons,
Trot,3870,Trot,
Scarecrow,3871,Scarecrow of Oz,
Pon,3872,Pon Summons,
Jinxland,3874,Jinxland,
Cap'n Bill,3874,Bill Weedles,
Button-Bright,3874,Button-Bright,
Bright,3874,Bright,
Scarecrow,3876,Scarecrow of Oz,
Trot,3879,Trot,
Scarecrow,3879,Scarecrow of Oz,
Pon,3882,Pon Summons,
Pon,3885,Pon Summons,
Scarecrow,3886,Scarecrow of Oz,
Scarecrow,3887,Scarecrow of Oz,
Trot,3887,Trot,
Pon,3888,Pon Summons,
Oz,3888,Oz,
Scarecrow,3889,Scarecrow of Oz,
Cap'n Bill,3889,Bill Weedles,
Trot,3892,Trot,
Pon,3892,Pon Summons,
Blinkie,3894,Blinkie,
Wicked Witch,3894,Wicked Witch,
Pon,3895,Pon Summons,
Trot,3895,Trot,
Scarecrow,3896,Scarecrow of Oz,
Blinkie,3897,Blinkie,
Scarecrow,3898,Scarecrow of Oz,
Scarecrow,3901,Scarecrow of Oz,
Blinkie,3902,Blinkie,
Pon,3903,Pon Summons,
Trot,3903,Trot,
Scarecrow,3904,Scarecrow of Oz,
Scarecrow,3905,Scarecrow of Oz,
Scarecrow,3907,Scarecrow of Oz,
Scarecrow,3912,Scarecrow of Oz,
Pon,3912,Pon Summons,
Trot,3912,Trot,
Trot,3914,Trot,
Pon,3914,Pon Summons,
Scarecrow,3915,Scarecrow of Oz,
Gloria,3916,Gloria,
Scarecrow,3916,Scarecrow of Oz,
Scarecrow,3917,Scarecrow of Oz,
Pon,3917,Pon Summons,
Bill,3919,Billina,
Gloria,3920,Gloria,
Pon,3920,Pon Summons,
Wicked Witch,3920,Wicked Witch,
Scarecrow,3921,Scarecrow of Oz,
Scarecrow,3925,Scarecrow of Oz,
Trot,3925,Trot,
Pon,3925,Pon Summons,
Blinkie,3925,Blinkie,
Trot,3927,Trot,
Scarecrow,3927,Scarecrow of Oz,
Pon,3928,Pon Summons,
Gloria,3928,Gloria,
Scarecrow,3929,Scarecrow of Oz,
Scarecrow,3930,Scarecrow of Oz,
Cap'n Bill,3933,Bill Weedles,
Wicked Witch,3934,Wicked Witch,
Trot,3935,Trot,
Cap'n Bill,3937,Bill Weedles,
Cap'n Bill,3944,Bill Weedles,
Scarecrow,3945,Scarecrow of Oz,
Glinda,3946,Glinda the Sorceress,
Glinda,3947,Glinda the Sorceress,
Cap'n Bill,3947,Bill Weedles,
Scarecrow,3948,Scarecrow of Oz,
Glinda,3948,Glinda the Sorceress,
Royal Sorceress,3949,Royal Sorceress,
Wicked Witch,3949,Wicked Witch,
Pon Summons,3950,Pon Summons,
Gloria,3950,Gloria,
Scarecrow,3952,Scarecrow of Oz,
Glinda,3952,Glinda the Sorceress,
Button-Bright,3953,Button-Bright,
Bright,3953,Bright,
Gloria,3954,Gloria,
Trot,3954,Trot,
Scarecrow,3955,Scarecrow of Oz,
Krewl,3955,King Krewl,
Pon,3956,Pon Summons,
I--,3957,I--,
Scarecrow,3957,Scarecrow of Oz,
Gloria,3958,Gloria,
Jinxland,3958,Jinxland,
Krewl,3960,King Krewl,
Scarecrow,3962,Scarecrow of Oz,
Trot,3964,Trot,
Trot,3968,Trot,
Trot,3971,Trot,
Trot,3971,Trot,
Pon,3972,Pon Summons,
Gloria,3972,Gloria,
Scarecrow,3973,Scarecrow of Oz,
Trot,3974,Trot,
Krewl,3977,King Krewl,
Gloria,3977,Gloria,
Jinxland,3977,Jinxland,
Scarecrow,3979,Scarecrow of Oz,
Krewl,3981,King Krewl,
Pon,3983,Pon Summons,
Scarecrow,3984,Scarecrow of Oz,
Pon,3986,Pon Summons,
Pon,3987,Pon Summons,
Scarecrow,3989,Scarecrow of Oz,
Pon,3990,Pon Summons,
Pon,3991,Pon Summons,
Scarecrow,3991,Scarecrow of Oz,
Krewl,3992,King Krewl,
Pon,3992,Pon Summons,
Pon,3995,Pon Summons,
Pon,3996,Pon Summons,
Gloria,3996,Gloria,
Googly-Goo,3996,Googly-Goo,
Goo,3996,Goo,
Gloria,3997,Gloria,
Pon,3998,Pon Summons,
Pon,4001,Pon Summons,
Pon,4005,Pon Summons,
Scarecrow,4006,Scarecrow of Oz,
Krewl,4007,King Krewl,
Pon,4008,Pon Summons,
Pon,4009,Pon Summons,
Scarecrow,4011,Scarecrow of Oz,
Pon,4012,Pon Summons,
Pon,4013,Pon Summons,
Gloria,4013,Gloria,
Scarecrow,4014,Scarecrow of Oz,
Trot,4017,Trot,
Krewl,4020,King Krewl,
Trot,4021,Trot,
Pon,4024,Pon Summons,
Scarecrow,4025,Scarecrow of Oz,
Pon,4029,Pon Summons,
Scarecrow,4029,Scarecrow of Oz,
Button-Bright,4030,Button-Bright,
Bright,4030,Bright,
Scarecrow,4031,Scarecrow of Oz,
Button-Bright,4034,Button-Bright,
Bright,4034,Bright,
Trot,4035,Trot,
Cap'n Bill,4035,Bill Weedles,
Button-Bright,4040,Button-Bright,
Bright,4040,Bright,
Button-Bright,4045,Button-Bright,
Bright,4045,Bright,
Fussy,4045,Fussy,
Pon,4047,Pon Summons,
Pon,4049,Pon Summons,
Ork,4050,Orks,
Button-Bright,4051,Button-Bright,
Bright,4051,Bright,
Cap'n Bill,4059,Bill Weedles,
Button-Bright,4059,Button-Bright,
Bright,4059,Bright,
Ork,4059,Orks,
Trot,4059,Trot,
Cap'n Bill,4059,Bill Weedles,
Pon,4059,Pon Summons,
Gloria,4059,Gloria,
Trot,4059,Trot,
Button-Bright,4059,Button-Bright,
Bright,4059,Bright,
Ork,4060,Orks,
Button-Bright,4062,Button-Bright,
Bright,4062,Bright,
Ork,4064,Orks,
Button-Bright,4069,Button-Bright,
Bright,4069,Bright,
Ork,4070,Orks,
Ork,4072,Orks,
Button-Bright,4073,Button-Bright,
Bright,4073,Bright,
Pon,4073,Pon Summons,
Trot,4073,Trot,
Gloria,4074,Gloria,
Ork,4074,Orks,
Cap'n Bill,4074,Bill Weedles,
Cap'n Bill,4076,Bill Weedles,
Trot,4076,Trot,
Ork,4079,Orks,
Cap'n Bill,4080,Bill Weedles,
Ork,4082,Orks,
Wicked Witch,4082,Wicked Witch,
Cap'n Bill,4083,Bill Weedles,
Ork,4084,Orks,
Button-Bright,4084,Button-Bright,
Bright,4084,Bright,
Gloria,4084,Gloria,
Scarecrow,4084,Scarecrow of Oz,
Ork,4085,Orks,
Scarecrow,4085,Scarecrow of Oz,
Krewl,4085,King Krewl,
Scarecrow,4086,Scarecrow of Oz,
Trot,4088,Trot,
Button-Bright,4093,Button-Bright,
Bright,4093,Bright,
Ork,4093,Orks,
Ork,4095,Orks,
Button-Bright,4096,Button-Bright,
Bright,4096,Bright,
Ork,4096,Orks,
Scarecrow,4097,Scarecrow of Oz,
Scarecrow,4097,Scarecrow of Oz,
Krewl,4097,King Krewl,
Gloria,4098,Gloria,
Jinxland,4098,Jinxland,
Ozma,4106,Royal Ozma,
Krewl,4107,King Krewl,
Scarecrow,4107,Scarecrow of Oz,
Scarecrow,4110,Scarecrow of Oz,
Scarecrow,4111,Scarecrow of Oz,
Gloria,4113,Gloria,
Krewl,4115,King Krewl,
Scarecrow,4115,Scarecrow of Oz,
Pon,4116,Pon Summons,
Scarecrow,4117,Scarecrow of Oz,
Goo,4118,Goo,
Scarecrow,4118,Scarecrow of Oz,
Scarecrow,4120,Scarecrow of Oz,
Googly-Goo,4123,Googly-Goo,
Goo,4123,Goo,
Scarecrow,4125,Scarecrow of Oz,
Googly-Goo,4126,Googly-Goo,
Goo,4126,Goo,
Scarecrow,4132,Scarecrow of Oz,
Scarecrow,4134,Scarecrow of Oz,
Dorothy,4137,Dorothy the Lamb,
Royal Ozma,4137,Royal Ozma,
Scarecrow,4137,Scarecrow of Oz,
Scarecrow,4141,Scarecrow of Oz,
Googly-Goo,4142,Googly-Goo,
Goo,4142,Goo,
Scarecrow,4143,Scarecrow of Oz,
Scarecrow,4146,Scarecrow of Oz,
Krewl,4148,King Krewl,
Ork,4148,Orks,
Goo,4149,Goo,
Scarecrow,4151,Scarecrow of Oz,
Krewl,4151,King Krewl,
Ork,4152,Orks,
Scarecrow,4152,Scarecrow of Oz,
Ork,4155,Orks,
Krewl,4155,King Krewl,
Scarecrow,4155,Scarecrow of Oz,
Scarecrow,4156,Scarecrow of Oz,
Krewl,4158,King Krewl,
Scarecrow,4158,Scarecrow of Oz,
Goo,4159,Goo,
Krewl,4160,King Krewl,
Scarecrow,4161,Scarecrow of Oz,
Ork,4161,Orks,
Krewl,4162,King Krewl,
Pon,4162,Pon Summons,
Pon,4163,Pon Summons,
Trot,4163,Trot,
Button-Bright,4163,Button-Bright,
Bright,4163,Bright,
Scarecrow,4164,Scarecrow of Oz,
Cap'n,4165,Cap'n,
Bill,4166,Billina,
Trot,4166,Trot,
Scarecrow,4166,Scarecrow of Oz,
Gloria,4166,Gloria,
Jinxland,4166,Jinxland,
Scarecrow,4167,Scarecrow of Oz,
Ork,4170,Orks,
Blinkie,4170,Blinkie,
Witch,4170,Wicked Witch,
Ork,4171,Orks,
Ork,4173,Orks,
Scarecrow,4174,Scarecrow of Oz,
Ork,4176,Orks,
Scarecrow,4177,Scarecrow of Oz,
Pon,4177,Pon Summons,
Trot,4178,Trot,
Scarecrow,4179,Scarecrow of Oz,
Gloria,4179,Gloria,
Scarecrow,4180,Scarecrow of Oz,
Wicked Witch,4180,Wicked Witch,
Krewl,4180,King Krewl,
Googly-Goo,4180,Googly-Goo,
Goo,4180,Goo,
Ork,4182,Orks,
Blinkie,4182,Blinkie,
Scarecrow,4183,Scarecrow of Oz,
Witch,4186,Wicked Witch,
Blinkie,4187,Blinkie,
Scarecrow,4190,Scarecrow of Oz,
Wicked Witch,4190,Wicked Witch,
Glinda,4191,Glinda the Sorceress,
Royal Sorceress,4191,Royal Sorceress,
Trot,4193,Trot,
Scarecrow,4195,Scarecrow of Oz,
Blinkie,4195,Blinkie,
Scarecrow,4200,Scarecrow of Oz,
Sorceress,4201,Royal Sorceress,
Scarecrow,4202,Scarecrow of Oz,
Scarecrow,4206,Scarecrow of Oz,
Trot,4210,Trot,
Cap'n Bill,4210,Bill Weedles,
Scarecrow,4211,Scarecrow of Oz,
Bill,4217,Billina,
Trot,4217,Trot,
Scarecrow,4217,Scarecrow of Oz,
Blinkie,4218,Blinkie,
Cap'n Bill,4219,Bill Weedles,
Scarecrow,4219,Scarecrow of Oz,
Scarecrow,4219,Scarecrow of Oz,
Trot,4220,Trot,
Cap'n Bill,4220,Bill Weedles,
Blinkie,4223,Blinkie,
Scarecrow,4224,Scarecrow of Oz,
Gloria,4225,Gloria,
Scarecrow,4228,Scarecrow of Oz,
Gloria,4229,Gloria,
Blinkie,4230,Blinkie,
Cap'n,4236,Cap'n,
Bill,4237,Billina,
Blinkie,4237,Blinkie,
Gloria,4238,Gloria,
Gloria,4241,Gloria,
Pon,4242,Pon Summons,
Pon,4243,Pon Summons,
Blinkie,4244,Blinkie,
Scarecrow,4244,Scarecrow of Oz,
Scarecrow,4248,Scarecrow of Oz,
Scarecrow,4251,Scarecrow of Oz,
Blinkie,4252,Blinkie,
Scarecrow,4253,Scarecrow of Oz,
Blinkie,4253,Blinkie,
Blinkie,4256,Blinkie,
Gloria,4258,Gloria,
Scarecrow,4258,Scarecrow of Oz,
Gloria,4260,Gloria,
Pon,4261,Pon Summons,
Pon,4261,Pon Summons,
Cap'n Bill,4262,Bill Weedles,
Scarecrow,4262,Scarecrow of Oz,
Button-Bright,4263,Button-Bright,
Bright,4263,Bright,
Scarecrow,4265,Scarecrow of Oz,
Gloria,4266,Gloria,
Kynd,4266,Kynd,
Phearce,4266,Phearce,
Pon,4266,Pon Summons,
Phearce,4266,Phearce,
King Krewl,4266,King Krewl,
Scarecrow,4267,Scarecrow of Oz,
Gloria,4267,Gloria,
Kynd,4267,Kynd,
Scarecrow,4272,Scarecrow of Oz,
Krewl,4273,King Krewl,
Scarecrow,4274,Scarecrow of Oz,
Trot,4274,Trot,
Ozma,4275,Royal Ozma,
Scarecrow,4279,Scarecrow of Oz,
Gloria,4279,Gloria,
Gloria,4280,Gloria,
Pon,4280,Pon Summons,
Pon,4281,Pon Summons,
Pon,4282,Pon Summons,
Button-Bright,4283,Button-Bright,
Bright,4283,Bright,
Cap'n Will,4283,Cap'n Will,
Gloria,4283,Gloria,
Ork,4283,Orks,
Scarecrow,4284,Scarecrow of Oz,
Krewl,4284,King Krewl,
Krewl,4285,King Krewl,
Gloria,4286,Gloria,
Pon,4286,Pon Summons,
Krewl,4286,King Krewl,
Pon,4286,Pon Summons,
Krewl,4287,King Krewl,
Pon,4288,Pon Summons,
Pon,4291,Pon Summons,
Jinxland,4291,Jinxland,
Bill,4293,Billina,
Trot,4293,Trot,
Button-Bright,4293,Button-Bright,
Bright,4293,Bright,
Scarecrow,4293,Scarecrow of Oz,
Ork,4293,Orks,
Gloria,4293,Gloria,
Ork,4294,Orks,
Bill,4295,Billina,
Ork,4297,Orks,
Scarecrow,4297,Scarecrow of Oz,
King Krewl,4297,King Krewl,
Trot,4298,Trot,
Button-Bright,4299,Button-Bright,
Bright,4299,Bright,
Ork,4300,Orks,
Ork,4301,Orks,
Scarecrow,4304,Scarecrow of Oz,
Ork,4306,Orks,
Ork,4309,Orks,
Trot,4311,Trot,
Button-Bright,4311,Button-Bright,
Bright,4311,Bright,
Cap'n Bill,4311,Bill Weedles,
Ork,4313,Orks,
Trot,4314,Trot,
Ork,4315,Orks,
Cap'n Bill,4317,Bill Weedles,
Trot,4317,Trot,
Oz,4318,Oz,
Scarecrow,4319,Scarecrow of Oz,
Button-Bright,4322,Button-Bright,
Button-Bright,4323,Button-Bright,
Bright,4323,Bright,
Button-Bright,4330,Button-Bright,
Bright,4330,Bright,
Ork,4331,Orks,
Scarecrow,4335,Scarecrow of Oz,
Trot,4336,Trot,
Cap'n,4338,Cap'n,
Bill,4339,Billina,
Scarecrow,4340,Scarecrow of Oz,
Trot,4345,Trot,
Cap'n Bill,4346,Bill Weedles,
Scarecrow,4348,Scarecrow of Oz,
Trot,4350,Trot,
Cap'n,4350,Cap'n,
Bill,4351,Billina,
Scarecrow,4352,Scarecrow of Oz,
Cap'n,4352,Cap'n,
Bill,4353,Billina,
Scarecrow,4353,Scarecrow of Oz,
Button-Bright,4356,Button-Bright,
Bright,4356,Bright,
Scarecrow,4364,Scarecrow of Oz,
Button-Bright,4367,Button-Bright,
Bright,4367,Bright,
Cap'n,4369,Cap'n,
Trot,4369,Trot,
Button-Bright,4370,Button-Bright,
Bright,4370,Bright,
Scarecrow,4372,Scarecrow of Oz,
Cap'n Bill,4373,Bill Weedles,
Button-Bright,4374,Button-Bright,
Bright,4374,Bright,
Scarecrow,4375,Scarecrow of Oz,
Dorothy,4376,Dorothy the Lamb,
Betsy,4376,Betsy Bobbin,
Ozma,4376,Royal Ozma,
Ozma,4379,Royal Ozma,
Ozma,4381,Royal Ozma,
Ozma,4383,Royal Ozma,
Dorothy,4383,Dorothy the Lamb,
Dorothy,4384,Dorothy the Lamb,
Ozma,4386,Royal Ozma,
Oz,4386,Oz,
Dorothy,4386,Dorothy the Lamb,
Dorothy,4388,Dorothy the Lamb,
Ozma,4388,Royal Ozma,
Shaggy Man,4388,Shaggy Man,
Billina,4388,Billina,
Eureka,4388,Eureka the Pink Kitten,
Pink Kitten,4388,Eureka the Pink Kitten,
Dorothy,4389,Dorothy the Lamb,
Dorothy,4390,Dorothy the Lamb,
Betsy Bobbin,4392,Betsy Bobbin,
Ozma,4392,Royal Ozma,
Betsy,4393,Betsy Bobbin,
Dorothy,4393,Dorothy the Lamb,
Dorothy,4394,Dorothy the Lamb,
Betsy,4394,Betsy Bobbin,
Ozma,4394,Royal Ozma,
Ruler,4394,Ruler,
Ozma,4394,Royal Ozma,
Dorothy,4398,Dorothy the Lamb,
Ozma,4399,Royal Ozma,
Dorothy,4399,Dorothy the Lamb,
Button-Bright,4400,Button-Bright,
Bright,4400,Bright,
Betsy,4400,Betsy Bobbin,
Dorothy,4401,Dorothy the Lamb,
Ozma,4402,Royal Ozma,
Ozma,4402,Royal Ozma,
Ozma,4405,Royal Ozma,
Ork,4405,Orks,
Dorothy,4407,Dorothy the Lamb,
Betsy,4408,Betsy Bobbin,
Dorothy,4409,Dorothy the Lamb,
Cap'n,4409,Cap'n,
Bill,4410,Billina,
Ozma,4411,Royal Ozma,
Dorothy,4413,Dorothy the Lamb,
Ozma,4416,Royal Ozma,
Trot,4416,Trot,
Cap'n,4416,Cap'n,
Bill,4417,Billina,
Button-Bright,4417,Button-Bright,
Bright,4417,Bright,
Scarecrow,4418,Scarecrow of Oz,
Ozma,4418,Royal Ozma,
Glinda,4418,Glinda the Sorceress,
Scarecrow,4418,Scarecrow of Oz,
Ozma,4419,Royal Ozma,
Dorothy,4421,Dorothy the Lamb,
Trot,4421,Trot,
Ozma,4421,Royal Ozma,
Scarecrow,4423,Scarecrow of Oz,
Orks,4423,Orks,
Orks,4424,Orks,
Ozma,4424,Royal Ozma,
Wizard,4424,Wizard of Oz,
Ozma,4425,Royal Ozma,
Glinda,4426,Glinda the Sorceress,
Orks,4427,Orks,
Bill,4428,Billina,
Trot,4428,Trot,
Button-Bright,4428,Button-Bright,
Bright,4428,Bright,
Dorothy,4429,Dorothy the Lamb,
Ozma,4429,Royal Ozma,
Ozma,4431,Royal Ozma,
Betsy,4431,Betsy Bobbin,
Jack Pumpkinhead,4431,Jack Pumpkinhead,
Wogglebug,4431,Professor H.M. Wogglebug,
Scarecrow,4432,Scarecrow of Oz,
Glinda,4432,Glinda the Sorceress,
Dorothy,4433,Dorothy the Lamb,
Betsy,4433,Betsy Bobbin,
Scarecrow,4434,Scarecrow of Oz,
Button-Bright,4435,Button-Bright,
Bright,4435,Bright,
Trot,4436,Trot,
Cap'n Bill,4436,Bill Weedles,
Glinda,4436,Glinda the Sorceress,
Button-Bright,4437,Button-Bright,
Bright,4437,Bright,
Scarecrow,4437,Scarecrow of Oz,
Trot,4440,Trot,
Cap'n,4442,Cap'n,
Bill,4443,Billina,
Scarecrow,4444,Scarecrow of Oz,
Wizard,4444,Wizard of Oz,
Wizard,4445,Wizard of Oz,
Button-Bright,4446,Button-Bright,
Bright,4446,Bright,
Scarecrow,4447,Scarecrow of Oz,
Cap'n Bill,4448,Bill Weedles,
Trot,4451,Trot,
Scarecrow,4452,Scarecrow of Oz,
Scarecrow,4455,Scarecrow of Oz,
Scarecrow,4458,Scarecrow of Oz,
Trot,4461,Trot,
Cap'n Bill,4462,Bill Weedles,
Button-Bright,4463,Button-Bright,
Bright,4463,Bright,
Trot,4463,Trot,
Scarecrow,4463,Scarecrow of Oz,
Scarecrow,4464,Scarecrow of Oz,
Bill,4466,Billina,
Cap'n,4467,Cap'n,
Button-Bright,4469,Button-Bright,
Bright,4469,Bright,
Trot,4470,Trot,
Scarecrow,4470,Scarecrow of Oz,
Button-Bright,4471,Button-Bright,
Bright,4471,Bright,
Scarecrow,4476,Scarecrow of Oz,
Cap'n,4477,Cap'n,
Bill,4478,Billina,
Trot,4481,Trot,
Bill,4484,Billina,
Button-Bright,4484,Button-Bright,
Bright,4484,Bright,
Trot,4490,Trot,
Scarecrow,4493,Scarecrow of Oz,
Button-Bright,4494,Button-Bright,
Bright,4494,Bright,
Cap'n Bill,4495,Bill Weedles,
Scarecrow,4496,Scarecrow of Oz,
Cap'n,4497,Cap'n,
Bill,4498,Billina,
Scarecrow,4498,Scarecrow of Oz,
Trot,4499,Trot,
Button-Bright,4499,Button-Bright,
Bright,4499,Bright,
Scarecrow,4499,Scarecrow of Oz,
Cap'n,4499,Cap'n,
Bill,4500,Billina,
Scarecrow,4501,Scarecrow of Oz,
Trot,4502,Trot,
Cap'n Bill,4503,Bill Weedles,
Trot,4503,Trot,
Button-Bright,4503,Button-Bright,
Bright,4503,Bright,
Scarecrow,4503,Scarecrow of Oz,
Cap'n,4504,Cap'n,
Bill,4505,Billina,
Scarecrow,4505,Scarecrow of Oz,
Trot,4507,Trot,
Cap'n,4508,Cap'n,
Glinda,4509,Glinda the Sorceress,
Scarecrow,4509,Scarecrow of Oz,
Scarecrow,4510,Scarecrow of Oz,
Cap'n Bill,4511,Bill Weedles,
Scarecrow,4512,Scarecrow of Oz,
Trot,4514,Trot,
Scarecrow,4514,Scarecrow of Oz,
Button-Bright,4515,Button-Bright,
Bright,4515,Bright,
Trot,4515,Trot,
Cap'n Bill,4515,Bill Weedles,
Scarecrow,4516,Scarecrow of Oz,
Scarecrow,4517,Scarecrow of Oz,
Ozma,4521,Royal Ozma,
Scarecrow,4521,Scarecrow of Oz,
Wizard,4521,Wizard of Oz,
Scarecrow,4522,Scarecrow of Oz,
Trot,4523,Trot,
Button-Bright,4527,Button-Bright,
Bright,4527,Bright,
Scarecrow,4528,Scarecrow of Oz,
Scarecrow,4529,Scarecrow of Oz,
Glinda,4530,Glinda the Sorceress,
Glinda,4531,Glinda the Sorceress,
Dorothy,4531,Dorothy the Lamb,
Betsy,4531,Betsy Bobbin,
Ozma,4532,Royal Ozma,
Ozma,4532,Royal Ozma,
Sawhorse,4532,Sawhorse,
Dorothy,4533,Dorothy the Lamb,
Sawhorse,4534,Sawhorse,
Betsy,4538,Betsy Bobbin,
Glinda,4540,Glinda the Sorceress,
Sorceress,4541,Royal Sorceress,
Trot,4541,Trot,
Button-Bright,4541,Button-Bright,
Bright,4541,Bright,
Trot,4542,Trot,
Dorothy,4542,Dorothy the Lamb,
Cap'n Bill,4543,Bill Weedles,
Dorothy,4545,Dorothy the Lamb,
Betsy,4546,Betsy Bobbin,
Trot,4546,Trot,
Glinda,4548,Glinda the Sorceress,
Trot,4550,Trot,
Scarecrow,4551,Scarecrow of Oz,
Button-Bright,4551,Button-Bright,
Bright,4551,Bright,
Glinda,4553,Glinda the Sorceress,
Scarecrow,4553,Scarecrow of Oz,
Glinda,4554,Glinda the Sorceress,
Button-Bright,4555,Button-Bright,
Bright,4555,Bright,
Button-Bright,4559,Button-Bright,
Bright,4559,Bright,
Dorothy,4559,Dorothy the Lamb,
Betsy,4559,Betsy Bobbin,
Scarecrow,4559,Scarecrow of Oz,
Trot,4559,Trot,
Cap'n Bill,4559,Bill Weedles,
Ozma,4560,Royal Ozma,
Dorothy,4560,Dorothy the Lamb,
Ozma,4560,Royal Ozma,
Glinda,4562,Glinda the Sorceress,
Sorceress,4563,Royal Sorceress,
Betsy,4563,Betsy Bobbin,
Dorothy,4563,Dorothy the Lamb,
Cap'n,4563,Cap'n,
Bill,4564,Billina,
Scarecrow,4565,Scarecrow of Oz,
Glinda,4565,Glinda the Sorceress,
Oz,4565,Oz,
Dorothy,4566,Dorothy the Lamb,
Betsy,4566,Betsy Bobbin,
Glinda,4567,Glinda the Sorceress,
Sorceress,4567,Royal Sorceress,
Cap'n,4567,Cap'n,
Bill,4568,Billina,
Trot,4569,Trot,
Dorothy,4569,Dorothy the Lamb,
Betsy,4569,Betsy Bobbin,
Button-Bright,4569,Button-Bright,
Bright,4569,Bright,
Sorceress,4570,Royal Sorceress,
Trot,4570,Trot,
Cap'n,4570,Cap'n,
Bill,4571,Billina,
Jinxland,4571,Jinxland,
Dorothy,4573,Dorothy the Lamb,
Trot,4573,Trot,
Betsy,4573,Betsy Bobbin,
Cap'n Bill,4573,Bill Weedles,
Button-Bright,4573,Button-Bright,
Bright,4573,Bright,
Scarecrow,4573,Scarecrow of Oz,
Sawhorse,4574,Sawhorse,
Scarecrow,4576,Scarecrow of Oz,
Dorothy,4576,Dorothy the Lamb,
Betsy Bobbin,4576,Betsy Bobbin,
Button-Bright,4576,Button-Bright,
Bright,4576,Bright,
Trot,4577,Trot,
Ozma,4577,Royal Ozma,
Cap'n Bill,4577,Bill Weedles,
Ozma,4579,Royal Ozma,
Dorothy,4580,Dorothy the Lamb,
Cap'n Bill,4580,Bill Weedles,
Trot,4580,Trot,
Ozma,4581,Royal Ozma,
Trot,4582,Trot,
Cap'n Bill,4582,Bill Weedles,
Scarecrow,4583,Scarecrow of Oz,
Tin Woodman,4583,Emperor of the Winkies,
Jack Pumpkinhead,4584,Jack Pumpkinhead,
Wogglebug,4584,Professor H.M. Wogglebug,
Cap'n,4585,Cap'n,
Bill,4586,Billina,
Dorothy,4587,Dorothy the Lamb,
Ozma,4587,Royal Ozma,
Tik,4587,Tik,
Tik-Tok,4587,Tik-Tok,
Shaggy Man,4588,Shaggy Man,
Oz,4588,Oz,
Dorothy,4588,Dorothy the Lamb,
Uncle Henry,4588,Uncle Henry,
Aunt Them,4588,Aunt Them,
Cap'n,4589,Cap'n,
Bill,4590,Billina,
Hungry Tiger,4591,Hungry Tiger,
Eureka,4591,Eureka the Pink Kitten,
Pink Kitten,4591,Eureka the Pink Kitten,
Sawhorse,4591,Sawhorse,
Wizard,4591,Wizard of Oz,
Hank,4591,Hank,
Betsy Bobbin,4591,Betsy Bobbin,
Toto,4592,Toto,
Dorothy,4592,Dorothy the Lamb,
Trot,4593,Trot,
Betsy,4594,Betsy Bobbin,
Trot,4594,Trot,
Woozy,4594,Woozy,
Bill,4595,Billina,
Trot,4595,Trot,
Trot,4597,Trot,
Button-Bright,4598,Button-Bright,
Bright,4598,Bright,
Ozma,4602,Royal Ozma,
Button-Bright,4602,Button-Bright,
Bright,4602,Bright,