name,sentence_id,new_name,,
Ann,1,Ann Soforth,,
Ann,3,Ann Soforth,,
Salye,3,Salye,,
Oogaboo,5,Oogaboo,,
Ann,5,Ann Soforth,,
Ozma,9,Royal Ozma,,
Oogaboo,9,Oogaboo,,
Ozma,11,Royal Ozma,,
Oogaboo,12,Oogaboo,,
Jol Jemkiph Soforth,12,Jol Jemkiph Soforth,,
Jol,13,Jol Jemkiph Soforth,,
Oogaboo,13,Oogaboo,,
Ann Soforth,14,Ann Soforth,,
Ann,15,Ann Soforth,,
Ann,16,Ann Soforth,,
Oogaboo,16,Oogaboo,,
Oogaboo,19,Oogaboo,,
Ann,19,Ann Soforth,,
Salye,20,Salye,,
Ann,20,Ann Soforth,,
Salye,22,Salye,,
Ann,23,Ann Soforth,,
Ozma,23,Royal Ozma,,
Ann,25,Ann Soforth,,
Salye,26,Salye,,
Oz,27,of Oz,,
Ann,27,Ann Soforth,,
Ann,29,Ann Soforth,,
Ozma,30,Royal Ozma,,
Oogaboo,31,Oogaboo,,
Ozma,31,Royal Ozma,,
Ozma,32,Royal Ozma,,
Ann,33,Ann Soforth,,
Ozma,33,Royal Ozma,,
Ann,36,Ann Soforth,,
Ozma,39,Royal Ozma,,
Ann,40,Ann Soforth,,
Oogaboo,42,Oogaboo,,
Salye,43,Salye,,
Jo Apple,45,Jo Apple,,
Jo,46,Jo Nails,,
Ann,46,Ann Soforth,,
Jo Apple,47,Jo Apple,,
Oogaboo,49,Oogaboo,,
Ann,49,Ann Soforth,,
Ann,52,Ann Soforth,,
Jo Bunn,55,Jo Bunn,,
Jo,56,Jo Nails,,
Ann,56,Ann Soforth,,
Ann,60,Ann Soforth,,
Jo Cone,64,Jo Cone,,
Jo,65,Jo Nails,,
Ann,65,Ann Soforth,,
Jo Cone,66,Jo Cone,,
Ann,69,Ann Soforth,,
Jo Cone,72,Jo Cone,,
Ann,72,Ann Soforth,,
Jo Clock,72,Jo Clock,,
Ann,73,Ann Soforth,,
Ann,75,Ann Soforth,,
Jo Clock,78,Jo Clock,,
Ann,80,Ann Soforth,,
Jo Plum,81,Jo Plum,,
Jo Egg,81,Jo Egg,,
Jo Banjo,81,Jo Banjo,,
Jo Cheese,81,Jo Cheese,,
Jo Nails,81,Jo Nails,,
Colonels,81,Colonels,,
Oogaboo,81,Oogaboo,,
Jo Nails,82,Jo Nails,,
Jo Cake,82,Jo Cake,,
Jo Ham,82,Jo Ham,,
Jo Stockings,82,Jo Stockings,,
Jo Sandwich,82,Jo Sandwich,,
Jo Padlocks,82,Jo Padlocks,,
Jo Sundae,82,Jo Sundae,,
Jo Buttons,82,Jo Buttons,,
Ann,83,Ann Soforth,,
Oogaboo,84,Oogaboo,,
Lieutenants,84,Lieutenants,,
Colonels,84,Colonels,,
Jo Candy,85,Jo Candy,,
Oogaboo,88,Oogaboo,,
Jo Candy,89,Jo Candy,,
Ann,89,Ann Soforth,,
Oogaboo,89,Oogaboo,,
Jo Files,89,Jo Files,,
Oogaboo,95,Oogaboo,,
Ann,97,Ann Soforth,,
Files,97,Jo Files,,
Colonels,99,Colonels,,
Ann,100,Ann Soforth,,
Ozma,102,Royal Ozma,,
Ozma,103,Royal Ozma,,
Files,103,Jo Files,,
Oogaboo,107,Oogaboo,,
Ann,108,Ann Soforth,,
Files,109,Jo Files,,
Files,112,Jo Files,,
Ann Soforth,113,Ann Soforth,,
Ann,113,Ann Soforth,,
Oogaboo,115,Oogaboo,,
Salye,119,Salye,,
Bunn,121,Jo Bunn,,
Files,124,Jo Files,,
Ann,126,Ann Soforth,,
Salye,129,Salye,,
Colonels,133,Colonels,,
Colonels,134,Colonels,,
Files,135,Jo Files,,
Ann,136,Ann Soforth,,
Ozma,138,Royal Ozma,,
Ruler of Oz,139,Ruler of Oz,,
Ann Soforth,139,Ann Soforth,,
Glinda the Good,140,Glinda the Sorceress,,
Ozma,141,Royal Ozma,,
Glinda,141,Glinda the Sorceress,,
Glinda,143,Glinda the Sorceress,,
Glinda,143,Glinda the Sorceress,,
Sorceress,144,Sorceress,,
Ann Soforth,144,Ann Soforth,,
Oogaboo,144,Oogaboo,,
Ozma,145,Royal Ozma,,
Glinda the Good,145,Glinda the Sorceress,,
Wizard of Oz,145,Wizard of Oz,,
Ann,145,Ann Soforth,,
Oz,145,of Oz,,
Glinda,146,Glinda the Sorceress,,
Ozma,146,Royal Ozma,,
Oogaboo,147,Oogaboo,,
Ann,148,Ann Soforth,,
Ozma,148,Royal Ozma,,
Oz,148,of Oz,,
Oogaboo,149,Oogaboo,,
Oz,151,of Oz,,
Ann,152,Ann Soforth,,
Ann,155,Ann Soforth,,
Oogaboo,164,Oogaboo,,
Ann,165,Ann Soforth,,
Ann,170,Ann Soforth,,
Major Nails,172,Major Stockings,,
Files,174,Jo Files,,
Ann,176,Ann Soforth,,
Files,181,Jo Files,,
Files,185,Jo Files,,
Buttons,186,Jo Buttons,,
Files,187,Jo Files,,
Banjo,188,Jo Banjo,,
Files,190,Jo Files,,
Ann,197,Ann Soforth,,
Files,198,Jo Files,,
Oogaboo,202,Oogaboo,,
Files,207,Jo Files,,
Files,210,Jo Files,,
Files,216,Jo Files,,
Ann,233,Ann Soforth,,
Oogaboo,233,Oogaboo,,
Files,236,Jo Files,,
Ann,241,Ann Soforth,,
Files,241,Jo Files,,
Files,242,Jo Files,,
Ann,244,Ann Soforth,,
Files,247,Jo Files,,
Ann,247,Ann Soforth,,
Oogaboo,250,Oogaboo,,
Oogaboo,250,Oogaboo,,
Ann,251,Ann Soforth,,
Betsy Bobbin,254,Betsy Bobbin,,
Hank,255,Hank,,
Betsy,256,Betsy Bobbin,,
Hank,258,Hank,,
Betsy,261,Betsy Bobbin,,
Hank,262,Hank,,
Betsy,262,Betsy Bobbin,,
Betsy,266,Betsy Bobbin,,
Hank,267,Hank,,
Hank,269,Hank,,
Betsy,272,Betsy Bobbin,,
Hank,272,Hank,,
Betsy,273,Betsy Bobbin,,
Hank,274,Hank,,
Betsy,275,Betsy Bobbin,,
Betsy Bobbin,277,Betsy Bobbin,,
Hank,279,Hank,,
Hank,281,Hank,,
Betsy,282,Betsy Bobbin,,
Betsy,285,Betsy Bobbin,,
Hank,287,Hank,,
Hank,288,Hank,,
Betsy,289,Betsy Bobbin,,
Betsy,291,Betsy Bobbin,,
Hank,292,Hank,,
Hank,295,Hank,,
Betsy,296,Betsy Bobbin,,
Rose,298,Rose Princess,,
Rose,298,Rose Princess,,
Betsy,299,Betsy Bobbin,,
Hank,299,Hank,,
Betsy,302,Betsy Bobbin,,
Hank,304,Hank,,
Betsy,304,Betsy Bobbin,,
Moss Rose,306,Moss Rose,,
Betsy,308,Betsy Bobbin,,
Hank,309,Hank,,
Hank,310,Hank,,
Hank,311,Hank,,
Hank,312,Hank,,
Hank,313,Hank,,
Betsy,318,Betsy Bobbin,,
Hank,323,Hank,,
Moss Rose,324,Moss Rose,,
Betsy,325,Betsy Bobbin,,
Tea Rose,326,Tea Rose,,
Royal Gardener,326,Royal Gardener,,
Royal Gardener,328,Royal Gardener,,
Betsy,328,Betsy Bobbin,,
Rose,330,Rose Princess,,
Royal Gardener,332,Royal Gardener,,
Hank,336,Hank,,
Gardener,336,Royal Gardener,,
Betsy,337,Betsy Bobbin,,
Hank,337,Hank,,
Gardener,338,Royal Gardener,,
Betsy,339,Betsy Bobbin,,
Gardener,339,Royal Gardener,,
Betsy,342,Betsy Bobbin,,
Royal Gardener,346,Royal Gardener,,
Betsy,347,Betsy Bobbin,,
Betsy,351,Betsy Bobbin,,
Shaggy Man,353,Shaggy Man,,
Betsy,356,Betsy Bobbin,,
Hank,358,Hank,,
Betsy,358,Betsy Bobbin,,
Royal Gardener,359,Royal Gardener,,
Roses,359,Roses,,
Shaggy,362,Shaggy Man,,
Gardener,365,Royal Gardener,,
Shaggy,367,Shaggy Man,,
Gardener,368,Royal Gardener,,
Hank,372,Hank,,
Royal Gardener,373,Royal Gardener,,
Betsy,374,Betsy Bobbin,,
Shaggy,378,Shaggy Man,,
Betsy,381,Betsy Bobbin,,
Ozma,383,Royal Ozma,,
Betsy,384,Betsy Bobbin,,
Ozma,387,Royal Ozma,,
Dorothy,389,Dorothy the Lamb,,
Dorothy,389,Dorothy the Lamb,,
Shaggy,389,Shaggy Man,,
Betsy,391,Betsy Bobbin,,
Oz,392,of Oz,,
Shaggy,393,Shaggy Man,,
Betsy,396,Betsy Bobbin,,
Shaggy,397,Shaggy Man,,
Shaggy,405,Shaggy Man,,
Shaggy,409,Shaggy Man,,
Nome King,410,Roquat of the Rocks,,
Ruggedo,413,Roquat of the Rocks,,
Ruggedo,418,Roquat of the Rocks,,
Shaggy,424,Shaggy Man,,
Betsy,427,Betsy Bobbin,,
Shaggy,428,Shaggy Man,,
Love Magnet,432,Love Magnet,,
Betsy,433,Betsy Bobbin,,
Shaggy,437,Shaggy Man,,
Betsy,438,Betsy Bobbin,,
Hank,439,Hank,,
Shaggy,439,Shaggy Man,,
Royal Gardener,440,Royal Gardener,,
Betsy,442,Betsy Bobbin,,
Shaggy Man,442,Shaggy Man,,
Gardener,442,Royal Gardener,,
Shaggy,442,Shaggy Man,,
Shaggy Man,447,Shaggy Man,,
Gardener,449,Royal Gardener,,
Betsy,451,Betsy Bobbin,,
Shaggy,452,Shaggy Man,,
Gardener,454,Royal Gardener,,
Royal Bushes,456,Royal Bushes,,
Betsy,457,Betsy Bobbin,,
Shaggy,461,Shaggy Man,,
Betsy,462,Betsy Bobbin,,
Shaggy Man,464,Shaggy Man,,
Gardener,465,Royal Gardener,,
Gardener,466,Royal Gardener,,
Shaggy,467,Shaggy Man,,
Gardener,467,Royal Gardener,,
Shaggy,468,Shaggy Man,,
Betsy,468,Betsy Bobbin,,
Hank,468,Hank,,
Betsy,474,Betsy Bobbin,,
Royal,475,Royal Chamberlain,,
Betsy,477,Betsy Bobbin,,
Gardener,478,Royal Gardener,,
Betsy,479,Betsy Bobbin,,
Roses,479,Roses,,
Gardener,480,Royal Gardener,,
Shaggy,485,Shaggy Man,,
Royal Bush,486,Royal Bushes,,
Ozga,487,Rose Princess,,
Ozma,487,Royal Ozma,,
Oz,487,of Oz,,
Gardener,488,Royal Gardener,,
Roses,488,Roses,,
Betsy,488,Betsy Bobbin,,
Shaggy,488,Shaggy Man,,
Betsy,491,Betsy Bobbin,,
Shaggy,491,Shaggy Man,,
Rose,491,Rose Princess,,
Betsy,492,Betsy Bobbin,,
Shaggy,492,Shaggy Man,,
Gardener,493,Royal Gardener,,
Roses,493,Roses,,
Roses,494,Roses,,
Betsy,496,Betsy Bobbin,,
Royal Bush,504,Royal Bushes,,
Moss Rose,505,Moss Rose,,
Gardener,506,Royal Gardener,,
Tea Rose,507,Tea Rose,,
Shaggy,508,Shaggy Man,,
Ozga,511,Rose Princess,,
Roses,511,Roses,,
Shaggy,512,Shaggy Man,,
Betsy,514,Betsy Bobbin,,
Gardener,516,Royal Gardener,,
Magnet,519,Love Magnet,,
Gardener,522,Royal Gardener,,
Gardener,525,Royal Gardener,,
Shaggy,526,Shaggy Man,,
Ozga,526,Rose Princess,,
Shaggy,526,Shaggy Man,,
Gardener,529,Royal Gardener,,
Hank,532,Hank,,
Gardener,532,Royal Gardener,,
Roses,533,Roses,,
Hank,533,Hank,,
Betsy,534,Betsy Bobbin,,
Ozga,534,Rose Princess,,
Shaggy,534,Shaggy Man,,
Rose,536,Rose Princess,,
Betsy,536,Betsy Bobbin,,
Hank,536,Hank,,
Shaggy,536,Shaggy Man,,
Royal Gardener,537,Royal Gardener,,
Roses,538,Roses,,
Shaggy,539,Shaggy Man,,
Hank,541,Hank,,
Betsy,541,Betsy Bobbin,,
Hank,543,Hank,,
Hank,544,Hank,,
Shaggy Man,544,Shaggy Man,,
Ozga,545,Rose Princess,,
Shaggy Man,546,Shaggy Man,,
Shaggy,547,Shaggy Man,,
Ruggedo,548,Roquat of the Rocks,,
Betsy,550,Betsy Bobbin,,
Shaggy,551,Shaggy Man,,
Ruggedo,553,Roquat of the Rocks,,
Betsy,554,Betsy Bobbin,,
Shaggy,556,Shaggy Man,,
Polychrome,560,Polly the Rainbow,,
Rainbow,564,Rainbow,,
Polychrome,564,Polly the Rainbow,,
Polychrome,565,Polly the Rainbow,,
Polychrome,570,Polly the Rainbow,,
Betsy Bobbin,577,Betsy Bobbin,,
Polychrome,577,Polly the Rainbow,,
Hank,577,Hank,,
Princess,577,Princess,,
Shaggy,577,Shaggy Man,,
Polychrome,579,Polly the Rainbow,,
Polychrome,586,Polly the Rainbow,,
Shaggy Man,587,Shaggy Man,,
Polychrome,589,Polly the Rainbow,,
Shaggy,590,Shaggy Man,,
Polychrome,594,Polly the Rainbow,,
Shaggy,596,Shaggy Man,,
Polychrome,597,Polly the Rainbow,,
Shaggy Man,597,Shaggy Man,,
Rainbow,600,Rainbow,,
Betsy,604,Betsy Bobbin,,
Shaggy,604,Shaggy Man,,
Polychrome,606,Polly the Rainbow,,
Rose Princess,607,Rose Princess,,
Ruggedo,609,Roquat of the Rocks,,
Betsy,610,Betsy Bobbin,,
Ruggedo,612,Roquat of the Rocks,,
Rainbow,612,Rainbow,,
Nome King,614,Roquat of the Rocks,,
Polychrome,614,Polly the Rainbow,,
Polychrome,616,Polly the Rainbow,,
Betsy,618,Betsy Bobbin,,
Ruggedo,618,Roquat of the Rocks,,
Polychrome,619,Polly the Rainbow,,
Shaggy,623,Shaggy Man,,
Rose,623,Rose Princess,,
Betsy,624,Betsy Bobbin,,
Hank,624,Hank,,
Hank,624,Hank,,
Betsy,626,Betsy Bobbin,,
Shaggy,626,Shaggy Man,,
Hank,626,Hank,,
Betsy,627,Betsy Bobbin,,
Rose,627,Rose Princess,,
Polychrome,627,Polly the Rainbow,,
Rainbow,627,Rainbow,,
Ozga,627,Rose Princess,,
Polychrome,628,Polly the Rainbow,,
Shaggy,630,Shaggy Man,,
Betsy,636,Betsy Bobbin,,
Shaggy,637,Shaggy Man,,
Hank,642,Hank,,
Betsy,643,Betsy Bobbin,,
Shaggy,646,Shaggy Man,,
Betsy,646,Betsy Bobbin,,
Polychrome,647,Polly the Rainbow,,
Shaggy,648,Shaggy Man,,
Shaggy,651,Shaggy Man,,
Betsy,652,Betsy Bobbin,,
Hank,653,Hank,,
Betsy,658,Betsy Bobbin,,
Shaggy,662,Shaggy Man,,
Betsy,664,Betsy Bobbin,,
Betsy,666,Betsy Bobbin,,
Shaggy,667,Shaggy Man,,
Rose,669,Rose Princess,,
Polychrome,669,Polly the Rainbow,,
Betsy,671,Betsy Bobbin,,
Betsy,678,Betsy Bobbin,,
Clockwork,679,Clockwork Man,,
Clockwork,680,Clockwork Man,,
Polychrome,683,Polly the Rainbow,,
Shaggy,684,Shaggy Man,,
Shaggy,688,Shaggy Man,,
Tik,688,Tik,,
Tik-Tok,688,Tik-Tok,,
Shaggy,689,Shaggy Man,,
Tik,689,Tik,,
Tik-Tok,689,Tik-Tok,,
Betsy,691,Betsy Bobbin,,
Polychrome,694,Polly the Rainbow,,
Betsy,695,Betsy Bobbin,,
Shaggy,696,Shaggy Man,,
Betsy,701,Betsy Bobbin,,
Shaggy,702,Shaggy Man,,
Tik,702,Tik,,
Tik-Tok,702,Tik-Tok,,
Shaggy,707,Shaggy Man,,
Betsy,707,Betsy Bobbin,,
Tik,707,Tik,,
Tik-Tok,707,Tik-Tok,,
Shaggy,708,Shaggy Man,,
Tik,709,Tik,,
Tik-Tok,709,Tik-Tok,,
Oz,710,of Oz,,
Nome King,711,Roquat of the Rocks,,
Rug,711,Rug,,
Shaggy,715,Shaggy Man,,
Ruggedo,716,Roquat of the Rocks,,
Tik-Tok,717,Tik-Tok,,
Tik,718,Tik,,
Tik-Tok,718,Tik-Tok,,
Tik,720,Tik,,
Tik-Tok,720,Tik-Tok,,
Polychrome,721,Polly the Rainbow,,
Ruggedo,721,Roquat of the Rocks,,
Betsy,723,Betsy Bobbin,,
Ruggedo,725,Roquat of the Rocks,,
Tik,726,Tik,,
Tik-Tok,726,Tik-Tok,,
Shaggy,727,Shaggy Man,,
Betsy,729,Betsy Bobbin,,
Shaggy,732,Shaggy Man,,
Tik-Tok,735,Tik-Tok,,
Shaggy,735,Shaggy Man,,
Oogaboo,736,Oogaboo,,
Ann Soforth,737,Ann Soforth,,
Cone,739,Jo Cone,,
Tik,739,Tik,,
Tik-Tok,739,Tik-Tok,,
Shaggy,739,Shaggy Man,,
Mercy,739,Mercy,,
Mercy,740,Mercy,,
Ann,745,Ann Soforth,,
Shaggy,746,Shaggy Man,,
Tik-Tok,747,Tik-Tok,,
Ozga,748,Rose Princess,,
Roseland,748,Roseland,,
Polychrome,749,Polly the Rainbow,,
Bow,749,Bow,,
Betsy Bobbin,750,Betsy Bobbin,,
Hank,750,Hank,,
Ann,751,Ann Soforth,,
Betsy,753,Betsy Bobbin,,
Files,754,Jo Files,,
Colonels,757,Colonels,,
Ann,758,Ann Soforth,,
Oogaboo,758,Oogaboo,,
Shaggy,760,Shaggy Man,,
Betsy,763,Betsy Bobbin,,
Betsy,766,Betsy Bobbin,,
Polychrome,766,Polly the Rainbow,,
Rose,766,Rose Princess,,
Ann,768,Ann Soforth,,
Hank,773,Hank,,
Betsy,776,Betsy Bobbin,,
Polychrome,776,Polly the Rainbow,,
Ann,777,Ann Soforth,,
Hank,779,Hank,,
Betsy,780,Betsy Bobbin,,
Files,783,Jo Files,,
Shaggy,785,Shaggy Man,,
Tik,785,Tik,,
Tik-Tok,785,Tik-Tok,,
Ann,786,Ann Soforth,,
Files,787,Jo Files,,
Files,794,Jo Files,,
Shaggy,794,Shaggy Man,,
Love Magnet,795,Love Magnet,,
Shaggy Man,795,Shaggy Man,,
Ann,796,Ann Soforth,,
Love Magnet,796,Love Magnet,,
Shaggy,796,Shaggy Man,,
Shaggy,797,Shaggy Man,,
Oogaboo,798,Oogaboo,,
Shaggy,799,Shaggy Man,,
Ruggedo,800,Roquat of the Rocks,,
Ann,802,Ann Soforth,,
Major Stockings,804,Major Stockings,,
Shaggy,805,Shaggy Man,,
Files,811,Jo Files,,
Ann,812,Ann Soforth,,
Ruggedo,814,Roquat of the Rocks,,
Shaggy,815,Shaggy Man,,
Oogaboo,815,Oogaboo,,
Plum,819,Jo Plum,,
Ann,824,Ann Soforth,,
Private Files,825,Private Files,,
Ruggedo,825,Roquat of the Rocks,,
Ann,830,Ann Soforth,,
Shaggy,830,Shaggy Man,,
Shaggy,832,Shaggy Man,,
Ruggedo,834,Roquat of the Rocks,,
Colonel Cheese,835,Colonel Cheese,,
Tik,837,Tik,,
Tik-Tok,837,Tik-Tok,,
Polychrome,840,Polly the Rainbow,,
Tik,842,Tik,,
Tik-Tok,842,Tik-Tok,,
Tik-Tok,843,Tik-Tok,,
Betsy,843,Betsy Bobbin,,
Shaggy,844,Shaggy Man,,
Tik-Tok,845,Tik-Tok,,
Tik-Tok,846,Tik-Tok,,
Tik,847,Tik,,
Tik-Tok,847,Tik-Tok,,
Ann,848,Ann Soforth,,
Files,850,Jo Files,,
Tik-Tok,851,Tik-Tok,,
Files,853,Jo Files,,
Ann,853,Ann Soforth,,
Tik,854,Tik,,
Tik-Tok,854,Tik-Tok,,
Ann,855,Ann Soforth,,
Tik-Tok,855,Tik-Tok,,
Ruggedo,855,Roquat of the Rocks,,
Colonels,858,Colonels,,
Tik-Tok,861,Tik-Tok,,
Ann,864,Ann Soforth,,
Clockwork Man,865,Clockwork Man,,
Files,866,Jo Files,,
Tik,866,Tik,,
Tik-Tok,866,Tik-Tok,,
Shaggy,868,Shaggy Man,,
Ann,871,Ann Soforth,,
Ruggedo,872,Roquat of the Rocks,,
Shaggy,873,Shaggy Man,,
Rose,879,Rose Princess,,
Files,882,Jo Files,,
Rose,883,Rose Princess,,
Ozga,893,Rose Princess,,
Files,896,Jo Files,,
Ruggedo,899,Roquat of the Rocks,,
Files,900,Jo Files,,
Ruggedo,900,Roquat of the Rocks,,
Nome King,903,Roquat of the Rocks,,
Ruggedo,904,Roquat of the Rocks,,
Ruggedo,906,Roquat of the Rocks,,
Ruggedo,908,Roquat of the Rocks,,
Kaliko,911,Kaliko,,
Chamberlain,911,Royal Chamberlain,,
Ruggedo,913,Roquat of the Rocks,,
Kaliko,916,Kaliko,,
Chamberlain,918,Royal Chamberlain,,
Ruggedo,919,Roquat of the Rocks,,
Kaliko,921,Kaliko,,
Kaliko,924,Kaliko,,
Kaliko,925,Kaliko,,
Tik-Tok,931,Tik-Tok,,
Ruggedo,931,Roquat of the Rocks,,
Kaliko,934,Kaliko,,
Dorothy,935,Dorothy the Lamb,,
Ruggedo,935,Roquat of the Rocks,,
Dorothy,937,Dorothy the Lamb,,
Ozma,937,Royal Ozma,,
Kaliko,940,Kaliko,,
Pooh,944,Pooh,,
Ruggedo,944,Roquat of the Rocks,,
Kaliko,947,Kaliko,,
Polychrome,949,Polly the Rainbow,,
Rainbow,949,Rainbow,,
Ruggedo,952,Roquat of the Rocks,,
Kaliko,955,Kaliko,,
Kaliko,961,Kaliko,,
Ruggedo,963,Roquat of the Rocks,,
Shaggy,965,Shaggy Man,,
Tik-Tok,969,Tik-Tok,,
Ann,969,Ann Soforth,,
Betsy Bobbin,970,Betsy Bobbin,,
Hank,970,Hank,,
Polychrome,970,Polly the Rainbow,,
Shaggy,970,Shaggy Man,,
Clockwork Man,971,Clockwork Man,,
Tik,973,Tik,,
Tik-Tok,973,Tik-Tok,,
Tik,974,Tik,,
Tik-Tok,974,Tik-Tok,,
Kaliko,974,Kaliko,,
Cone,975,Jo Cone,,
Tik-Tok,976,Tik-Tok,,
Cone,978,Jo Cone,,
Betsy,979,Betsy Bobbin,,
Polychrome,979,Polly the Rainbow,,
Ozga,980,Rose Princess,,
Ann,980,Ann Soforth,,
Ann,983,Ann Soforth,,
Shaggy,984,Shaggy Man,,
Tik-Tok,990,Tik-Tok,,
Files,991,Jo Files,,
Polychrome,991,Polly the Rainbow,,
Ann,996,Ann Soforth,,
Betsy,996,Betsy Bobbin,,
Polychrome,996,Polly the Rainbow,,
Hank,998,Hank,,
Betsy,1002,Betsy Bobbin,,
Polychrome,1003,Polly the Rainbow,,
Betsy,1004,Betsy Bobbin,,
Ozga,1005,Rose Princess,,
Shaggy,1005,Shaggy Man,,
Kaliko,1008,Kaliko,,
Ruggedo,1010,Roquat of the Rocks,,
Kaliko,1010,Kaliko,,
Kaliko,1012,Kaliko,,
Ruggedo,1014,Roquat of the Rocks,,
Kaliko,1016,Kaliko,,
Kaliko,1020,Kaliko,,
Ruggedo,1022,Roquat of the Rocks,,
Ruggedo,1024,Roquat of the Rocks,,
Kaliko,1027,Kaliko,,
Ruggedo,1029,Roquat of the Rocks,,
Kaliko,1032,Kaliko,,
Ruggedo,1041,Roquat of the Rocks,,
Kaliko,1042,Kaliko,,
Ruggedo,1042,Roquat of the Rocks,,
Royal Chamberlain,1042,Royal Chamberlain,,
Kaliko,1043,Kaliko,,
Kaliko,1044,Kaliko,,
Jack,1047,Jack,,
Jill,1047,Jill,,
Kaliko,1048,Kaliko,,
Magician,1049,Magician,,
Kaliko,1050,Kaliko,,
Ruggedo,1050,Roquat of the Rocks,,
Magician,1051,Magician,,
Chamberlain,1052,Royal Chamberlain,,
Ruggedo,1053,Roquat of the Rocks,,
Polychrome,1056,Polly the Rainbow,,
Ann,1056,Ann Soforth,,
Ruggedo,1056,Roquat of the Rocks,,
Magician,1056,Magician,,
Rainbow,1056,Rainbow,,
Oogaboo,1056,Oogaboo,,
Nome King,1056,Roquat of the Rocks,,
Ruggedo,1057,Roquat of the Rocks,,
Tik,1057,Tik,,
Tik-Tok,1057,Tik-Tok,,
Ann,1059,Ann Soforth,,
Betsy Bobbin,1060,Betsy Bobbin,,
Shaggy,1060,Shaggy Man,,
Polychrome,1060,Polly the Rainbow,,
Hank,1061,Hank,,
Betsy,1061,Betsy Bobbin,,
Hank,1063,Hank,,
Betsy,1064,Betsy Bobbin,,
Hank,1067,Hank,,
Betsy,1069,Betsy Bobbin,,
Hank,1071,Hank,,
Tik-Tok,1073,Tik-Tok,,
Ann,1075,Ann Soforth,,
Betsy,1076,Betsy Bobbin,,
Hank,1076,Hank,,
Shaggy,1076,Shaggy Man,,
Polychrome,1076,Polly the Rainbow,,
Files,1076,Jo Files,,
Hank,1078,Hank,,
Betsy,1078,Betsy Bobbin,,
Ann,1078,Ann Soforth,,
Betsy,1078,Betsy Bobbin,,
Mercy,1079,Mercy,,
Maj'sty,1081,Maj'sty,,
Shaggy,1081,Shaggy Man,,
Betsy,1083,Betsy Bobbin,,
Shaggy,1084,Shaggy Man,,
Polychrome,1085,Polly the Rainbow,,
Betsy,1086,Betsy Bobbin,,
Hank,1086,Hank,,
Polychrome,1089,Polly the Rainbow,,
Betsy,1092,Betsy Bobbin,,
Polychrome,1093,Polly the Rainbow,,
Magician,1094,Magician,,
Betsy,1096,Betsy Bobbin,,
Magician,1097,Magician,,
Polychrome,1099,Polly the Rainbow,,
Ann,1101,Ann Soforth,,
Polychrome,1102,Polly the Rainbow,,
Magician,1103,Magician,,
Shaggy,1104,Shaggy Man,,
Polychrome,1104,Polly the Rainbow,,
Rainbow,1106,Rainbow,,
Ozga,1109,Rose Princess,,
Tik,1111,Tik,,
Tik-Tok,1111,Tik-Tok,,
Ann,1115,Ann Soforth,,
Betsy,1116,Betsy Bobbin,,
Betsy,1118,Betsy Bobbin,,
Peculiar Person,1118,Peculiar Person,,
Ann,1118,Ann Soforth,,
Peculiar,1120,Peculiar Person,,
Shaggy,1121,Shaggy Man,,
Polychrome,1121,Polly the Rainbow,,
Ozga,1121,Rose Princess,,
Files,1121,Jo Files,,
Peculiar Person,1123,Peculiar Person,,
Shaggy,1124,Shaggy Man,,
Betsy,1128,Betsy Bobbin,,
Ann,1128,Ann Soforth,,
Peculiar Person,1130,Peculiar Person,,
Betsy,1132,Betsy Bobbin,,
Betsy,1135,Betsy Bobbin,,
Polychrome,1135,Polly the Rainbow,,
Ruggedo,1135,Roquat of the Rocks,,
Nome King,1135,Roquat of the Rocks,,
Ruggedo,1137,Roquat of the Rocks,,
Ruggedo,1138,Roquat of the Rocks,,
Shaggy,1139,Shaggy Man,,
Nome King,1140,Roquat of the Rocks,,
Ruggedo,1141,Roquat of the Rocks,,
Betsy,1142,Betsy Bobbin,,
Tubekins,1146,Tubekins,,
Polychrome,1148,Polly the Rainbow,,
Shaggy,1149,Shaggy Man,,
Ann,1149,Ann Soforth,,
Betsy,1159,Betsy Bobbin,,
Tubekins,1159,Tubekins,,
Betsy,1161,Betsy Bobbin,,
Tik-Tok,1161,Tik-Tok,,
Shaggy,1162,Shaggy Man,,
Tik,1163,Tik,,
Tik-Tok,1163,Tik-Tok,,
Tik,1167,Tik,,
Tik-Tok,1167,Tik-Tok,,
Betsy,1168,Betsy Bobbin,,
Tik,1168,Tik,,
Tik-Tok,1168,Tik-Tok,,
Shaggy,1169,Shaggy Man,,
Shaggy,1171,Shaggy Man,,
Tubekins,1176,Tubekins,,
Ann,1177,Ann Soforth,,
Tubekins,1181,Tubekins,,
Betsy,1182,Betsy Bobbin,,
Tubekins,1182,Tubekins,,
Betsy,1188,Betsy Bobbin,,
Polychrome,1188,Polly the Rainbow,,
Polychrome,1189,Polly the Rainbow,,
Master,1190,Master,,
Betsy,1192,Betsy Bobbin,,
Betsy,1201,Betsy Bobbin,,
Shaggy,1202,Shaggy Man,,
Betsy Bobbin,1204,Betsy Bobbin,,
Ann,1205,Ann Soforth,,
Bunn,1208,Jo Bunn,,
General Clock,1212,General Clock,,
Tik,1214,Tik,,
Tik-Tok,1214,Tik-Tok,,
Sol,1215,Sol,,
Clockwork Man,1216,Clockwork Man,,
Tik-Tok,1219,Tik-Tok,,
Queens,1219,Queens,,
Ann,1221,Ann Soforth,,
Clockwork Man,1221,Clockwork Man,,
Shaggy,1221,Shaggy Man,,
Tik-Tok,1222,Tik-Tok,,
Shaggy,1222,Shaggy Man,,
Ozma,1222,Royal Ozma,,
Oz,1222,of Oz,,
Clockwork Man,1222,Clockwork Man,,
Ann,1222,Ann Soforth,,
Oogaboo,1222,Oogaboo,,
Betsy,1223,Betsy Bobbin,,
Hank,1223,Hank,,
Polychrome,1223,Polly the Rainbow,,
Rose,1223,Rose Princess,,
Ruggedo,1224,Roquat of the Rocks,,
Tik,1226,Tik,,
Tik-Tok,1226,Tik-Tok,,
Ruggedo,1232,Roquat of the Rocks,,
Nome King,1233,Roquat of the Rocks,,
Tik,1234,Tik,,
Tik-Tok,1234,Tik-Tok,,
Tik-Tok,1239,Tik-Tok,,
Ann,1243,Ann Soforth,,
Shaggy,1244,Shaggy Man,,
Polychrome,1245,Polly the Rainbow,,
Files,1245,Jo Files,,
Rose,1245,Rose Princess,,
Jinjin,1246,Great Jinjin,,
Betsy,1247,Betsy Bobbin,,
Tik-Tok,1248,Tik-Tok,,
Betsy,1250,Betsy Bobbin,,
Ruggedo,1252,Roquat of the Rocks,,
Tik,1253,Tik,,
Tik-Tok,1253,Tik-Tok,,
Hoochoo,1257,Hoochoo,,
Betsy,1260,Betsy Bobbin,,
Erma,1261,Erma,,
Hank,1262,Hank,,
Betsy,1266,Betsy Bobbin,,
Erma,1267,Erma,,
Polychrome,1267,Polly the Rainbow,,
Polychrome,1272,Polly the Rainbow,,
Betsy,1272,Betsy Bobbin,,
Queens,1272,Queens,,
Erma,1273,Erma,,
Erma,1276,Erma,,
Betsy,1276,Betsy Bobbin,,
Erma,1278,Erma,,
Sunlight,1279,Sunlight,,
Starlight,1279,Starlight,,
Daylight,1281,Daylight,,
Firelight,1282,Firelight,,
Electra,1283,Electra,,
Betsy,1283,Betsy Bobbin,,
Sunlight,1283,Sunlight,,
Daylight,1283,Daylight,,
Electra,1283,Electra,,
Betsy,1285,Betsy Bobbin,,
Polychrome,1285,Polly the Rainbow,,
Daylight,1286,Daylight,,
Erma,1286,Erma,,
Jinjin,1290,Great Jinjin,,
Hoochoo,1290,Hoochoo,,
Hoochoo,1292,Hoochoo,,
Jinjin,1293,Great Jinjin,,
Jinjin,1294,Great Jinjin,,
Polychrome,1295,Polly the Rainbow,,
Betsy,1296,Betsy Bobbin,,
Hoochoo,1296,Hoochoo,,
Betsy,1297,Betsy Bobbin,,
Moonlight,1297,Moonlight,,
Erma,1298,Erma,,
Dragon,1298,Original Dragon,,
Dragon,1298,Original Dragon,,
Polychrome,1306,Polly the Rainbow,,
Betsy,1307,Betsy Bobbin,,
Moonlight,1308,Moonlight,,
Starlight,1308,Starlight,,
Erma,1308,Erma,,
Polychrome,1309,Polly the Rainbow,,
Erma,1309,Erma,,
Firelight,1309,Firelight,,
Betsy,1310,Betsy Bobbin,,
Firelight,1310,Firelight,,
Erma,1311,Erma,,
Betsy,1311,Betsy Bobbin,,
Betsy,1317,Betsy Bobbin,,
Erma,1318,Erma,,
Electra,1318,Electra,,
Polychrome,1319,Polly the Rainbow,,
Betsy,1319,Betsy Bobbin,,
Polychrome,1321,Polly the Rainbow,,
Betsy,1321,Betsy Bobbin,,
Electra,1322,Electra,,
Erma,1323,Erma,,
Edison,1325,Edison,,
Electra,1327,Electra,,
Betsy,1328,Betsy Bobbin,,
Erma,1329,Erma,,
Moonlight,1332,Moonlight,,
Daylight,1332,Daylight,,
Moonlight,1333,Moonlight,,
Starlight,1333,Starlight,,
Electra,1335,Electra,,
Betsy,1337,Betsy Bobbin,,
Erma,1340,Erma,,
Electra,1342,Electra,,
Betsy,1342,Betsy Bobbin,,
Betsy,1344,Betsy Bobbin,,
Jinjin,1347,Great Jinjin,,
Jinjin,1350,Great Jinjin,,
Hoochoo,1353,Hoochoo,,
Ruggedo,1356,Roquat of the Rocks,,
Shaggy Man,1359,Shaggy Man,,
Ruggedo,1359,Roquat of the Rocks,,
Nome King,1360,Roquat of the Rocks,,
Ruggedo,1361,Roquat of the Rocks,,
Kaliko,1362,Kaliko,,
Ruggedo,1363,Roquat of the Rocks,,
Ruggedo,1365,Roquat of the Rocks,,
Ruggedo,1368,Roquat of the Rocks,,
Hoochoo,1370,Hoochoo,,
Quox,1375,Quox,,
Original Dragon,1376,Original Dragon,,
Quox,1377,Quox,,
Quox,1378,Quox,,
Ruggedo,1378,Roquat of the Rocks,,
Jinjin,1379,Great Jinjin,,
Hoochoo,1380,Hoochoo,,
Jinjin,1383,Great Jinjin,,
Tubekins,1383,Tubekins,,
Betsy,1384,Betsy Bobbin,,
Jinjin,1384,Great Jinjin,,
Ann,1385,Ann Soforth,,
Ann,1386,Ann Soforth,,
Shaggy,1387,Shaggy Man,,
Ann,1390,Ann Soforth,,
Shaggy,1390,Shaggy Man,,
Betsy,1395,Betsy Bobbin,,
Shaggy,1396,Shaggy Man,,
Tubekins,1397,Tubekins,,
Ann,1399,Ann Soforth,,
Files,1402,Jo Files,,
Quox,1404,Quox,,
Tubekins,1404,Tubekins,,
Quox,1406,Quox,,
Tubekins,1406,Tubekins,,
Quox,1406,Quox,,
Betsy,1407,Betsy Bobbin,,
Quox,1411,Quox,,
Tubekins,1416,Tubekins,,
Hoochoo,1416,Hoochoo,,
Betsy,1417,Betsy Bobbin,,
Dragon,1418,Original Dragon,,
Quox,1419,Quox,,
Hank,1426,Hank,,
Betsy,1426,Betsy Bobbin,,
Polychrome,1427,Polly the Rainbow,,
Files,1427,Jo Files,,
Queen Ann,1427,Ann Soforth,,
Tik,1427,Tik,,
Tik-Tok,1427,Tik-Tok,,
Quox,1430,Quox,,
Tubekins,1431,Tubekins,,
Quox,1432,Quox,,
Shaggy,1435,Shaggy Man,,
Betsy,1438,Betsy Bobbin,,
Betsy,1444,Betsy Bobbin,,
Quox,1446,Quox,,
Grandpa,1448,Grandpa,,
Betsy,1451,Betsy Bobbin,,
Jinjin,1457,Great Jinjin,,
Betsy,1463,Betsy Bobbin,,
Ruggedo,1464,Roquat of the Rocks,,
Ann,1465,Ann Soforth,,
Ruggedo,1465,Roquat of the Rocks,,
Betsy,1470,Betsy Bobbin,,
Hank,1470,Hank,,
Shaggy,1473,Shaggy Man,,
Quox,1474,Quox,,
Betsy,1477,Betsy Bobbin,,
Quox,1479,Quox,,
Tik,1482,Tik,,
Tik-Tok,1482,Tik-Tok,,
Quox,1484,Quox,,
Tik,1486,Tik,,
Tik-Tok,1486,Tik-Tok,,
Quox,1489,Quox,,
Shaggy,1489,Shaggy Man,,
Quox,1492,Quox,,
Tik,1495,Tik,,
Tik-Tok,1495,Tik-Tok,,
Ruggedo,1497,Roquat of the Rocks,,
Tik-Tok,1497,Tik-Tok,,
Tik,1498,Tik,,
Tik-Tok,1498,Tik-Tok,,
Betsy,1499,Betsy Bobbin,,
Tik-Tok,1501,Tik-Tok,,
Ruggedo,1501,Roquat of the Rocks,,
Polychrome,1502,Polly the Rainbow,,
Rainbow,1503,Rainbow,,
Tik-Tok,1504,Tik-Tok,,
Polychrome,1505,Polly the Rainbow,,
Betsy,1508,Betsy Bobbin,,
Hank,1510,Hank,,
Hank,1511,Hank,,
Betsy,1512,Betsy Bobbin,,
Betsy,1514,Betsy Bobbin,,
Hank,1515,Hank,,
Hank,1518,Hank,,
Betsy,1519,Betsy Bobbin,,
Rose,1521,Rose Princess,,
Rose,1521,Rose Princess,,
Betsy,1522,Betsy Bobbin,,
Hank,1522,Hank,,
Roses,1522,Roses,,
Roses,1523,Roses,,
Betsy,1525,Betsy Bobbin,,
Roses,1526,Roses,,
Hank,1527,Hank,,
Betsy,1527,Betsy Bobbin,,
Moss Rose,1529,Moss Rose,,
Betsy,1531,Betsy Bobbin,,
Hank,1532,Hank,,
Roses,1533,Roses,,
Hank,1533,Hank,,
Hank,1534,Hank,,
Hank,1535,Hank,,
Hank,1536,Hank,,
Betsy,1541,Betsy Bobbin,,
Roses,1544,Roses,,
Hank,1546,Hank,,
Moss Rose,1547,Moss Rose,,
Betsy,1548,Betsy Bobbin,,
Roses,1549,Roses,,
Tea Rose,1549,Tea Rose,,
Royal Gardener,1549,Royal Gardener,,
Royal Gardener,1551,Royal Gardener,,
Betsy,1551,Betsy Bobbin,,
Rose,1553,Rose Princess,,
Royal Gardener,1555,Royal Gardener,,
Hank,1559,Hank,,
Gardener,1559,Royal Gardener,,
Betsy,1560,Betsy Bobbin,,
Hank,1560,Hank,,
Gardener,1561,Royal Gardener,,
Betsy,1562,Betsy Bobbin,,
Gardener,1562,Royal Gardener,,
Roses,1562,Roses,,
Betsy,1565,Betsy Bobbin,,
Royal Gardener,1569,Royal Gardener,,
Betsy,1570,Betsy Bobbin,,
Betsy,1574,Betsy Bobbin,,
Shaggy Man,1576,Shaggy Man,,
Betsy,1579,Betsy Bobbin,,
Hank,1581,Hank,,
Betsy,1581,Betsy Bobbin,,
Roses,1581,Roses,,
Royal Gardener,1582,Royal Gardener,,
Roses,1582,Roses,,
Shaggy,1585,Shaggy Man,,
Gardener,1588,Royal Gardener,,
Shaggy,1590,Shaggy Man,,
Gardener,1591,Royal Gardener,,
Hank,1595,Hank,,
Royal Gardener,1596,Royal Gardener,,
Betsy,1597,Betsy Bobbin,,
Shaggy,1601,Shaggy Man,,
Betsy,1604,Betsy Bobbin,,
Ozma,1606,Royal Ozma,,
Betsy,1607,Betsy Bobbin,,
Ozma,1610,Royal Ozma,,
Dorothy,1612,Dorothy the Lamb,,
Dorothy,1612,Dorothy the Lamb,,
Shaggy,1612,Shaggy Man,,
Betsy,1614,Betsy Bobbin,,
Oz,1615,of Oz,,
Shaggy,1616,Shaggy Man,,
Betsy,1619,Betsy Bobbin,,
Shaggy,1620,Shaggy Man,,
Shaggy,1628,Shaggy Man,,
Shaggy,1632,Shaggy Man,,
Nome King,1633,Roquat of the Rocks,,
Ruggedo,1636,Roquat of the Rocks,,
Ruggedo,1641,Roquat of the Rocks,,
Shaggy,1647,Shaggy Man,,
Betsy,1650,Betsy Bobbin,,
Shaggy,1651,Shaggy Man,,
Love Magnet,1655,Love Magnet,,
Betsy,1656,Betsy Bobbin,,
Shaggy,1660,Shaggy Man,,
Betsy,1661,Betsy Bobbin,,
Hank,1662,Hank,,
Magnet,1662,Love Magnet,,
Shaggy,1662,Shaggy Man,,
Royal Gardener,1663,Royal Gardener,,
Betsy,1665,Betsy Bobbin,,
Shaggy Man,1665,Shaggy Man,,
Magnet,1665,Love Magnet,,
Gardener,1665,Royal Gardener,,
Shaggy,1665,Shaggy Man,,
Shaggy Man,1670,Shaggy Man,,
Gardener,1672,Royal Gardener,,
Betsy,1674,Betsy Bobbin,,
Shaggy,1675,Shaggy Man,,
Gardener,1677,Royal Gardener,,
Royal Bushes,1679,Royal Bushes,,
Betsy,1680,Betsy Bobbin,,
Shaggy,1684,Shaggy Man,,
Betsy,1685,Betsy Bobbin,,
Shaggy Man,1687,Shaggy Man,,
Gardener,1688,Royal Gardener,,
Gardener,1689,Royal Gardener,,
Shaggy,1690,Shaggy Man,,
Gardener,1690,Royal Gardener,,
Shaggy,1691,Shaggy Man,,
Betsy,1691,Betsy Bobbin,,
Hank,1691,Hank,,
Betsy,1697,Betsy Bobbin,,
Royal,1698,Royal Chamberlain,,
Betsy,1700,Betsy Bobbin,,
Gardener,1701,Royal Gardener,,
Betsy,1702,Betsy Bobbin,,
Roses,1702,Roses,,
Gardener,1703,Royal Gardener,,
Shaggy,1708,Shaggy Man,,
Royal Bush,1709,Royal Bushes,,
Ozga,1710,Rose Princess,,
Ozma,1710,Royal Ozma,,
Oz,1710,of Oz,,
Gardener,1711,Royal Gardener,,
Roses,1711,Roses,,
Betsy,1711,Betsy Bobbin,,
Shaggy,1711,Shaggy Man,,
Betsy,1714,Betsy Bobbin,,
Shaggy,1714,Shaggy Man,,
Rose,1714,Rose Princess,,
Betsy,1715,Betsy Bobbin,,
Shaggy,1715,Shaggy Man,,
Gardener,1716,Royal Gardener,,
Roses,1716,Roses,,
Roses,1717,Roses,,
Betsy,1719,Betsy Bobbin,,
Royal Bush,1727,Royal Bushes,,
Moss Rose,1728,Moss Rose,,
Gardener,1729,Royal Gardener,,
Tea Rose,1730,Tea Rose,,
Shaggy,1731,Shaggy Man,,
Ozga,1734,Rose Princess,,
Roses,1734,Roses,,
Shaggy,1735,Shaggy Man,,
Betsy,1737,Betsy Bobbin,,
Gardener,1739,Royal Gardener,,
Magnet,1742,Love Magnet,,
Gardener,1745,Royal Gardener,,
Gardener,1748,Royal Gardener,,
Shaggy,1749,Shaggy Man,,
Ozga,1749,Rose Princess,,
Shaggy,1749,Shaggy Man,,
Gardener,1752,Royal Gardener,,
Hank,1755,Hank,,
Gardener,1755,Royal Gardener,,
Roses,1756,Roses,,
Hank,1756,Hank,,
Betsy,1757,Betsy Bobbin,,
Ozga,1757,Rose Princess,,
Shaggy,1757,Shaggy Man,,
Rose,1759,Rose Princess,,
Betsy,1759,Betsy Bobbin,,
Hank,1759,Hank,,
Shaggy,1759,Shaggy Man,,
Royal Gardener,1760,Royal Gardener,,
Roses,1761,Roses,,
Shaggy,1762,Shaggy Man,,
Hank,1764,Hank,,
Betsy,1764,Betsy Bobbin,,
Hank,1766,Hank,,
Hank,1767,Hank,,
Shaggy Man,1767,Shaggy Man,,
Ozga,1768,Rose Princess,,
Shaggy Man,1769,Shaggy Man,,
Shaggy,1770,Shaggy Man,,
Ruggedo,1771,Roquat of the Rocks,,
Betsy,1773,Betsy Bobbin,,
Shaggy,1774,Shaggy Man,,
Ruggedo,1776,Roquat of the Rocks,,
Betsy,1777,Betsy Bobbin,,
Shaggy,1779,Shaggy Man,,
Polychrome,1783,Polly the Rainbow,,
Rainbow,1787,Rainbow,,
Polychrome,1787,Polly the Rainbow,,
Polychrome,1788,Polly the Rainbow,,
Polychrome,1793,Polly the Rainbow,,
Betsy Bobbin,1800,Betsy Bobbin,,
Polychrome,1800,Polly the Rainbow,,
Hank,1800,Hank,,
Princess,1800,Princess,,
Shaggy,1800,Shaggy Man,,
Polychrome,1802,Polly the Rainbow,,
Polychrome,1809,Polly the Rainbow,,
Shaggy Man,1810,Shaggy Man,,
Polychrome,1812,Polly the Rainbow,,
Shaggy,1813,Shaggy Man,,
Polychrome,1817,Polly the Rainbow,,
Shaggy,1819,Shaggy Man,,
Polychrome,1820,Polly the Rainbow,,
Shaggy Man,1820,Shaggy Man,,
Rainbow,1823,Rainbow,,
Betsy,1827,Betsy Bobbin,,
Shaggy,1827,Shaggy Man,,
Polychrome,1829,Polly the Rainbow,,
Rose Princess,1830,Rose Princess,,
Ruggedo,1832,Roquat of the Rocks,,
Betsy,1833,Betsy Bobbin,,
Ruggedo,1835,Roquat of the Rocks,,
Rainbow,1835,Rainbow,,
Nome King,1837,Roquat of the Rocks,,
Polychrome,1837,Polly the Rainbow,,
Polychrome,1839,Polly the Rainbow,,
Betsy,1841,Betsy Bobbin,,
Ruggedo,1841,Roquat of the Rocks,,
Polychrome,1842,Polly the Rainbow,,
Shaggy,1846,Shaggy Man,,
Rose,1846,Rose Princess,,
Betsy,1847,Betsy Bobbin,,
Hank,1847,Hank,,
Hank,1847,Hank,,
Betsy,1849,Betsy Bobbin,,
Shaggy,1849,Shaggy Man,,
Hank,1849,Hank,,
Betsy,1850,Betsy Bobbin,,
Rose,1850,Rose Princess,,
Polychrome,1850,Polly the Rainbow,,
Rainbow,1850,Rainbow,,
Ozga,1850,Rose Princess,,
Polychrome,1851,Polly the Rainbow,,
Shaggy,1853,Shaggy Man,,
Betsy,1859,Betsy Bobbin,,
Shaggy,1860,Shaggy Man,,
Hank,1865,Hank,,
Betsy,1866,Betsy Bobbin,,
Shaggy,1869,Shaggy Man,,
Betsy,1869,Betsy Bobbin,,
Polychrome,1870,Polly the Rainbow,,
Shaggy,1871,Shaggy Man,,
Shaggy,1874,Shaggy Man,,
Betsy,1875,Betsy Bobbin,,
Hank,1876,Hank,,
Betsy,1881,Betsy Bobbin,,
Shaggy,1885,Shaggy Man,,
Betsy,1887,Betsy Bobbin,,
Betsy,1889,Betsy Bobbin,,
Shaggy,1890,Shaggy Man,,
Rose,1892,Rose Princess,,
Polychrome,1892,Polly the Rainbow,,
Betsy,1894,Betsy Bobbin,,
Betsy,1901,Betsy Bobbin,,
Clockwork,1902,Clockwork Man,,
Clockwork,1903,Clockwork Man,,
Polychrome,1906,Polly the Rainbow,,
Shaggy,1907,Shaggy Man,,
Shaggy,1911,Shaggy Man,,
Tik,1911,Tik,,
Tik-Tok,1911,Tik-Tok,,
Shaggy,1912,Shaggy Man,,
Tik,1912,Tik,,
Tik-Tok,1912,Tik-Tok,,
Betsy,1914,Betsy Bobbin,,
Polychrome,1917,Polly the Rainbow,,
Betsy,1918,Betsy Bobbin,,
Shaggy,1919,Shaggy Man,,
Betsy,1924,Betsy Bobbin,,
Shaggy,1925,Shaggy Man,,
Tik,1925,Tik,,
Tik-Tok,1925,Tik-Tok,,
Shaggy,1930,Shaggy Man,,
Betsy,1930,Betsy Bobbin,,
Tik,1930,Tik,,
Tik-Tok,1930,Tik-Tok,,
Shaggy,1931,Shaggy Man,,
Tik,1932,Tik,,
Tik-Tok,1932,Tik-Tok,,
Oz,1933,of Oz,,
Nome King,1934,Roquat of the Rocks,,
Rug,1934,Rug,,
Shaggy,1938,Shaggy Man,,
Ruggedo,1939,Roquat of the Rocks,,
Tik-Tok,1940,Tik-Tok,,
Tik,1941,Tik,,
Tik-Tok,1941,Tik-Tok,,
Tik,1943,Tik,,
Tik-Tok,1943,Tik-Tok,,
Polychrome,1944,Polly the Rainbow,,
Ruggedo,1944,Roquat of the Rocks,,
Betsy,1946,Betsy Bobbin,,
Ruggedo,1948,Roquat of the Rocks,,
Tik,1949,Tik,,
Tik-Tok,1949,Tik-Tok,,
Shaggy,1950,Shaggy Man,,
Betsy,1952,Betsy Bobbin,,
Shaggy,1955,Shaggy Man,,
Tik-Tok,1958,Tik-Tok,,
Shaggy,1958,Shaggy Man,,
Oogaboo,1959,Oogaboo,,
Ann Soforth,1960,Ann Soforth,,
Cone,1962,Jo Cone,,
Tik,1962,Tik,,
Tik-Tok,1962,Tik-Tok,,
Shaggy,1962,Shaggy Man,,
Mercy,1962,Mercy,,
Mercy,1963,Mercy,,
Ann,1968,Ann Soforth,,
Shaggy,1969,Shaggy Man,,
Tik-Tok,1970,Tik-Tok,,
Ozga,1971,Rose Princess,,
Roseland,1971,Roseland,,
Polychrome,1972,Polly the Rainbow,,
Bow,1972,Bow,,
Betsy Bobbin,1973,Betsy Bobbin,,
Hank,1973,Hank,,
Ann,1974,Ann Soforth,,
Betsy,1976,Betsy Bobbin,,
Files,1977,Jo Files,,
Colonels,1980,Colonels,,
Ann,1981,Ann Soforth,,
Oogaboo,1981,Oogaboo,,
Shaggy,1983,Shaggy Man,,
Betsy,1986,Betsy Bobbin,,
Betsy,1989,Betsy Bobbin,,
Polychrome,1989,Polly the Rainbow,,
Rose,1989,Rose Princess,,
Ann,1991,Ann Soforth,,
Hank,1996,Hank,,
Betsy,1999,Betsy Bobbin,,
Polychrome,1999,Polly the Rainbow,,
Ann,2000,Ann Soforth,,
Hank,2002,Hank,,
Betsy,2003,Betsy Bobbin,,
Files,2006,Jo Files,,
Shaggy,2008,Shaggy Man,,
Tik,2008,Tik,,
Tik-Tok,2008,Tik-Tok,,
Ann,2009,Ann Soforth,,
Files,2010,Jo Files,,
Files,2017,Jo Files,,
Shaggy,2017,Shaggy Man,,
Love Magnet,2018,Love Magnet,,
Shaggy Man,2018,Shaggy Man,,
Ann,2019,Ann Soforth,,
Love Magnet,2019,Love Magnet,,
Shaggy,2019,Shaggy Man,,
Shaggy,2020,Shaggy Man,,
Oogaboo,2021,Oogaboo,,
Shaggy,2022,Shaggy Man,,
Ruggedo,2023,Roquat of the Rocks,,
Ann,2025,Ann Soforth,,
Major Stockings,2027,Major Stockings,,
Shaggy,2028,Shaggy Man,,
Files,2034,Jo Files,,
Ann,2035,Ann Soforth,,
Ruggedo,2037,Roquat of the Rocks,,
Shaggy,2038,Shaggy Man,,
Oogaboo,2038,Oogaboo,,
Plum,2042,Jo Plum,,
Ann,2047,Ann Soforth,,
Private Files,2048,Private Files,,
Ruggedo,2048,Roquat of the Rocks,,
Ann,2053,Ann Soforth,,
Shaggy,2053,Shaggy Man,,
Shaggy,2055,Shaggy Man,,
Ruggedo,2057,Roquat of the Rocks,,
Colonel Cheese,2058,Colonel Cheese,,
Tik,2060,Tik,,
Tik-Tok,2060,Tik-Tok,,
Polychrome,2063,Polly the Rainbow,,
Tik,2065,Tik,,
Tik-Tok,2065,Tik-Tok,,
Tik-Tok,2066,Tik-Tok,,
Betsy,2066,Betsy Bobbin,,
Shaggy,2067,Shaggy Man,,
Tik-Tok,2068,Tik-Tok,,
Tik-Tok,2069,Tik-Tok,,
Tik,2070,Tik,,
Tik-Tok,2070,Tik-Tok,,
Ann,2071,Ann Soforth,,
Files,2073,Jo Files,,
Tik-Tok,2074,Tik-Tok,,
Files,2076,Jo Files,,
Ann,2076,Ann Soforth,,
Tik,2077,Tik,,
Tik-Tok,2077,Tik-Tok,,
Ann,2078,Ann Soforth,,
Tik-Tok,2078,Tik-Tok,,
Ruggedo,2078,Roquat of the Rocks,,
Colonels,2081,Colonels,,
Tik-Tok,2084,Tik-Tok,,
Ann,2087,Ann Soforth,,
Clockwork Man,2088,Clockwork Man,,
Files,2089,Jo Files,,
Tik,2089,Tik,,
Tik-Tok,2089,Tik-Tok,,
Shaggy,2091,Shaggy Man,,
Ann,2094,Ann Soforth,,
Ruggedo,2095,Roquat of the Rocks,,
Shaggy,2096,Shaggy Man,,
Rose,2102,Rose Princess,,
Files,2105,Jo Files,,
Rose,2106,Rose Princess,,
Ozga,2116,Rose Princess,,
Files,2119,Jo Files,,
Ruggedo,2122,Roquat of the Rocks,,
Files,2123,Jo Files,,
Ruggedo,2123,Roquat of the Rocks,,
Nome King,2126,Roquat of the Rocks,,
Ruggedo,2127,Roquat of the Rocks,,
Ruggedo,2129,Roquat of the Rocks,,
Ruggedo,2131,Roquat of the Rocks,,
Kaliko,2134,Kaliko,,
Chamberlain,2134,Royal Chamberlain,,
Ruggedo,2136,Roquat of the Rocks,,
Kaliko,2139,Kaliko,,
Chamberlain,2141,Royal Chamberlain,,
Ruggedo,2142,Roquat of the Rocks,,
Kaliko,2144,Kaliko,,
Kaliko,2147,Kaliko,,
Kaliko,2148,Kaliko,,
Tik-Tok,2154,Tik-Tok,,
Ruggedo,2154,Roquat of the Rocks,,
Kaliko,2157,Kaliko,,
Dorothy,2158,Dorothy the Lamb,,
Ruggedo,2158,Roquat of the Rocks,,
Dorothy,2160,Dorothy the Lamb,,
Ozma,2160,Royal Ozma,,
Kaliko,2163,Kaliko,,
Pooh,2167,Pooh,,
Ruggedo,2167,Roquat of the Rocks,,
Kaliko,2170,Kaliko,,
Polychrome,2172,Polly the Rainbow,,
Rainbow,2172,Rainbow,,
Ruggedo,2175,Roquat of the Rocks,,
Kaliko,2178,Kaliko,,
Kaliko,2184,Kaliko,,
Ruggedo,2186,Roquat of the Rocks,,
Shaggy,2188,Shaggy Man,,
Tik-Tok,2192,Tik-Tok,,
Ann,2192,Ann Soforth,,
Betsy Bobbin,2193,Betsy Bobbin,,
Hank,2193,Hank,,
Polychrome,2193,Polly the Rainbow,,
Shaggy,2193,Shaggy Man,,
Clockwork Man,2194,Clockwork Man,,
Tik,2196,Tik,,
Tik-Tok,2196,Tik-Tok,,
Tik,2197,Tik,,
Tik-Tok,2197,Tik-Tok,,
Kaliko,2197,Kaliko,,
Cone,2198,Jo Cone,,
Tik-Tok,2199,Tik-Tok,,
Cone,2201,Jo Cone,,
Betsy,2202,Betsy Bobbin,,
Polychrome,2202,Polly the Rainbow,,
Ozga,2203,Rose Princess,,
Ann,2203,Ann Soforth,,
Ann,2206,Ann Soforth,,
Shaggy,2207,Shaggy Man,,
Tik-Tok,2213,Tik-Tok,,
Files,2214,Jo Files,,
Polychrome,2214,Polly the Rainbow,,
Ann,2219,Ann Soforth,,
Betsy,2219,Betsy Bobbin,,
Polychrome,2219,Polly the Rainbow,,
Hank,2221,Hank,,
Betsy,2225,Betsy Bobbin,,
Polychrome,2226,Polly the Rainbow,,
Betsy,2227,Betsy Bobbin,,
Ozga,2228,Rose Princess,,
Shaggy,2228,Shaggy Man,,
Kaliko,2231,Kaliko,,
Ruggedo,2233,Roquat of the Rocks,,
Kaliko,2233,Kaliko,,
Kaliko,2235,Kaliko,,
Hoochoo,2236,Hoochoo,,
Ruggedo,2237,Roquat of the Rocks,,
Hoochoo,2238,Hoochoo,,
Kaliko,2239,Kaliko,,
Kaliko,2243,Kaliko,,
Ruggedo,2245,Roquat of the Rocks,,
Ruggedo,2247,Roquat of the Rocks,,
Kaliko,2250,Kaliko,,
Ruggedo,2252,Roquat of the Rocks,,
Kaliko,2255,Kaliko,,
Ruggedo,2264,Roquat of the Rocks,,
Kaliko,2265,Kaliko,,
Ruggedo,2265,Roquat of the Rocks,,
Royal Chamberlain,2265,Royal Chamberlain,,
Kaliko,2266,Kaliko,,
Kaliko,2267,Kaliko,,
Jack,2270,Jack,,
Jill,2270,Jill,,
Hoochoo,2271,Hoochoo,,
Kaliko,2271,Kaliko,,
Magician,2272,Magician,,
Kaliko,2273,Kaliko,,
Ruggedo,2273,Roquat of the Rocks,,
Magician,2274,Magician,,
Chamberlain,2275,Royal Chamberlain,,
Ruggedo,2276,Roquat of the Rocks,,
Polychrome,2279,Polly the Rainbow,,
Ann,2279,Ann Soforth,,
Ruggedo,2279,Roquat of the Rocks,,
Magician,2279,Magician,,
Rainbow,2279,Rainbow,,
Oogaboo,2279,Oogaboo,,
Nome King,2279,Roquat of the Rocks,,
Ruggedo,2280,Roquat of the Rocks,,
Tik,2280,Tik,,
Tik-Tok,2280,Tik-Tok,,
Ann,2282,Ann Soforth,,
Betsy Bobbin,2283,Betsy Bobbin,,
Shaggy,2283,Shaggy Man,,
Polychrome,2283,Polly the Rainbow,,
Hank,2284,Hank,,
Betsy,2284,Betsy Bobbin,,
Hank,2286,Hank,,
Betsy,2287,Betsy Bobbin,,
Hank,2290,Hank,,
Betsy,2292,Betsy Bobbin,,
Hank,2294,Hank,,
Tik-Tok,2296,Tik-Tok,,
Ann,2298,Ann Soforth,,
Betsy,2299,Betsy Bobbin,,
Hank,2299,Hank,,
Shaggy,2299,Shaggy Man,,
Polychrome,2299,Polly the Rainbow,,
Files,2299,Jo Files,,
Hank,2301,Hank,,
Betsy,2301,Betsy Bobbin,,
Ann,2301,Ann Soforth,,
Betsy,2301,Betsy Bobbin,,
Mercy,2302,Mercy,,
Maj'sty,2304,Maj'sty,,
Shaggy,2304,Shaggy Man,,
Betsy,2306,Betsy Bobbin,,
Shaggy,2307,Shaggy Man,,
Polychrome,2308,Polly the Rainbow,,
Betsy,2309,Betsy Bobbin,,
Hank,2309,Hank,,
Polychrome,2312,Polly the Rainbow,,
Betsy,2315,Betsy Bobbin,,
Polychrome,2316,Polly the Rainbow,,
Magician,2317,Magician,,
Betsy,2319,Betsy Bobbin,,
Magician,2320,Magician,,
Polychrome,2322,Polly the Rainbow,,
Ann,2324,Ann Soforth,,
Polychrome,2325,Polly the Rainbow,,
Magician,2326,Magician,,
Shaggy,2327,Shaggy Man,,
Polychrome,2327,Polly the Rainbow,,
Rainbow,2329,Rainbow,,
Ozga,2332,Rose Princess,,
Tik,2334,Tik,,
Tik-Tok,2334,Tik-Tok,,
Peculiar Person,2336,Peculiar Person,,
Ann,2338,Ann Soforth,,
Peculiar Person,2338,Peculiar Person,,
Betsy,2339,Betsy Bobbin,,
Betsy,2341,Betsy Bobbin,,
Peculiar Person,2341,Peculiar Person,,
Ann,2341,Ann Soforth,,
Peculiar,2343,Peculiar Person,,
Shaggy,2344,Shaggy Man,,
Polychrome,2344,Polly the Rainbow,,
Ozga,2344,Rose Princess,,
Files,2344,Jo Files,,
Peculiar Person,2346,Peculiar Person,,
Shaggy,2347,Shaggy Man,,
Betsy,2351,Betsy Bobbin,,
Ann,2351,Ann Soforth,,
Peculiar Person,2353,Peculiar Person,,
Betsy,2355,Betsy Bobbin,,
Betsy,2358,Betsy Bobbin,,
Polychrome,2358,Polly the Rainbow,,
Ruggedo,2358,Roquat of the Rocks,,
Nome King,2358,Roquat of the Rocks,,
Ruggedo,2360,Roquat of the Rocks,,
Ruggedo,2361,Roquat of the Rocks,,
Shaggy,2362,Shaggy Man,,
Nome King,2363,Roquat of the Rocks,,
Ruggedo,2364,Roquat of the Rocks,,
Betsy,2365,Betsy Bobbin,,
Tubekins,2369,Tubekins,,
Polychrome,2371,Polly the Rainbow,,
Shaggy,2372,Shaggy Man,,
Ann,2372,Ann Soforth,,
Betsy,2382,Betsy Bobbin,,
Tubekins,2382,Tubekins,,
Betsy,2384,Betsy Bobbin,,
Tik-Tok,2384,Tik-Tok,,
Shaggy,2385,Shaggy Man,,
Tik,2386,Tik,,
Tik-Tok,2386,Tik-Tok,,
Tik,2390,Tik,,
Tik-Tok,2390,Tik-Tok,,
Betsy,2391,Betsy Bobbin,,
Tik,2391,Tik,,
Tik-Tok,2391,Tik-Tok,,
Shaggy,2392,Shaggy Man,,
Shaggy,2394,Shaggy Man,,
Tubekins,2399,Tubekins,,
Ann,2400,Ann Soforth,,
Tubekins,2404,Tubekins,,
Betsy,2405,Betsy Bobbin,,
Tubekins,2405,Tubekins,,
Betsy,2411,Betsy Bobbin,,
Polychrome,2411,Polly the Rainbow,,
Polychrome,2412,Polly the Rainbow,,
Master,2412,Master,,
Master,2413,Master,,
Betsy,2415,Betsy Bobbin,,
Betsy,2424,Betsy Bobbin,,
Shaggy,2425,Shaggy Man,,
Betsy Bobbin,2427,Betsy Bobbin,,
Ann,2428,Ann Soforth,,
Bunn,2431,Jo Bunn,,
General Clock,2435,General Clock,,
Tik,2437,Tik,,
Tik-Tok,2437,Tik-Tok,,
Sol,2438,Sol,,
Clockwork Man,2439,Clockwork Man,,
Tik-Tok,2442,Tik-Tok,,
Queens,2442,Queens,,
Ann,2444,Ann Soforth,,
Clockwork Man,2444,Clockwork Man,,
Shaggy,2444,Shaggy Man,,
Tik-Tok,2445,Tik-Tok,,
Shaggy,2445,Shaggy Man,,
Ozma,2445,Royal Ozma,,
Oz,2445,of Oz,,
Clockwork Man,2445,Clockwork Man,,
Ann,2445,Ann Soforth,,
Oogaboo,2445,Oogaboo,,
Betsy,2446,Betsy Bobbin,,
Hank,2446,Hank,,
Polychrome,2446,Polly the Rainbow,,
Rose,2446,Rose Princess,,
Ruggedo,2447,Roquat of the Rocks,,
Tik,2449,Tik,,
Tik-Tok,2449,Tik-Tok,,
Ruggedo,2455,Roquat of the Rocks,,
Nome King,2456,Roquat of the Rocks,,
Tik,2457,Tik,,
Tik-Tok,2457,Tik-Tok,,
Tik-Tok,2462,Tik-Tok,,
Ann,2466,Ann Soforth,,
Shaggy,2467,Shaggy Man,,
Polychrome,2468,Polly the Rainbow,,
Files,2468,Jo Files,,
Rose,2468,Rose Princess,,
Jinjin,2469,Great Jinjin,,
Betsy,2470,Betsy Bobbin,,
Tik-Tok,2471,Tik-Tok,,
Betsy,2473,Betsy Bobbin,,
Ruggedo,2475,Roquat of the Rocks,,
Tik,2476,Tik,,
Tik-Tok,2476,Tik-Tok,,
Hoochoo,2480,Hoochoo,,
Betsy,2483,Betsy Bobbin,,
Erma,2484,Erma,,
Hank,2485,Hank,,
Betsy,2489,Betsy Bobbin,,
Erma,2490,Erma,,
Polychrome,2490,Polly the Rainbow,,
Polychrome,2495,Polly the Rainbow,,
Betsy,2495,Betsy Bobbin,,
Queens,2495,Queens,,
Erma,2496,Erma,,
Erma,2499,Erma,,
Betsy,2499,Betsy Bobbin,,
Erma,2501,Erma,,
Sunlight,2502,Sunlight,,
Starlight,2502,Starlight,,
Daylight,2504,Daylight,,
Firelight,2505,Firelight,,
Electra,2506,Electra,,
Betsy,2506,Betsy Bobbin,,
Sunlight,2506,Sunlight,,
Daylight,2506,Daylight,,
Electra,2506,Electra,,
Betsy,2508,Betsy Bobbin,,
Polychrome,2508,Polly the Rainbow,,
Daylight,2509,Daylight,,
Erma,2509,Erma,,
Jinjin,2513,Great Jinjin,,
Hoochoo,2513,Hoochoo,,
Hoochoo,2515,Hoochoo,,
Jinjin,2516,Great Jinjin,,
Jinjin,2517,Great Jinjin,,
Polychrome,2518,Polly the Rainbow,,
Betsy,2519,Betsy Bobbin,,
Hoochoo,2519,Hoochoo,,
Betsy,2520,Betsy Bobbin,,
Moonlight,2520,Moonlight,,
Erma,2521,Erma,,
Dragon,2521,Original Dragon,,
Dragon,2521,Original Dragon,,
Polychrome,2529,Polly the Rainbow,,
Betsy,2530,Betsy Bobbin,,
Moonlight,2531,Moonlight,,
Starlight,2531,Starlight,,
Erma,2531,Erma,,
Polychrome,2532,Polly the Rainbow,,
Erma,2532,Erma,,
Firelight,2532,Firelight,,
Betsy,2533,Betsy Bobbin,,
Firelight,2533,Firelight,,
Erma,2534,Erma,,
Betsy,2534,Betsy Bobbin,,
Betsy,2540,Betsy Bobbin,,
Erma,2541,Erma,,
Electra,2541,Electra,,
Polychrome,2542,Polly the Rainbow,,
Betsy,2542,Betsy Bobbin,,
Polychrome,2544,Polly the Rainbow,,
Betsy,2544,Betsy Bobbin,,
Electra,2545,Electra,,
Erma,2546,Erma,,
Edison,2548,Edison,,
Electra,2550,Electra,,
Betsy,2551,Betsy Bobbin,,
Erma,2552,Erma,,
Moonlight,2555,Moonlight,,
Daylight,2555,Daylight,,
Moonlight,2556,Moonlight,,
Starlight,2556,Starlight,,
Electra,2558,Electra,,
Betsy,2560,Betsy Bobbin,,
Erma,2563,Erma,,
Electra,2565,Electra,,
Betsy,2565,Betsy Bobbin,,
Betsy,2567,Betsy Bobbin,,
Jinjin,2570,Great Jinjin,,
Jinjin,2573,Great Jinjin,,
Hoochoo,2576,Hoochoo,,
Ruggedo,2579,Roquat of the Rocks,,
Shaggy Man,2582,Shaggy Man,,
Ruggedo,2582,Roquat of the Rocks,,
Nome King,2583,Roquat of the Rocks,,
Ruggedo,2584,Roquat of the Rocks,,
Kaliko,2585,Kaliko,,
Ruggedo,2586,Roquat of the Rocks,,
Ruggedo,2588,Roquat of the Rocks,,
Ruggedo,2591,Roquat of the Rocks,,
Hoochoo,2593,Hoochoo,,
Quox,2598,Quox,,
Original Dragon,2599,Original Dragon,,
Quox,2600,Quox,,
Quox,2601,Quox,,
Ruggedo,2601,Roquat of the Rocks,,
Jinjin,2602,Great Jinjin,,
Hoochoo,2603,Hoochoo,,
Jinjin,2606,Great Jinjin,,
Tubekins,2606,Tubekins,,
Betsy,2607,Betsy Bobbin,,
Jinjin,2607,Great Jinjin,,
Ann,2608,Ann Soforth,,
Ann,2609,Ann Soforth,,
Shaggy,2610,Shaggy Man,,
Ann,2613,Ann Soforth,,
Shaggy,2613,Shaggy Man,,
Betsy,2618,Betsy Bobbin,,
Shaggy,2619,Shaggy Man,,
Tubekins,2620,Tubekins,,
Ann,2622,Ann Soforth,,
Files,2625,Jo Files,,
Quox,2627,Quox,,
Tubekins,2627,Tubekins,,
Quox,2629,Quox,,
Tubekins,2629,Tubekins,,
Quox,2629,Quox,,
Betsy,2630,Betsy Bobbin,,
Quox,2634,Quox,,
Tubekins,2639,Tubekins,,
Hoochoo,2639,Hoochoo,,
Betsy,2640,Betsy Bobbin,,
Dragon,2641,Original Dragon,,
Quox,2642,Quox,,
Hank,2649,Hank,,
Betsy,2649,Betsy Bobbin,,
Polychrome,2650,Polly the Rainbow,,
Files,2650,Jo Files,,
Queen Ann,2650,Ann Soforth,,
Tik,2650,Tik,,
Tik-Tok,2650,Tik-Tok,,
Quox,2653,Quox,,
Tubekins,2654,Tubekins,,
Quox,2655,Quox,,
Shaggy,2658,Shaggy Man,,
Betsy,2661,Betsy Bobbin,,
Betsy,2667,Betsy Bobbin,,
Quox,2669,Quox,,
Grandpa,2671,Grandpa,,
Betsy,2674,Betsy Bobbin,,
Jinjin,2680,Great Jinjin,,
Betsy,2686,Betsy Bobbin,,
Ruggedo,2687,Roquat of the Rocks,,
Ann,2688,Ann Soforth,,
Ruggedo,2688,Roquat of the Rocks,,
Betsy,2693,Betsy Bobbin,,
Hank,2693,Hank,,
Shaggy,2696,Shaggy Man,,
Quox,2697,Quox,,
Betsy,2700,Betsy Bobbin,,
Quox,2702,Quox,,
Tik,2705,Tik,,
Tik-Tok,2705,Tik-Tok,,
Quox,2707,Quox,,
Tik,2709,Tik,,
Tik-Tok,2709,Tik-Tok,,
Quox,2712,Quox,,
Shaggy,2712,Shaggy Man,,
Quox,2715,Quox,,
Tik,2718,Tik,,
Tik-Tok,2718,Tik-Tok,,
Ruggedo,2720,Roquat of the Rocks,,
Tik-Tok,2720,Tik-Tok,,
Tik,2721,Tik,,
Tik-Tok,2721,Tik-Tok,,
Betsy,2722,Betsy Bobbin,,
Tik-Tok,2724,Tik-Tok,,
Ruggedo,2724,Roquat of the Rocks,,
Polychrome,2725,Polly the Rainbow,,
Rainbow,2726,Rainbow,,
Tik-Tok,2727,Tik-Tok,,
Polychrome,2728,Polly the Rainbow,,
Ruggedo,2731,Roquat of the Rocks,,
King of the Nomes,2731,King of the Nomes,,
Ruggedo,2732,Roquat of the Rocks,,
Kaliko,2733,Kaliko,,
Kaliko,2734,Kaliko,,
Kaliko,2736,Kaliko,,
Ruggedo,2736,Roquat of the Rocks,,
Royal Chamberlain,2736,Royal Chamberlain,,
Kaliko,2737,Kaliko,,
Ruggedo,2737,Roquat of the Rocks,,
Ruggedo,2738,Roquat of the Rocks,,
Kaliko,2739,Kaliko,,
Kaliko,2740,Kaliko,,
Ruggedo,2741,Roquat of the Rocks,,
Long-Eared Hearer,2742,Long-Eared Hearer,,
Ruggedo,2744,Roquat of the Rocks,,
Ruggedo,2754,Roquat of the Rocks,,
Ruggedo,2757,Roquat of the Rocks,,
Ruggedo,2760,Roquat of the Rocks,,
Hearer,2760,Hearer,,
Hearer,2761,Hearer,,
Ruggedo,2763,Roquat of the Rocks,,
Kaliko,2764,Kaliko,,
Kaliko,2765,Kaliko,,
Royal Chamberlain,2767,Royal Chamberlain,,
Hoochoo,2768,Hoochoo,,
Hoochoo,2771,Hoochoo,,
Jinjin,2773,Great Jinjin,,
Ruggedo,2773,Roquat of the Rocks,,
Kaliko,2775,Kaliko,,
Kaliko,2778,Kaliko,,
Dorothy,2779,Dorothy the Lamb,,
Nome King,2780,Roquat of the Rocks,,
Dorothy,2780,Dorothy the Lamb,,
Kaliko,2781,Kaliko,,
Long-Eared Hearer,2781,Long-Eared Hearer,,
Ruggedo,2784,Roquat of the Rocks,,
Dorothy,2785,Dorothy the Lamb,,
Hoochoo,2786,Hoochoo,,
Kaliko,2787,Kaliko,,
Hoochoo,2788,Hoochoo,,
Ruggedo,2789,Roquat of the Rocks,,
Hearer,2789,Hearer,,
Kaliko,2792,Kaliko,,
Kaliko,2798,Kaliko,,
Kaliko,2799,Kaliko,,
Ruggedo,2804,Roquat of the Rocks,,
Kaliko,2809,Kaliko,,
Hoochoo,2811,Hoochoo,,
Nome King,2813,Roquat of the Rocks,,
Kaliko,2815,Kaliko,,
Kaliko,2816,Kaliko,,
Kaliko,2824,Kaliko,,
Hoochoo,2825,Hoochoo,,
Kaliko,2826,Kaliko,,
Ruggedo,2827,Roquat of the Rocks,,
Kaliko,2831,Kaliko,,
Shaggy Man,2835,Shaggy Man,,
Kaliko,2835,Kaliko,,
Nomes,2840,King of the Nomes,,
Ruggedo,2841,Roquat of the Rocks,,
Kaliko,2841,Kaliko,,
Royal Chamberlain,2841,Royal Chamberlain,,
Hearer,2842,Hearer,,
Ruggedo,2843,Roquat of the Rocks,,
Hearer,2843,Hearer,,
Nome King,2844,Roquat of the Rocks,,
Kaliko,2844,Kaliko,,
Chamberlain,2844,Royal Chamberlain,,
Guph,2844,Guph,,
Shaggy,2850,Shaggy Man,,
Quox,2850,Quox,,
Quox,2852,Quox,,
Betsy,2855,Betsy Bobbin,,
Betsy,2858,Betsy Bobbin,,
Files,2862,Jo Files,,
Tik,2863,Tik,,
Tik-Tok,2863,Tik-Tok,,
Shaggy,2864,Shaggy Man,,
Tik-Tok,2865,Tik-Tok,,
Betsy,2866,Betsy Bobbin,,
Shaggy,2869,Shaggy Man,,
Betsy,2872,Betsy Bobbin,,
Shaggy Man,2876,Shaggy Man,,
Tik-Tok,2884,Tik-Tok,,
Shaggy,2885,Shaggy Man,,
Quox,2887,Quox,,
Quox,2889,Quox,,
Betsy,2890,Betsy Bobbin,,
Guph,2892,Guph,,
Guph,2895,Guph,,
Ann,2899,Ann Soforth,,
Guph,2900,Guph,,
Hank,2902,Hank,,
Guph,2904,Guph,,
Ann,2905,Ann Soforth,,
Colonels,2905,Colonels,,
Tik-Tok,2905,Tik-Tok,,
Betsy,2905,Betsy Bobbin,,
Polychrome,2905,Polly the Rainbow,,
Hank,2905,Hank,,
Shaggy,2905,Shaggy Man,,
Ann,2905,Ann Soforth,,
Tik-Tok,2905,Tik-Tok,,
Clockwork Man,2906,Clockwork Man,,
Tik,2907,Tik,,
Tik-Tok,2907,Tik-Tok,,
Shaggy,2910,Shaggy Man,,
Files,2910,Jo Files,,
Quox,2911,Quox,,
Ann,2912,Ann Soforth,,
Ruggedo,2914,Roquat of the Rocks,,
Jinjin,2914,Great Jinjin,,
Quox,2914,Quox,,
Ann,2915,Ann Soforth,,
Nome King,2916,Roquat of the Rocks,,
Ann,2921,Ann Soforth,,
Quox,2923,Quox,,
Shaggy Man,2925,Shaggy Man,,
Ann,2925,Ann Soforth,,
Quox,2925,Quox,,
Love Magnet,2926,Love Magnet,,
Roses,2927,Roses,,
Shaggy,2928,Shaggy Man,,
Ruggedo,2928,Roquat of the Rocks,,
Ann,2929,Ann Soforth,,
Shaggy,2929,Shaggy Man,,
Ann,2930,Ann Soforth,,
Tik,2931,Tik,,
Tik-Tok,2931,Tik-Tok,,
Tik,2933,Tik,,
Tik-Tok,2933,Tik-Tok,,
Colonels,2934,Colonels,,
Tik-Tok,2935,Tik-Tok,,
Ann,2937,Ann Soforth,,
Nome King,2939,Roquat of the Rocks,,
Ruggedo,2941,Roquat of the Rocks,,
Tik,2943,Tik,,
Tik-Tok,2943,Tik-Tok,,
Ann,2944,Ann Soforth,,
Oogaboo,2945,Oogaboo,,
Tik,2946,Tik,,
Tik-Tok,2946,Tik-Tok,,
Ruggedo,2946,Roquat of the Rocks,,
Nome King,2946,Roquat of the Rocks,,
Ann,2946,Ann Soforth,,
Ruggedo,2947,Roquat of the Rocks,,
Tik,2949,Tik,,
Tik-Tok,2949,Tik-Tok,,
Tik-Tok,2951,Tik-Tok,,
Nome King,2951,Roquat of the Rocks,,
Tik,2953,Tik,,
Tik-Tok,2953,Tik-Tok,,
Ruggedo,2954,Roquat of the Rocks,,
Kaliko,2954,Kaliko,,
Guph,2954,Guph,,
Tik,2958,Tik,,
Tik-Tok,2958,Tik-Tok,,
Guph,2960,Guph,,
Tik,2961,Tik,,
Tik-Tok,2961,Tik-Tok,,
Nome King,2962,Roquat of the Rocks,,
Betsy Bobbin,2962,Betsy Bobbin,,
Hank,2962,Hank,,
Ruggedo,2963,Roquat of the Rocks,,
Betsy,2965,Betsy Bobbin,,
Betsy,2975,Betsy Bobbin,,
Hank,2975,Hank,,
Nome King,2978,Roquat of the Rocks,,
Betsy,2982,Betsy Bobbin,,
Guph,2984,Guph,,
Guph,2986,Guph,,
Tik,2986,Tik,,
Tik-Tok,2986,Tik-Tok,,
Kaliko,2986,Kaliko,,
Tik,2986,Tik,,
Tik-Tok,2986,Tik-Tok,,
Guph,2987,Guph,,
Tik,2987,Tik,,
Tik-Tok,2987,Tik-Tok,,
Betsy,2987,Betsy Bobbin,,
Hank,2988,Hank,,
Nome King,2989,Roquat of the Rocks,,
Kaliko,2990,Kaliko,,
Betsy,2990,Betsy Bobbin,,
Kaliko,2991,Kaliko,,
Kaliko,2995,Kaliko,,
Betsy,2996,Betsy Bobbin,,
Kaliko,2997,Kaliko,,
Polychrome,2998,Polly the Rainbow,,
Rose,2998,Rose Princess,,
Betsy,3002,Betsy Bobbin,,
Kaliko,3003,Kaliko,,
Betsy,3004,Betsy Bobbin,,
Kaliko,3004,Kaliko,,
Ann,3005,Ann Soforth,,
Ann,3008,Ann Soforth,,
Ann,3011,Ann Soforth,,
Ann,3019,Ann Soforth,,
Polychrome,3021,Polly the Rainbow,,
Rose,3021,Rose Princess,,
Ruggedo,3021,Roquat of the Rocks,,
Shaggy,3022,Shaggy Man,,
Tik,3022,Tik,,
Tik-Tok,3022,Tik-Tok,,
Rose,3023,Rose Princess,,
Shaggy,3024,Shaggy Man,,
Nome King,3025,Roquat of the Rocks,,
Clockwork,3025,Clockwork Man,,
Polychrome,3026,Polly the Rainbow,,
Ruggedo,3027,Roquat of the Rocks,,
Ozga,3028,Rose Princess,,
Files,3029,Jo Files,,
Ruggedo,3031,Roquat of the Rocks,,
Nome King,3031,Roquat of the Rocks,,
Jinjin,3031,Great Jinjin,,
Shaggy,3032,Shaggy Man,,
Ann,3032,Ann Soforth,,
Ruggedo,3032,Roquat of the Rocks,,
Love Magnet,3032,Love Magnet,,
Long-Eared Hearer,3034,Long-Eared Hearer,,
Ruggedo,3034,Roquat of the Rocks,,
Guph,3035,Guph,,
Hank,3035,Hank,,
Tik-Tok,3035,Tik-Tok,,
Guph,3036,Guph,,
Long-Eared Hearer,3036,Long-Eared Hearer,,
Hearer,3037,Hearer,,
Ruggedo,3037,Roquat of the Rocks,,
Nome King,3037,Roquat of the Rocks,,
Shaggy,3038,Shaggy Man,,
Ruggedo,3039,Roquat of the Rocks,,
Shaggy,3039,Shaggy Man,,
Ruggedo,3040,Roquat of the Rocks,,
Kaliko,3043,Kaliko,,
Shaggy,3045,Shaggy Man,,
Kaliko,3046,Kaliko,,
Oogaboo,3047,Oogaboo,,
Polychrome,3047,Polly the Rainbow,,
Ruggedo,3047,Roquat of the Rocks,,
Betsy,3048,Betsy Bobbin,,
Hank,3048,Hank,,
Ruggedo,3049,Roquat of the Rocks,,
Shaggy,3050,Shaggy Man,,
Betsy,3051,Betsy Bobbin,,
Files,3052,Jo Files,,
Nome King,3052,Roquat of the Rocks,,
Shaggy,3054,Shaggy Man,,
Shaggy,3055,Shaggy Man,,
Files,3057,Jo Files,,
Shaggy,3057,Shaggy Man,,
Polychrome,3058,Polly the Rainbow,,
Shaggy,3058,Shaggy Man,,
Quox,3063,Quox,,
Polychrome,3066,Polly the Rainbow,,
Quox,3066,Quox,,
Rainbow,3069,Rainbow,,
Quox,3072,Quox,,
Polychrome,3073,Polly the Rainbow,,
Ruggedo,3074,Roquat of the Rocks,,
Guph,3075,Guph,,
Kaliko,3075,Kaliko,,
Files,3075,Jo Files,,
Tik-Tok,3076,Tik-Tok,,
Ruggedo,3077,Roquat of the Rocks,,
Love Magnet,3079,Love Magnet,,
Shaggy,3079,Shaggy Man,,
Shaggy,3079,Shaggy Man,,
Ruggedo,3079,Roquat of the Rocks,,
Betsy Bobbin,3080,Betsy Bobbin,,
Kaliko,3080,Kaliko,,
Ann,3080,Ann Soforth,,
Ruggedo,3081,Roquat of the Rocks,,
Files,3081,Jo Files,,
Ozga,3081,Rose Princess,,
Nome King,3083,Roquat of the Rocks,,
Polychrome,3083,Polly the Rainbow,,
Polychrome,3084,Polly the Rainbow,,
Polychrome,3086,Polly the Rainbow,,
Ruggedo,3087,Roquat of the Rocks,,
Polychrome,3090,Polly the Rainbow,,
Kaliko,3093,Kaliko,,
Polychrome,3094,Polly the Rainbow,,
Ruggedo,3096,Roquat of the Rocks,,
Ruggedo,3096,Roquat of the Rocks,,
Polly,3099,Polly the Rainbow,,
Polychrome,3102,Polly the Rainbow,,
Shaggy,3103,Shaggy Man,,
Shaggy,3104,Shaggy Man,,
Polychrome,3105,Polly the Rainbow,,
Ruggedo,3106,Roquat of the Rocks,,
Ruggedo,3109,Roquat of the Rocks,,
Guph,3111,Guph,,
Polychrome,3112,Polly the Rainbow,,
Guph,3112,Guph,,
Rainbow,3112,Rainbow,,
Guph,3113,Guph,,
Ruggedo,3113,Roquat of the Rocks,,
Ruggedo,3114,Roquat of the Rocks,,
Polychrome,3115,Polly the Rainbow,,
Nome King,3116,Roquat of the Rocks,,
Kaliko,3117,Kaliko,,
Kaliko,3118,Kaliko,,
Pang,3120,Pang,,
Ruggedo,3120,Roquat of the Rocks,,
Pang,3122,Pang,,
Ruggedo,3123,Roquat of the Rocks,,
Nome King,3125,Roquat of the Rocks,,
Pang,3128,Pang,,
Kaliko,3131,Kaliko,,
Oogaboo,3131,Oogaboo,,
Kaliko,3132,Kaliko,,
Kaliko,3133,Kaliko,,
Pang,3134,Pang,,
Betsy Bobbin,3134,Betsy Bobbin,,
Hank,3134,Hank,,
Pang,3135,Pang,,
Pang,3139,Pang,,
Ruggedo,3140,Roquat of the Rocks,,
Tik-Tok,3143,Tik-Tok,,
Kaliko,3145,Kaliko,,
Oogaboo,3145,Oogaboo,,
Tik-Tok,3145,Tik-Tok,,
Kaliko,3148,Kaliko,,
Love Magnet,3150,Love Magnet,,
Tik,3150,Tik,,
Tik-Tok,3150,Tik-Tok,,
Ruggedo,3156,Roquat of the Rocks,,
Pang,3156,Pang,,
Rose,3157,Rose Princess,,
Ruggedo,3159,Roquat of the Rocks,,
Ruggedo,3161,Roquat of the Rocks,,
Nome King,3162,Roquat of the Rocks,,
Polychrome,3163,Polly the Rainbow,,
Shaggy Man,3163,Shaggy Man,,
Ruggedo,3163,Roquat of the Rocks,,
Files,3163,Jo Files,,
Tik,3163,Tik,,
Tik-Tok,3163,Tik-Tok,,
Quox,3163,Quox,,
Polychrome,3165,Polly the Rainbow,,
Quox,3168,Quox,,
Polychrome,3169,Polly the Rainbow,,
Polychrome,3171,Polly the Rainbow,,
Ruggedo,3172,Roquat of the Rocks,,
Quox,3173,Quox,,
Quox,3175,Quox,,
Ruggedo,3176,Roquat of the Rocks,,
Quox,3178,Quox,,
Ruggedo,3181,Roquat of the Rocks,,
Rose,3182,Rose Princess,,
Files,3182,Jo Files,,
Quox,3183,Quox,,
Tik-Tok,3184,Tik-Tok,,
Quox,3185,Quox,,
Quox,3187,Quox,,
Ruggedo,3191,Roquat of the Rocks,,
Quox,3192,Quox,,
Hoochoo,3193,Hoochoo,,
Jinjin,3193,Great Jinjin,,
Ruggedo,3196,Roquat of the Rocks,,
Files,3197,Jo Files,,
Nome King,3199,Roquat of the Rocks,,
Hoochoo,3200,Hoochoo,,
Kaliko,3200,Kaliko,,
Ruggedo,3201,Roquat of the Rocks,,
Royal Chamberlain,3201,Royal Chamberlain,,
Nomes,3201,King of the Nomes,,
Quox,3202,Quox,,
Ruggedo,3205,Roquat of the Rocks,,
Hoochoo,3206,Hoochoo,,
Quox,3208,Quox,,
Quox,3209,Quox,,
Jinjin,3211,Great Jinjin,,
Ruggedo,3211,Roquat of the Rocks,,
Nomes,3212,King of the Nomes,,
Hoochoo,3212,Hoochoo,,
Ruggedo,3213,Roquat of the Rocks,,
Nome King,3214,Roquat of the Rocks,,
Ruggedo,3215,Roquat of the Rocks,,
Quox,3216,Quox,,
Guph,3221,Guph,,
Kaliko,3221,Kaliko,,
Pang,3221,Pang,,
Ruggedo,3221,Roquat of the Rocks,,
Ruggedo,3222,Roquat of the Rocks,,
Hoochoo,3223,Hoochoo,,
Ruggedo,3223,Roquat of the Rocks,,
Ruggedo,3227,Roquat of the Rocks,,
Ruggedo,3231,Roquat of the Rocks,,
King,3234,King of the Nomes,,
Jinjin,3235,Great Jinjin,,
Hoochoo,3236,Hoochoo,,
Ruggedo,3237,Roquat of the Rocks,,
Ruggedo,3240,Roquat of the Rocks,,
Jinjin,3247,Great Jinjin,,
Ruggedo,3247,Roquat of the Rocks,,
Polychrome,3249,Polly the Rainbow,,
Ann,3249,Ann Soforth,,
Ruggedo,3249,Roquat of the Rocks,,
Magician,3249,Magician,,
Rainbow,3249,Rainbow,,
Oogaboo,3249,Oogaboo,,
Nome King,3249,Roquat of the Rocks,,
Ruggedo,3250,Roquat of the Rocks,,
Tik,3250,Tik,,
Tik-Tok,3250,Tik-Tok,,
Ann,3252,Ann Soforth,,
Betsy Bobbin,3253,Betsy Bobbin,,
Shaggy,3253,Shaggy Man,,
Polychrome,3253,Polly the Rainbow,,
Hank,3254,Hank,,
Betsy,3254,Betsy Bobbin,,
Hank,3256,Hank,,
Betsy,3257,Betsy Bobbin,,
Hank,3260,Hank,,
Betsy,3262,Betsy Bobbin,,
Hank,3264,Hank,,
Tik-Tok,3266,Tik-Tok,,
Ann,3268,Ann Soforth,,
Betsy,3269,Betsy Bobbin,,
Hank,3269,Hank,,
Shaggy,3269,Shaggy Man,,
Polychrome,3269,Polly the Rainbow,,
Files,3269,Jo Files,,
Hank,3271,Hank,,
Betsy,3271,Betsy Bobbin,,
Ann,3271,Ann Soforth,,
Betsy,3271,Betsy Bobbin,,
Mercy,3272,Mercy,,
Maj'sty,3274,Maj'sty,,
Shaggy,3274,Shaggy Man,,
Betsy,3276,Betsy Bobbin,,
Shaggy,3277,Shaggy Man,,
Polychrome,3278,Polly the Rainbow,,
Betsy,3279,Betsy Bobbin,,
Hank,3279,Hank,,
Polychrome,3282,Polly the Rainbow,,
Betsy,3285,Betsy Bobbin,,
Polychrome,3286,Polly the Rainbow,,
Magician,3287,Magician,,
Betsy,3289,Betsy Bobbin,,
Magician,3290,Magician,,
Polychrome,3292,Polly the Rainbow,,
Ann,3294,Ann Soforth,,
Polychrome,3295,Polly the Rainbow,,
Magician,3296,Magician,,
Shaggy,3297,Shaggy Man,,
Polychrome,3297,Polly the Rainbow,,
Rainbow,3299,Rainbow,,
Ozga,3302,Rose Princess,,
Tik,3304,Tik,,
Tik-Tok,3304,Tik-Tok,,
Peculiar Person,3306,Peculiar Person,,
Ann,3308,Ann Soforth,,
Peculiar Person,3308,Peculiar Person,,
Betsy,3309,Betsy Bobbin,,
Betsy,3311,Betsy Bobbin,,
Peculiar Person,3311,Peculiar Person,,
Ann,3311,Ann Soforth,,
Peculiar,3313,Peculiar Person,,
Shaggy,3314,Shaggy Man,,
Polychrome,3314,Polly the Rainbow,,
Ozga,3314,Rose Princess,,
Files,3314,Jo Files,,
Peculiar Person,3316,Peculiar Person,,
Shaggy,3317,Shaggy Man,,
Betsy,3321,Betsy Bobbin,,
Ann,3321,Ann Soforth,,
Peculiar Person,3323,Peculiar Person,,
Betsy,3325,Betsy Bobbin,,
Betsy,3328,Betsy Bobbin,,
Polychrome,3328,Polly the Rainbow,,
Ruggedo,3328,Roquat of the Rocks,,
Nome King,3328,Roquat of the Rocks,,
Ruggedo,3330,Roquat of the Rocks,,
Ruggedo,3331,Roquat of the Rocks,,
Shaggy,3332,Shaggy Man,,
Nome King,3333,Roquat of the Rocks,,
Ruggedo,3334,Roquat of the Rocks,,
Betsy,3335,Betsy Bobbin,,
Tubekins,3339,Tubekins,,
Polychrome,3341,Polly the Rainbow,,
Shaggy,3342,Shaggy Man,,
Ann,3342,Ann Soforth,,
Betsy,3352,Betsy Bobbin,,
Tubekins,3352,Tubekins,,
Betsy,3354,Betsy Bobbin,,
Tik-Tok,3354,Tik-Tok,,
Shaggy,3355,Shaggy Man,,
Tik,3356,Tik,,
Tik-Tok,3356,Tik-Tok,,
Tik,3360,Tik,,
Tik-Tok,3360,Tik-Tok,,
Betsy,3361,Betsy Bobbin,,
Tik,3361,Tik,,
Tik-Tok,3361,Tik-Tok,,
Shaggy,3362,Shaggy Man,,
Shaggy,3364,Shaggy Man,,
Tubekins,3369,Tubekins,,
Ann,3370,Ann Soforth,,
Tubekins,3373,Tubekins,,
Betsy,3374,Betsy Bobbin,,
Tubekins,3374,Tubekins,,
Betsy,3380,Betsy Bobbin,,
Polychrome,3380,Polly the Rainbow,,
Polychrome,3381,Polly the Rainbow,,
Master,3381,Master,,
Master,3382,Master,,
Betsy,3384,Betsy Bobbin,,
Betsy,3393,Betsy Bobbin,,
Shaggy,3394,Shaggy Man,,
Betsy Bobbin,3396,Betsy Bobbin,,
Ann,3397,Ann Soforth,,
Bunn,3400,Jo Bunn,,
General Clock,3404,General Clock,,
Tik,3406,Tik,,
Tik-Tok,3406,Tik-Tok,,
Sol,3407,Sol,,
Clockwork Man,3408,Clockwork Man,,
Tik-Tok,3411,Tik-Tok,,
Queens,3411,Queens,,
Ann,3413,Ann Soforth,,
Clockwork Man,3413,Clockwork Man,,
Shaggy,3413,Shaggy Man,,
Tik-Tok,3414,Tik-Tok,,
Shaggy,3414,Shaggy Man,,
Ozma,3414,Royal Ozma,,
Oz,3414,of Oz,,
Clockwork Man,3414,Clockwork Man,,
Ann,3414,Ann Soforth,,
Oogaboo,3414,Oogaboo,,
Betsy,3415,Betsy Bobbin,,
Hank,3415,Hank,,
Polychrome,3415,Polly the Rainbow,,
Rose,3415,Rose Princess,,
Ruggedo,3416,Roquat of the Rocks,,
Tik,3418,Tik,,
Tik-Tok,3418,Tik-Tok,,
Ruggedo,3424,Roquat of the Rocks,,
Nome King,3425,Roquat of the Rocks,,
Tik,3426,Tik,,
Tik-Tok,3426,Tik-Tok,,
Tik-Tok,3431,Tik-Tok,,
Ann,3435,Ann Soforth,,
Shaggy,3436,Shaggy Man,,
Polychrome,3437,Polly the Rainbow,,
Files,3437,Jo Files,,
Rose,3437,Rose Princess,,
Jinjin,3438,Great Jinjin,,
Betsy,3439,Betsy Bobbin,,
Tik-Tok,3440,Tik-Tok,,
Betsy,3442,Betsy Bobbin,,
Ruggedo,3444,Roquat of the Rocks,,
Tik,3445,Tik,,
Tik-Tok,3445,Tik-Tok,,
Hoochoo,3449,Hoochoo,,
Betsy,3452,Betsy Bobbin,,
Erma,3453,Erma,,
Hank,3454,Hank,,
Betsy,3458,Betsy Bobbin,,
Erma,3459,Erma,,
Polychrome,3459,Polly the Rainbow,,
Polychrome,3464,Polly the Rainbow,,
Betsy,3464,Betsy Bobbin,,
Queens,3464,Queens,,
Erma,3465,Erma,,
Erma,3468,Erma,,
Betsy,3468,Betsy Bobbin,,
Erma,3470,Erma,,
Sunlight,3471,Sunlight,,
Starlight,3471,Starlight,,
Daylight,3473,Daylight,,
Firelight,3474,Firelight,,
Electra,3475,Electra,,
Betsy,3475,Betsy Bobbin,,
Sunlight,3475,Sunlight,,
Daylight,3475,Daylight,,
Electra,3475,Electra,,
Betsy,3477,Betsy Bobbin,,
Polychrome,3477,Polly the Rainbow,,
Daylight,3478,Daylight,,
Erma,3478,Erma,,
Jinjin,3482,Great Jinjin,,
Hoochoo,3482,Hoochoo,,
Hoochoo,3484,Hoochoo,,
Jinjin,3485,Great Jinjin,,
Jinjin,3486,Great Jinjin,,
Polychrome,3487,Polly the Rainbow,,
Betsy,3488,Betsy Bobbin,,
Hoochoo,3488,Hoochoo,,
Betsy,3489,Betsy Bobbin,,
Moonlight,3489,Moonlight,,
Erma,3490,Erma,,
Dragon,3490,Original Dragon,,
Dragon,3490,Original Dragon,,
Polychrome,3498,Polly the Rainbow,,
Betsy,3499,Betsy Bobbin,,
Moonlight,3500,Moonlight,,
Starlight,3500,Starlight,,
Erma,3500,Erma,,
Polychrome,3501,Polly the Rainbow,,
Erma,3501,Erma,,
Firelight,3501,Firelight,,
Betsy,3502,Betsy Bobbin,,
Firelight,3502,Firelight,,
Erma,3503,Erma,,
Betsy,3503,Betsy Bobbin,,
Betsy,3509,Betsy Bobbin,,
Erma,3510,Erma,,
Electra,3510,Electra,,
Polychrome,3511,Polly the Rainbow,,
Betsy,3511,Betsy Bobbin,,
Polychrome,3513,Polly the Rainbow,,
Betsy,3513,Betsy Bobbin,,
Electra,3514,Electra,,
Erma,3515,Erma,,
Edison,3517,Edison,,
Electra,3519,Electra,,
Betsy,3520,Betsy Bobbin,,
Erma,3521,Erma,,
Moonlight,3524,Moonlight,,
Daylight,3524,Daylight,,
Moonlight,3525,Moonlight,,
Starlight,3525,Starlight,,
Electra,3527,Electra,,
Betsy,3529,Betsy Bobbin,,
Erma,3532,Erma,,
Electra,3534,Electra,,
Betsy,3534,Betsy Bobbin,,
Betsy,3536,Betsy Bobbin,,
Jinjin,3538,Great Jinjin,,
Jinjin,3541,Great Jinjin,,
Hoochoo,3544,Hoochoo,,
Ruggedo,3547,Roquat of the Rocks,,
Shaggy Man,3550,Shaggy Man,,
Ruggedo,3550,Roquat of the Rocks,,
Nome King,3551,Roquat of the Rocks,,
Ruggedo,3552,Roquat of the Rocks,,
Kaliko,3553,Kaliko,,
Ruggedo,3554,Roquat of the Rocks,,
Ruggedo,3556,Roquat of the Rocks,,
Ruggedo,3559,Roquat of the Rocks,,
Hoochoo,3561,Hoochoo,,
Quox,3566,Quox,,
Original Dragon,3567,Original Dragon,,
Quox,3568,Quox,,
Quox,3569,Quox,,
Ruggedo,3569,Roquat of the Rocks,,
Jinjin,3570,Great Jinjin,,
Hoochoo,3571,Hoochoo,,
Jinjin,3574,Great Jinjin,,
Tubekins,3574,Tubekins,,
Betsy,3575,Betsy Bobbin,,
Jinjin,3575,Great Jinjin,,
Ann,3576,Ann Soforth,,
Ann,3577,Ann Soforth,,
Shaggy,3578,Shaggy Man,,
Ann,3581,Ann Soforth,,
Shaggy,3581,Shaggy Man,,
Betsy,3586,Betsy Bobbin,,
Shaggy,3587,Shaggy Man,,
Tubekins,3588,Tubekins,,
Ann,3590,Ann Soforth,,
Files,3593,Jo Files,,
Quox,3595,Quox,,
Tubekins,3595,Tubekins,,
Quox,3597,Quox,,
Tubekins,3597,Tubekins,,
Quox,3597,Quox,,
Betsy,3598,Betsy Bobbin,,
Quox,3602,Quox,,
Tubekins,3607,Tubekins,,
Hoochoo,3607,Hoochoo,,
Betsy,3608,Betsy Bobbin,,
Dragon,3609,Original Dragon,,
Quox,3610,Quox,,
Hank,3617,Hank,,
Betsy,3617,Betsy Bobbin,,
Polychrome,3618,Polly the Rainbow,,
Files,3618,Jo Files,,
Queen Ann,3618,Ann Soforth,,
Tik,3618,Tik,,
Tik-Tok,3618,Tik-Tok,,
Quox,3621,Quox,,
Tubekins,3622,Tubekins,,
Quox,3623,Quox,,
Shaggy,3626,Shaggy Man,,
Betsy,3629,Betsy Bobbin,,
Betsy,3635,Betsy Bobbin,,
Quox,3637,Quox,,
Grandpa,3639,Grandpa,,
Betsy,3642,Betsy Bobbin,,
Jinjin,3648,Great Jinjin,,
Betsy,3654,Betsy Bobbin,,
Ruggedo,3655,Roquat of the Rocks,,
Ann,3656,Ann Soforth,,
Ruggedo,3656,Roquat of the Rocks,,
Betsy,3661,Betsy Bobbin,,
Hank,3661,Hank,,
Shaggy,3664,Shaggy Man,,
Quox,3665,Quox,,
Betsy,3668,Betsy Bobbin,,
Quox,3670,Quox,,
Tik,3673,Tik,,
Tik-Tok,3673,Tik-Tok,,
Quox,3675,Quox,,
Tik,3677,Tik,,
Tik-Tok,3677,Tik-Tok,,
Quox,3680,Quox,,
Shaggy,3680,Shaggy Man,,
Quox,3683,Quox,,
Tik,3686,Tik,,
Tik-Tok,3686,Tik-Tok,,
Ruggedo,3688,Roquat of the Rocks,,
Tik-Tok,3688,Tik-Tok,,
Tik,3689,Tik,,
Tik-Tok,3689,Tik-Tok,,
Betsy,3690,Betsy Bobbin,,
Tik-Tok,3692,Tik-Tok,,
Ruggedo,3692,Roquat of the Rocks,,
Polychrome,3693,Polly the Rainbow,,
Rainbow,3694,Rainbow,,
Tik-Tok,3695,Tik-Tok,,
Polychrome,3696,Polly the Rainbow,,
Long-Eared Hearer,3698,Long-Eared Hearer,,
Ruggedo,3698,Roquat of the Rocks,,
King of the Nomes,3698,King of the Nomes,,
Ruggedo,3699,Roquat of the Rocks,,
Kaliko,3700,Kaliko,,
Kaliko,3701,Kaliko,,
Kaliko,3703,Kaliko,,
Ruggedo,3703,Roquat of the Rocks,,
Royal Chamberlain,3703,Royal Chamberlain,,
Kaliko,3704,Kaliko,,
Ruggedo,3704,Roquat of the Rocks,,
Ruggedo,3705,Roquat of the Rocks,,
Kaliko,3706,Kaliko,,
Kaliko,3707,Kaliko,,
Ruggedo,3708,Roquat of the Rocks,,
Long-Eared Hearer,3709,Long-Eared Hearer,,
Hearer,3710,Hearer,,
Ruggedo,3711,Roquat of the Rocks,,
Hearer,3718,Hearer,,
Ruggedo,3721,Roquat of the Rocks,,
Hearer,3723,Hearer,,
Ruggedo,3724,Roquat of the Rocks,,
Hearer,3726,Hearer,,
Ruggedo,3727,Roquat of the Rocks,,
Hearer,3727,Hearer,,
Hearer,3728,Hearer,,
Ruggedo,3730,Roquat of the Rocks,,
Kaliko,3731,Kaliko,,
Kaliko,3732,Kaliko,,
Royal Chamberlain,3734,Royal Chamberlain,,
Hoochoo,3735,Hoochoo,,
Hoochoo,3738,Hoochoo,,
Jinjin,3740,Great Jinjin,,
Ruggedo,3740,Roquat of the Rocks,,
Kaliko,3742,Kaliko,,
Kaliko,3745,Kaliko,,
Dorothy,3746,Dorothy the Lamb,,
Nome King,3747,Roquat of the Rocks,,
Dorothy,3747,Dorothy the Lamb,,
Kaliko,3748,Kaliko,,
Long-Eared Hearer,3748,Long-Eared Hearer,,
Ruggedo,3751,Roquat of the Rocks,,
Dorothy,3752,Dorothy the Lamb,,
Hoochoo,3753,Hoochoo,,
Kaliko,3754,Kaliko,,
Hoochoo,3755,Hoochoo,,
Ruggedo,3756,Roquat of the Rocks,,
Hearer,3756,Hearer,,
Kaliko,3759,Kaliko,,
Kaliko,3765,Kaliko,,
Kaliko,3766,Kaliko,,
Ruggedo,3771,Roquat of the Rocks,,
Kaliko,3776,Kaliko,,
Hoochoo,3778,Hoochoo,,
Nome King,3780,Roquat of the Rocks,,
Kaliko,3782,Kaliko,,
Kaliko,3783,Kaliko,,
Kaliko,3791,Kaliko,,
Hoochoo,3792,Hoochoo,,
Kaliko,3793,Kaliko,,
Ruggedo,3794,Roquat of the Rocks,,
Kaliko,3798,Kaliko,,
Shaggy Man,3802,Shaggy Man,,
Kaliko,3802,Kaliko,,
Nomes,3807,King of the Nomes,,
Ruggedo,3808,Roquat of the Rocks,,
Kaliko,3808,Kaliko,,
Royal Chamberlain,3808,Royal Chamberlain,,
Hearer,3809,Hearer,,
Ruggedo,3810,Roquat of the Rocks,,
Hearer,3810,Hearer,,
Nome King,3811,Roquat of the Rocks,,
Kaliko,3811,Kaliko,,
Chamberlain,3811,Royal Chamberlain,,
Guph,3811,Guph,,
Shaggy,3816,Shaggy Man,,
Quox,3816,Quox,,
Quox,3818,Quox,,
Betsy,3821,Betsy Bobbin,,
Betsy,3824,Betsy Bobbin,,
Files,3828,Jo Files,,
Tik,3829,Tik,,
Tik-Tok,3829,Tik-Tok,,
Shaggy,3830,Shaggy Man,,
Tik-Tok,3831,Tik-Tok,,
Betsy,3832,Betsy Bobbin,,
Shaggy,3835,Shaggy Man,,
Betsy,3838,Betsy Bobbin,,
Shaggy Man,3842,Shaggy Man,,
Tik-Tok,3850,Tik-Tok,,
Shaggy,3851,Shaggy Man,,
Quox,3853,Quox,,
Quox,3855,Quox,,
Betsy,3856,Betsy Bobbin,,
Guph,3858,Guph,,
Guph,3861,Guph,,
Ann,3865,Ann Soforth,,
Guph,3866,Guph,,
Hank,3868,Hank,,
Guph,3870,Guph,,
Ann,3871,Ann Soforth,,
Colonels,3871,Colonels,,
Tik-Tok,3871,Tik-Tok,,
Betsy,3871,Betsy Bobbin,,
Polychrome,3871,Polly the Rainbow,,
Hank,3871,Hank,,
Shaggy,3871,Shaggy Man,,
Ann,3871,Ann Soforth,,
Tik-Tok,3871,Tik-Tok,,
Clockwork Man,3872,Clockwork Man,,
Tik,3873,Tik,,
Tik-Tok,3873,Tik-Tok,,
Shaggy,3876,Shaggy Man,,
Files,3876,Jo Files,,
Quox,3877,Quox,,
Ann,3878,Ann Soforth,,
Ruggedo,3880,Roquat of the Rocks,,
Jinjin,3880,Great Jinjin,,
Quox,3880,Quox,,
Ann,3881,Ann Soforth,,
Nome King,3882,Roquat of the Rocks,,
Ann,3887,Ann Soforth,,
Quox,3889,Quox,,
Ann,3891,Ann Soforth,,
Quox,3891,Quox,,
Love Magnet,3892,Love Magnet,,
Roses,3893,Roses,,
Shaggy,3894,Shaggy Man,,
Ruggedo,3894,Roquat of the Rocks,,
Ann,3895,Ann Soforth,,
Shaggy,3895,Shaggy Man,,
Ann,3896,Ann Soforth,,
Tik,3897,Tik,,
Tik-Tok,3897,Tik-Tok,,
Tik,3899,Tik,,
Tik-Tok,3899,Tik-Tok,,
Colonels,3900,Colonels,,
Tik-Tok,3901,Tik-Tok,,
Ann,3903,Ann Soforth,,
Nome King,3905,Roquat of the Rocks,,
Ruggedo,3907,Roquat of the Rocks,,
Tik,3909,Tik,,
Tik-Tok,3909,Tik-Tok,,
Ann,3910,Ann Soforth,,
Oogaboo,3911,Oogaboo,,
Tik,3912,Tik,,
Tik-Tok,3912,Tik-Tok,,
Ruggedo,3912,Roquat of the Rocks,,
Nome King,3912,Roquat of the Rocks,,
Ann,3912,Ann Soforth,,
Ruggedo,3913,Roquat of the Rocks,,
Tik,3915,Tik,,
Tik-Tok,3915,Tik-Tok,,
Tik-Tok,3917,Tik-Tok,,
Nome King,3917,Roquat of the Rocks,,
Tik,3919,Tik,,
Tik-Tok,3919,Tik-Tok,,
Ruggedo,3920,Roquat of the Rocks,,
Kaliko,3920,Kaliko,,
Guph,3920,Guph,,
Tik,3924,Tik,,
Tik-Tok,3924,Tik-Tok,,
Guph,3926,Guph,,
Tik,3927,Tik,,
Tik-Tok,3927,Tik-Tok,,
Nome King,3928,Roquat of the Rocks,,
Betsy Bobbin,3928,Betsy Bobbin,,
Hank,3928,Hank,,
Ruggedo,3929,Roquat of the Rocks,,
Betsy,3931,Betsy Bobbin,,
Betsy,3941,Betsy Bobbin,,
Hank,3941,Hank,,
Nome King,3944,Roquat of the Rocks,,
Betsy,3948,Betsy Bobbin,,
Guph,3950,Guph,,
Guph,3952,Guph,,
Tik,3952,Tik,,
Tik-Tok,3952,Tik-Tok,,
Kaliko,3952,Kaliko,,
Tik,3952,Tik,,
Tik-Tok,3952,Tik-Tok,,
Guph,3953,Guph,,
Tik,3953,Tik,,
Tik-Tok,3953,Tik-Tok,,
Betsy,3953,Betsy Bobbin,,
Hank,3954,Hank,,
Nome King,3955,Roquat of the Rocks,,
Kaliko,3956,Kaliko,,
Betsy,3956,Betsy Bobbin,,
Kaliko,3957,Kaliko,,
Kaliko,3961,Kaliko,,
Betsy,3962,Betsy Bobbin,,
Kaliko,3963,Kaliko,,
Polychrome,3964,Polly the Rainbow,,
Rose,3964,Rose Princess,,
Betsy,3968,Betsy Bobbin,,
Kaliko,3969,Kaliko,,
Betsy,3970,Betsy Bobbin,,
Kaliko,3970,Kaliko,,
Ann,3971,Ann Soforth,,
Ann,3974,Ann Soforth,,
Ann,3977,Ann Soforth,,
Ann,3985,Ann Soforth,,
Polychrome,3987,Polly the Rainbow,,
Rose,3987,Rose Princess,,
Ruggedo,3987,Roquat of the Rocks,,
Shaggy,3988,Shaggy Man,,
Tik,3988,Tik,,
Tik-Tok,3988,Tik-Tok,,
Rose,3989,Rose Princess,,
Shaggy,3990,Shaggy Man,,
Nome King,3991,Roquat of the Rocks,,
Clockwork,3991,Clockwork Man,,
Polychrome,3992,Polly the Rainbow,,
Ruggedo,3993,Roquat of the Rocks,,
Ozga,3994,Rose Princess,,
Files,3995,Jo Files,,
Ruggedo,3997,Roquat of the Rocks,,
Nome King,3997,Roquat of the Rocks,,
Jinjin,3997,Great Jinjin,,
Shaggy,3998,Shaggy Man,,
Ann,3998,Ann Soforth,,
Ruggedo,3998,Roquat of the Rocks,,
Love Magnet,3998,Love Magnet,,
Long-Eared Hearer,4000,Long-Eared Hearer,,
Ruggedo,4000,Roquat of the Rocks,,
Guph,4001,Guph,,
Hank,4001,Hank,,
Tik-Tok,4001,Tik-Tok,,
Guph,4002,Guph,,
Long-Eared Hearer,4002,Long-Eared Hearer,,
Hearer,4003,Hearer,,
Ruggedo,4003,Roquat of the Rocks,,
Nome King,4003,Roquat of the Rocks,,
Shaggy,4004,Shaggy Man,,
Ruggedo,4005,Roquat of the Rocks,,
Shaggy,4005,Shaggy Man,,
Ruggedo,4006,Roquat of the Rocks,,
Kaliko,4009,Kaliko,,
Shaggy,4011,Shaggy Man,,
Kaliko,4012,Kaliko,,
Oogaboo,4013,Oogaboo,,
Polychrome,4013,Polly the Rainbow,,
Ruggedo,4013,Roquat of the Rocks,,
Betsy,4014,Betsy Bobbin,,
Hank,4014,Hank,,
Ruggedo,4015,Roquat of the Rocks,,
Shaggy,4016,Shaggy Man,,
Betsy,4017,Betsy Bobbin,,
Files,4018,Jo Files,,
Nome King,4018,Roquat of the Rocks,,
Shaggy,4020,Shaggy Man,,
Shaggy,4021,Shaggy Man,,
Files,4023,Jo Files,,
Shaggy,4023,Shaggy Man,,
Polychrome,4024,Polly the Rainbow,,
Shaggy,4024,Shaggy Man,,
Quox,4029,Quox,,
Polychrome,4032,Polly the Rainbow,,
Quox,4032,Quox,,
Rainbow,4035,Rainbow,,
Quox,4038,Quox,,
Polychrome,4039,Polly the Rainbow,,
Ruggedo,4040,Roquat of the Rocks,,
Guph,4041,Guph,,
Kaliko,4041,Kaliko,,
Files,4041,Jo Files,,
Tik-Tok,4042,Tik-Tok,,
Ruggedo,4043,Roquat of the Rocks,,
Love Magnet,4045,Love Magnet,,
Shaggy,4045,Shaggy Man,,
Shaggy,4045,Shaggy Man,,
Ruggedo,4045,Roquat of the Rocks,,
Betsy Bobbin,4046,Betsy Bobbin,,
Kaliko,4046,Kaliko,,
Ann,4046,Ann Soforth,,
Ruggedo,4047,Roquat of the Rocks,,
Files,4047,Jo Files,,
Ozga,4047,Rose Princess,,
Nome King,4049,Roquat of the Rocks,,
Polychrome,4049,Polly the Rainbow,,
Polychrome,4050,Polly the Rainbow,,
Polychrome,4052,Polly the Rainbow,,
Ruggedo,4053,Roquat of the Rocks,,
Polychrome,4056,Polly the Rainbow,,
Kaliko,4059,Kaliko,,
Polychrome,4060,Polly the Rainbow,,
Ruggedo,4062,Roquat of the Rocks,,
Ruggedo,4062,Roquat of the Rocks,,
Polly,4065,Polly the Rainbow,,
Polychrome,4068,Polly the Rainbow,,
Shaggy,4069,Shaggy Man,,
Shaggy,4070,Shaggy Man,,
Polychrome,4071,Polly the Rainbow,,
Ruggedo,4072,Roquat of the Rocks,,
Ruggedo,4075,Roquat of the Rocks,,
Guph,4077,Guph,,
Polychrome,4078,Polly the Rainbow,,
Guph,4078,Guph,,
Rainbow,4078,Rainbow,,
Guph,4079,Guph,,
Ruggedo,4079,Roquat of the Rocks,,
Ruggedo,4080,Roquat of the Rocks,,
Polychrome,4081,Polly the Rainbow,,
Nome King,4082,Roquat of the Rocks,,
Kaliko,4083,Kaliko,,
Kaliko,4084,Kaliko,,
Pang,4086,Pang,,
Ruggedo,4086,Roquat of the Rocks,,
Pang,4088,Pang,,
Ruggedo,4089,Roquat of the Rocks,,
Nome King,4091,Roquat of the Rocks,,
Pang,4094,Pang,,
Kaliko,4097,Kaliko,,
Oogaboo,4097,Oogaboo,,
Kaliko,4098,Kaliko,,
Kaliko,4099,Kaliko,,
Pang,4100,Pang,,
Betsy Bobbin,4100,Betsy Bobbin,,
Hank,4100,Hank,,
Pang,4101,Pang,,
Pang,4105,Pang,,
Ruggedo,4106,Roquat of the Rocks,,
Tik-Tok,4109,Tik-Tok,,
Kaliko,4111,Kaliko,,
Oogaboo,4111,Oogaboo,,
Tik-Tok,4111,Tik-Tok,,
Kaliko,4114,Kaliko,,
Love Magnet,4116,Love Magnet,,
Tik,4116,Tik,,
Tik-Tok,4116,Tik-Tok,,
Ruggedo,4122,Roquat of the Rocks,,
Pang,4122,Pang,,
Rose,4123,Rose Princess,,
Ruggedo,4125,Roquat of the Rocks,,
Ruggedo,4127,Roquat of the Rocks,,
Nome King,4128,Roquat of the Rocks,,
Polychrome,4129,Polly the Rainbow,,
Shaggy Man,4129,Shaggy Man,,
Ruggedo,4129,Roquat of the Rocks,,
Files,4129,Jo Files,,
Tik,4129,Tik,,
Tik-Tok,4129,Tik-Tok,,
Quox,4129,Quox,,
Polychrome,4130,Polly the Rainbow,,
Quox,4133,Quox,,
Polychrome,4134,Polly the Rainbow,,
Polychrome,4136,Polly the Rainbow,,
Ruggedo,4137,Roquat of the Rocks,,
Quox,4138,Quox,,
Quox,4140,Quox,,
Ruggedo,4141,Roquat of the Rocks,,
Quox,4143,Quox,,
Ruggedo,4146,Roquat of the Rocks,,
Rose,4147,Rose Princess,,
Files,4147,Jo Files,,
Quox,4148,Quox,,
Tik-Tok,4149,Tik-Tok,,
Quox,4150,Quox,,
Quox,4152,Quox,,
Ruggedo,4156,Roquat of the Rocks,,
Quox,4157,Quox,,
Hoochoo,4158,Hoochoo,,
Jinjin,4158,Great Jinjin,,
Ruggedo,4161,Roquat of the Rocks,,
Files,4162,Jo Files,,
Nome King,4164,Roquat of the Rocks,,
Hoochoo,4165,Hoochoo,,
Kaliko,4165,Kaliko,,
Ruggedo,4166,Roquat of the Rocks,,
Royal Chamberlain,4166,Royal Chamberlain,,
Nomes,4166,King of the Nomes,,
Quox,4167,Quox,,
Ruggedo,4170,Roquat of the Rocks,,
Hoochoo,4171,Hoochoo,,
Quox,4173,Quox,,
Quox,4174,Quox,,
Jinjin,4176,Great Jinjin,,
Ruggedo,4176,Roquat of the Rocks,,
Nomes,4177,King of the Nomes,,
Hoochoo,4177,Hoochoo,,
Ruggedo,4178,Roquat of the Rocks,,
Nome King,4179,Roquat of the Rocks,,
Ruggedo,4180,Roquat of the Rocks,,
Quox,4181,Quox,,
Guph,4186,Guph,,
Kaliko,4186,Kaliko,,
Pang,4186,Pang,,
Ruggedo,4186,Roquat of the Rocks,,
Ruggedo,4187,Roquat of the Rocks,,
Hoochoo,4188,Hoochoo,,
Ruggedo,4188,Roquat of the Rocks,,
Ruggedo,4192,Roquat of the Rocks,,
Ruggedo,4196,Roquat of the Rocks,,
King,4199,King of the Nomes,,
Jinjin,4200,Great Jinjin,,
Hoochoo,4201,Hoochoo,,
Ruggedo,4202,Roquat of the Rocks,,
Ruggedo,4205,Roquat of the Rocks,,
Jinjin,4212,Great Jinjin,,
Ruggedo,4212,Roquat of the Rocks,,
Kaliko,4214,Kaliko,,
Files,4214,Jo Files,,
Rose Princess,4216,Rose Princess,,
Shaggy,4216,Shaggy Man,,
Quox,4217,Quox,,
Hoochoo,4218,Hoochoo,,
Great Jinjin,4218,Great Jinjin,,
Nome King,4220,Roquat of the Rocks,,
Rose,4220,Rose Princess,,
Shaggy,4222,Shaggy Man,,
Quox,4222,Quox,,
Shaggy Man,4222,Shaggy Man,,
Shaggy,4224,Shaggy Man,,
Tik,4225,Tik,,
Tik-Tok,4225,Tik-Tok,,
Clockwork Man,4225,Clockwork Man,,
Tik,4226,Tik,,
Tik-Tok,4226,Tik-Tok,,
Polychrome,4228,Polly the Rainbow,,
Betsy Bobbin,4229,Betsy Bobbin,,
Hank,4229,Hank,,
Shaggy,4230,Shaggy Man,,
Quox,4231,Quox,,
Files,4232,Jo Files,,
Tik,4236,Tik,,
Tik-Tok,4236,Tik-Tok,,
Kaliko,4237,Kaliko,,
Ruggedo,4237,Roquat of the Rocks,,
Ruggedo,4238,Roquat of the Rocks,,
Shaggy,4239,Shaggy Man,,
Kaliko,4240,Kaliko,,
Hoochoo,4240,Hoochoo,,
Betsy,4242,Betsy Bobbin,,
Kaliko,4243,Kaliko,,
Kaliko,4246,Kaliko,,
Betsy,4246,Betsy Bobbin,,
Kaliko,4248,Kaliko,,
Betsy,4250,Betsy Bobbin,,
Hank,4250,Hank,,
Royal Chamberlain,4250,Royal Chamberlain,,
Ruggedo,4251,Roquat of the Rocks,,
Kaliko,4251,Kaliko,,
Quox,4252,Quox,,
Kaliko,4252,Kaliko,,
Ruggedo,4252,Roquat of the Rocks,,
Chamberlain,4252,Royal Chamberlain,,
Kaliko,4255,Kaliko,,
Ruggedo,4256,Roquat of the Rocks,,
Hoochoo,4257,Hoochoo,,
Quox,4257,Quox,,
Betsy,4258,Betsy Bobbin,,
Kaliko,4259,Kaliko,,
Polychrome,4260,Polly the Rainbow,,
Shaggy,4261,Shaggy Man,,
Kaliko,4263,Kaliko,,
Ruggedo,4264,Roquat of the Rocks,,
Shaggy,4266,Shaggy Man,,
Shaggy,4271,Shaggy Man,,
Betsy,4275,Betsy Bobbin,,
Kaliko,4276,Kaliko,,
Shaggy,4278,Shaggy Man,,
Kaliko,4280,Kaliko,,
Ruggedo,4281,Roquat of the Rocks,,
Shaggy,4283,Shaggy Man,,
Kaliko,4284,Kaliko,,
Ruggedo,4286,Roquat of the Rocks,,
Files,4288,Jo Files,,
Kaliko,4289,Kaliko,,
Ruggedo,4290,Roquat of the Rocks,,
Betsy,4293,Betsy Bobbin,,
Ann,4294,Ann Soforth,,
Shaggy,4297,Shaggy Man,,
Betsy,4299,Betsy Bobbin,,
Shaggy,4300,Shaggy Man,,
Betsy,4302,Betsy Bobbin,,
Shaggy,4302,Shaggy Man,,
Polychrome,4302,Polly the Rainbow,,
Shaggy,4303,Shaggy Man,,
Kaliko,4304,Kaliko,,
Kaliko,4308,Kaliko,,
Ruggedo,4308,Roquat of the Rocks,,
Royal Chamberlain,4310,Royal Chamberlain,,
Guph,4311,Guph,,
Kaliko,4312,Kaliko,,
Ruggedo,4312,Roquat of the Rocks,,
Ruggedo,4312,Roquat of the Rocks,,
Guph,4313,Guph,,
Ruggedo,4314,Roquat of the Rocks,,
Kaliko,4315,Kaliko,,
Guph,4317,Guph,,
Ruggedo,4317,Roquat of the Rocks,,
Kaliko,4318,Kaliko,,
Guph,4318,Guph,,
Royal Chamberlain,4318,Royal Chamberlain,,
Chamberlain,4319,Royal Chamberlain,,
Kaliko,4321,Kaliko,,
Quox,4323,Quox,,
Kaliko,4324,Kaliko,,
Oogaboo,4325,Oogaboo,,
Quox,4328,Quox,,
Betsy,4329,Betsy Bobbin,,
Jinjin,4334,Great Jinjin,,
Ruggedo,4334,Roquat of the Rocks,,
Quox,4335,Quox,,
Polychrome,4338,Polly the Rainbow,,
Rainbow,4338,Rainbow,,
Ruggedo,4339,Roquat of the Rocks,,
King,4340,King of the Nomes,,
Ruggedo,4343,Roquat of the Rocks,,
Ruggedo,4352,Roquat of the Rocks,,
Ruggedo,4355,Roquat of the Rocks,,
Polychrome,4355,Polly the Rainbow,,
Ruggedo,4355,Roquat of the Rocks,,
Kaliko,4356,Kaliko,,
Shaggy,4357,Shaggy Man,,
Ruggedo,4358,Roquat of the Rocks,,
Kaliko,4359,Kaliko,,
Polychrome,4361,Polly the Rainbow,,
Ruggedo,4361,Roquat of the Rocks,,
Forest,4362,Forest,,
Kaliko,4362,Kaliko,,
Betsy,4363,Betsy Bobbin,,
Ruggedo,4364,Roquat of the Rocks,,
Kaliko,4365,Kaliko,,
Jinjin,4366,Great Jinjin,,
Betsy,4369,Betsy Bobbin,,
Shaggy,4378,Shaggy Man,,
Kaliko,4382,Kaliko,,
Betsy,4384,Betsy Bobbin,,
Kaliko,4386,Kaliko,,
Shaggy,4389,Shaggy Man,,
Ruggedo,4396,Roquat of the Rocks,,
Oogaboo,4396,Oogaboo,,
Ann,4397,Ann Soforth,,
Ann,4398,Ann Soforth,,
Ann,4401,Ann Soforth,,
Nome King,4404,Roquat of the Rocks,,
Ruggedo,4407,Roquat of the Rocks,,
Ruggedo,4408,Roquat of the Rocks,,
Betsy,4410,Betsy Bobbin,,
Ann,4412,Ann Soforth,,
Ruggedo,4415,Roquat of the Rocks,,
Files,4415,Jo Files,,
Quox,4416,Quox,,
Kaliko,4416,Kaliko,,
Kaliko,4417,Kaliko,,
Ruggedo,4418,Roquat of the Rocks,,
Kaliko,4419,Kaliko,,
Ruggedo,4420,Roquat of the Rocks,,
Kaliko,4422,Kaliko,,
Ruggedo,4423,Roquat of the Rocks,,
Ruggedo,4425,Roquat of the Rocks,,
Ruggedo,4427,Roquat of the Rocks,,
Betsy,4428,Betsy Bobbin,,
Polychrome,4428,Polly the Rainbow,,
Rose,4428,Rose Princess,,
Ruggedo,4429,Roquat of the Rocks,,
Betsy,4433,Betsy Bobbin,,
Shaggy,4436,Shaggy Man,,
Ann,4437,Ann Soforth,,
Shaggy,4438,Shaggy Man,,
Betsy,4438,Betsy Bobbin,,
Ann,4440,Ann Soforth,,
Shaggy,4444,Shaggy Man,,
Kaliko,4445,Kaliko,,
Betsy,4447,Betsy Bobbin,,
Kaliko,4448,Kaliko,,
Shaggy,4451,Shaggy Man,,
Shaggy,4454,Shaggy Man,,
Shaggy,4458,Shaggy Man,,
Shaggy,4461,Shaggy Man,,
Kaliko,4462,Kaliko,,
Ruggedo,4462,Roquat of the Rocks,,
Shaggy,4464,Shaggy Man,,
Ruggedo,4466,Roquat of the Rocks,,
Shaggy,4467,Shaggy Man,,
Ruggedo,4472,Roquat of the Rocks,,
Shaggy,4475,Shaggy Man,,
Shaggy,4476,Shaggy Man,,
Ruggedo,4476,Roquat of the Rocks,,
Ruggedo,4478,Roquat of the Rocks,,
Shaggy,4480,Shaggy Man,,
Betsy,4490,Betsy Bobbin,,
Shaggy,4492,Shaggy Man,,
Betsy,4494,Betsy Bobbin,,
Shaggy,4495,Shaggy Man,,
Betsy,4503,Betsy Bobbin,,
Ann,4506,Ann Soforth,,
Betsy,4507,Betsy Bobbin,,
Hank,4507,Hank,,
Polychrome,4508,Polly the Rainbow,,
Files,4508,Jo Files,,
Tik,4509,Tik,,
Tik-Tok,4509,Tik-Tok,,
Shaggy,4511,Shaggy Man,,
Betsy,4513,Betsy Bobbin,,
Shaggy,4513,Shaggy Man,,
Betsy,4518,Betsy Bobbin,,
Shaggy,4519,Shaggy Man,,
Shaggy,4520,Shaggy Man,,
Kaliko,4521,Kaliko,,
Betsy,4525,Betsy Bobbin,,
Shaggy,4526,Shaggy Man,,
Kaliko,4526,Kaliko,,
Ruggedo,4528,Roquat of the Rocks,,
Ruggedo,4529,Roquat of the Rocks,,
Ann,4529,Ann Soforth,,
Shaggy,4530,Shaggy Man,,
Shaggy,4532,Shaggy Man,,
Betsy,4534,Betsy Bobbin,,
Betsy,4538,Betsy Bobbin,,
Betsy,4544,Betsy Bobbin,,
Betsy,4553,Betsy Bobbin,,
Betsy,4558,Betsy Bobbin,,
Shaggy,4561,Shaggy Man,,
Ann,4564,Ann Soforth,,
Shaggy,4565,Shaggy Man,,
Kaliko,4567,Kaliko,,
Shaggy,4567,Shaggy Man,,
Shaggy,4570,Shaggy Man,,
Betsy,4571,Betsy Bobbin,,
Hank,4571,Hank,,
Ann,4572,Ann Soforth,,
Kaliko,4572,Kaliko,,
Ann,4572,Ann Soforth,,
Betsy,4574,Betsy Bobbin,,
Kaliko,4576,Kaliko,,
Ruggedo,4580,Roquat of the Rocks,,
Ruggedo,4582,Roquat of the Rocks,,
Betsy,4585,Betsy Bobbin,,
Shaggy,4589,Shaggy Man,,
Kaliko,4589,Kaliko,,
Shaggy,4589,Shaggy Man,,
Ruggedo,4590,Roquat of the Rocks,,
Shaggy,4593,Shaggy Man,,
Ruggedo,4594,Roquat of the Rocks,,
Betsy,4594,Betsy Bobbin,,
Ruggedo,4595,Roquat of the Rocks,,
Hoochoo,4597,Hoochoo,,
Shaggy,4598,Shaggy Man,,
Polychrome,4599,Polly the Rainbow,,
Ruggedo,4599,Roquat of the Rocks,,
Shaggy,4603,Shaggy Man,,
Ruggedo,4606,Roquat of the Rocks,,
Ruggedo,4608,Roquat of the Rocks,,
Betsy,4608,Betsy Bobbin,,
Shaggy,4610,Shaggy Man,,
Ruggedo,4612,Roquat of the Rocks,,
Ruggedo,4613,Roquat of the Rocks,,
Shaggy,4618,Shaggy Man,,
Betsy,4619,Betsy Bobbin,,
Betsy,4625,Betsy Bobbin,,
Shaggy,4625,Shaggy Man,,
Kaliko,4627,Kaliko,,
Ann,4628,Ann Soforth,,
Betsy,4628,Betsy Bobbin,,
Betsy,4630,Betsy Bobbin,,
Betsy,4636,Betsy Bobbin,,
Shaggy,4639,Shaggy Man,,
Betsy,4643,Betsy Bobbin,,
Shaggy,4644,Shaggy Man,,
Ruggedo,4645,Roquat of the Rocks,,
Ruggedo,4646,Roquat of the Rocks,,
Ruggedo,4647,Roquat of the Rocks,,
Rose,4652,Rose Princess,,
Rose,4656,Rose Princess,,
Shaggy,4656,Shaggy Man,,
Ruggedo,4657,Roquat of the Rocks,,
Polly,4660,Polly the Rainbow,,
Betsy,4660,Betsy Bobbin,,
Polychrome,4662,Polly the Rainbow,,
Shaggy Man,4663,Shaggy Man,,
Polychrome,4664,Polly the Rainbow,,
Shaggy,4670,Shaggy Man,,
Shaggy,4672,Shaggy Man,,
Shaggy Man,4673,Shaggy Man,,
Betsy,4674,Betsy Bobbin,,
Kaliko,4675,Kaliko,,
Betsy,4677,Betsy Bobbin,,
Kaliko,4677,Kaliko,,
Kaliko,4679,Kaliko,,
Ruggedo,4680,Roquat of the Rocks,,
Betsy,4682,Betsy Bobbin,,
Shaggy,4683,Shaggy Man,,
Betsy,4683,Betsy Bobbin,,
Ruggedo,4684,Roquat of the Rocks,,
Kaliko,4686,Kaliko,,
Betsy,4686,Betsy Bobbin,,
Ruggedo,4686,Roquat of the Rocks,,
Kaliko,4689,Kaliko,,
Ruggedo,4690,Roquat of the Rocks,,
Kaliko,4695,Kaliko,,
Hoochoo,4695,Hoochoo,,
Ruggedo,4697,Roquat of the Rocks,,
Ruggedo,4700,Roquat of the Rocks,,
Betsy,4701,Betsy Bobbin,,
Shaggy,4701,Shaggy Man,,
Kaliko,4701,Kaliko,,
Polychrome,4702,Polly the Rainbow,,
Rainbow,4703,Rainbow,,
Shaggy,4709,Shaggy Man,,
Betsy,4711,Betsy Bobbin,,
Polychrome,4711,Polly the Rainbow,,
Rainbow,4712,Rainbow,,
Polychrome,4713,Polly the Rainbow,,
Polychrome,4715,Polly the Rainbow,,
Polychrome,4720,Polly the Rainbow,,
Betsy,4720,Betsy Bobbin,,
Shaggy,4721,Shaggy Man,,
Betsy,4723,Betsy Bobbin,,
Hank,4724,Hank,,
Betsy,4727,Betsy Bobbin,,
Shaggy,4729,Shaggy Man,,
Polychrome,4733,Polly the Rainbow,,
Dorothy,4734,Dorothy the Lamb,,
Ann,4734,Ann Soforth,,
Kaliko,4734,Kaliko,,
Oogaboo,4735,Oogaboo,,
Betsy,4736,Betsy Bobbin,,
Ozma,4742,Royal Ozma,,
Shaggy Man,4742,Shaggy Man,,
Tik,4742,Tik,,
Tik-Tok,4742,Tik-Tok,,
Ozma,4743,Royal Ozma,,
Wizard of Oz,4743,Wizard of Oz,,
Ozma,4744,Royal Ozma,,
Ozma,4745,Royal Ozma,,
Wizard,4745,Wizard of Oz,,
Shaggy,4745,Shaggy Man,,
Betsy,4745,Betsy Bobbin,,
Hank,4745,Hank,,
Rose,4745,Rose Princess,,
Ozma,4745,Royal Ozma,,
Ann,4746,Ann Soforth,,
Oogaboo,4746,Oogaboo,,
Ozma,4746,Royal Ozma,,
Oogaboo,4746,Oogaboo,,
Wizard,4747,Wizard of Oz,,
Wizard,4748,Wizard of Oz,,
Ozma,4749,Royal Ozma,,
Wizard,4750,Wizard of Oz,,
Wizard,4751,Wizard of Oz,,
Ozma,4752,Royal Ozma,,
Wizard,4754,Wizard of Oz,,
Oogaboo,4755,Oogaboo,,
Rose,4755,Rose Princess,,
Shaggy,4756,Shaggy Man,,
Ozma,4756,Royal Ozma,,
Ozma,4757,Royal Ozma,,
Shaggy Man,4760,Shaggy Man,,
Ozma,4760,Royal Ozma,,
Shaggy,4763,Shaggy Man,,
Ruggedo,4765,Roquat of the Rocks,,
Tik-Tok,4766,Tik-Tok,,
Ozma,4767,Royal Ozma,,
Shaggy,4768,Shaggy Man,,
Betsy Bobbin,4769,Betsy Bobbin,,
Hank,4769,Hank,,
Betsy,4770,Betsy Bobbin,,
Ozma,4771,Royal Ozma,,
of Oz,4772,of Oz,,
Wizard of Oz,4772,Wizard of Oz,,
Ozma,4772,Royal Ozma,,
Nome King,4773,Roquat of the Rocks,,
Shaggy,4773,Shaggy Man,,
Betsy,4773,Betsy Bobbin,,
Ann,4776,Ann Soforth,,
Polychrome,4776,Polly the Rainbow,,
Tik,4776,Tik,,
Tik-Tok,4776,Tik-Tok,,
Shaggy,4776,Shaggy Man,,
Shaggy,4777,Shaggy Man,,
Betsy,4779,Betsy Bobbin,,
Shaggy,4784,Shaggy Man,,
Kaliko,4784,Kaliko,,
Betsy,4786,Betsy Bobbin,,
Hank,4786,Hank,,
Shaggy,4786,Shaggy Man,,
Ozma,4787,Royal Ozma,,
Wizard,4787,Wizard of Oz,,
Tik,4787,Tik,,
Tik-Tok,4787,Tik-Tok,,
Wizard,4787,Wizard of Oz,,
Ozma,4787,Royal Ozma,,
Tik-Tok,4788,Tik-Tok,,
Betsy Bobbin,4788,Betsy Bobbin,,
Dor,4788,Dor,,
Dorothy,4789,Dorothy the Lamb,,
Ozma,4789,Royal Ozma,,
Jellia Jamb,4789,Jellia Jamb,,
Dorothy,4789,Dorothy the Lamb,,
Dorothy,4790,Dorothy the Lamb,,
Ozma,4790,Royal Ozma,,
Wizard,4790,Wizard of Oz,,
Tik,4790,Tik,,
Tik-Tok,4790,Tik-Tok,,
Ozma,4791,Royal Ozma,,
Dorothy,4794,Dorothy the Lamb,,
Ozma,4795,Royal Ozma,,
Dorothy,4798,Dorothy the Lamb,,
Wizard,4798,Wizard of Oz,,
Tik-Tok,4798,Tik-Tok,,
Shaggy,4800,Shaggy Man,,
Shaggy,4800,Shaggy Man,,
Dorothy,4801,Dorothy the Lamb,,
Nome King,4803,Roquat of the Rocks,,
Ruggedo,4803,Roquat of the Rocks,,
Dorothy,4804,Dorothy the Lamb,,
Betsy Bobbin,4805,Betsy Bobbin,,
Dorothy,4808,Dorothy the Lamb,,
Hank,4809,Hank,,
Hank,4810,Hank,,
Ozma,4811,Royal Ozma,,
Dorothy,4812,Dorothy the Lamb,,
Betsy,4812,Betsy Bobbin,,
Hank,4812,Hank,,
Shaggy,4812,Shaggy Man,,
Tik,4814,Tik,,
Tik-Tok,4814,Tik-Tok,,
Wizard,4816,Wizard of Oz,,
Shaggy,4817,Shaggy Man,,
Ozma,4818,Royal Ozma,,
Dorothy,4821,Dorothy the Lamb,,
Wizard,4822,Wizard of Oz,,
Dorothy,4823,Dorothy the Lamb,,
Betsy,4823,Betsy Bobbin,,
Hank,4823,Hank,,
Hank,4825,Hank,,
Ozma,4826,Royal Ozma,,
Dorothy,4826,Dorothy the Lamb,,
Dorothy,4829,Dorothy the Lamb,,
Ozma,4830,Royal Ozma,,
Betsy,4834,Betsy Bobbin,,
Hank,4835,Hank,,
Sawhorse,4835,Sawhorse,,
Betsy,4837,Betsy Bobbin,,
Hank,4837,Hank,,
Oz,4837,of Oz,,
Shaggy,4837,Shaggy Man,,
Shaggy,4838,Shaggy Man,,
Shaggy,4838,Shaggy Man,,
Wizard,4838,Wizard of Oz,,
Tik,4839,Tik,,
Tik-Tok,4839,Tik-Tok,,
Ozma,4840,Royal Ozma,,
Shaggy Man,4841,Shaggy Man,,
Dorothy,4842,Dorothy the Lamb,,
Shaggy,4843,Shaggy Man,,
Ozma,4843,Royal Ozma,,
Ozma,4844,Royal Ozma,,
Wizard,4845,Wizard of Oz,,
Ozma,4848,Royal Ozma,,
Glinda,4851,Glinda the Sorceress,,
Good,4851,Good,,
Ozma,4852,Royal Ozma,,
Dorothy,4852,Dorothy the Lamb,,
Wizard,4853,Wizard of Oz,,
Dorothy,4855,Dorothy the Lamb,,
Wizard,4858,Wizard of Oz,,
Jellia Jamb,4859,Jellia Jamb,,
Ozma,4860,Royal Ozma,,
Shaggy,4861,Shaggy Man,,
Jellia,4862,Jellia Jamb,,
Ozma,4863,Royal Ozma,,
Dorothy,4866,Dorothy the Lamb,,
Betsy,4866,Betsy Bobbin,,
Betsy Bobbin,4867,Betsy Bobbin,,
Sawhorse,4868,Sawhorse,,
Hank,4868,Hank,,
Sawhorse,4870,Sawhorse,,
Hank,4870,Hank,,
Sawhorse,4871,Sawhorse,,
Ozma,4871,Royal Ozma,,
Hank,4871,Hank,,
Sawhorse,4871,Sawhorse,,
Cowardly Lion,4872,Cowardly Lion,,
Hank,4872,Hank,,
Hungry Tiger,4872,Hungry Tiger,,
Sawhorse,4873,Sawhorse,,
Hank,4873,Hank,,
Hank,4873,Hank,,
Lion,4875,Cowardly Lion,,
Hank,4878,Hank,,
Betsy,4880,Betsy Bobbin,,
Sawhorse,4881,Sawhorse,,
Hank,4883,Hank,,
Tiger,4885,Hungry Tiger,,
Hank,4886,Hank,,
Tiger,4887,Hungry Tiger,,
Sawhorse,4888,Sawhorse,,
Hank,4890,Hank,,
Sawhorse,4890,Sawhorse,,
Ozma of Oz,4890,Royal Ozma,,
Betsy,4891,Betsy Bobbin,,
Hank,4891,Hank,,
Betsy,4892,Betsy Bobbin,,
Sawhorse,4894,Sawhorse,,
Tiger,4895,Hungry Tiger,,
Hank,4897,Hank,,
Dorothy,4898,Dorothy the Lamb,,
Tiger,4900,Hungry Tiger,,
Sawhorse,4902,Sawhorse,,
Ozma,4903,Royal Ozma,,
Hank,4904,Hank,,
Betsy Bobbin,4905,Betsy Bobbin,,
Hank,4907,Hank,,
Ozma,4908,Royal Ozma,,
Dorothy,4908,Dorothy the Lamb,,
Betsy,4908,Betsy Bobbin,,
Ozma,4909,Royal Ozma,,
Betsy Bobbin,4910,Betsy Bobbin,,
Oz,4911,of Oz,,
Ozma,4916,Royal Ozma,,
Dorothy,4917,Dorothy the Lamb,,
Sawhorse,4918,Sawhorse,,
Hank,4919,Hank,,
Sawhorse,4923,Sawhorse,,
Hank,4924,Hank,,
Hank,4926,Hank,,
Lion,4927,Cowardly Lion,,
Cowardly Lion,4927,Cowardly Lion,,
Hank,4929,Hank,,
Ozma,4930,Royal Ozma,,
Betsy,4932,Betsy Bobbin,,
Dorothy,4932,Dorothy the Lamb,,
Pink Kitten,4933,Eureka the Pink Kitten,,
Toto,4933,Toto,,
Oz,4933,of Oz,,
Ozma,4933,Royal Ozma,,
Dorothy,4934,Dorothy the Lamb,,
Hank,4935,Hank,,
Toto,4935,Toto,,
Ozma,4935,Royal Ozma,,
Billina,4936,Billina,,
Toto,4937,Toto,,
Dorothy,4938,Dorothy the Lamb,,
Toto,4939,Toto,,
Dorothy,4942,Dorothy the Lamb,,
Toto,4942,Toto,,
Toto,4943,Toto,,
Betsy,4945,Betsy Bobbin,,
Dorothy,4945,Dorothy the Lamb,,
Ozma,4945,Royal Ozma,,
Toto,4945,Toto,,
Dorothy,4946,Dorothy the Lamb,,
Toto,4947,Toto,,
Toto,4948,Toto,,
Dorothy,4949,Dorothy the Lamb,,
Betsy,4949,Betsy Bobbin,,
Dorothy,4951,Dorothy the Lamb,,
Toto,4952,Toto,,
Toto,4955,Toto,,
Toto,4955,Toto,,
Toto,4955,Toto,,
Toto,4956,Toto,,
Dorothy,4961,Dorothy the Lamb,,
Betsy,4961,Betsy Bobbin,,
Ozma,4961,Royal Ozma,,
Shaggy Man,4963,Shaggy Man,,
Ozma,4966,Royal Ozma,,
Shaggy,4967,Shaggy Man,,
Shaggy,4969,Shaggy Man,,
Ozma,4969,Royal Ozma,,
Shaggy,4971,Shaggy Man,,
Ozma,4974,Royal Ozma,,
Betsy,4975,Betsy Bobbin,,
Shaggy,4975,Shaggy Man,,
Dorothy,4976,Dorothy the Lamb,,
Dorothy,4978,Dorothy the Lamb,,
Betsy,4980,Betsy Bobbin,,
Ozma,4981,Royal Ozma,,
Betsy,4982,Betsy Bobbin,,
Betsy,4983,Betsy Bobbin,,